request;0;1653379.520123
request;1;1653379.521558
result;0;-1;0.0018808841705322266;0.0007920265197753906;0.0003170967102050781;0.004369974136352539;0.006306171417236328;1653379.563403
request;2;1653379.570971
request;3;1653379.572265
request;4;1653379.572618
result;1;-1;0.0017650127410888672;0.0007448196411132812;0.00014495849609375;0.003968954086303711;0.0054361820220947266;1653379.602377
request;5;1653379.610244
request;6;1653379.611411
result;2;-1;0.002390146255493164;0.0014078617095947266;0.00019311904907226562;0.006482124328613281;0.008735179901123047;1653379.654732
request;7;1653379.655689
request;8;1653379.656861
result;3;-1;0.004129886627197266;0.0008749961853027344;0.0001780986785888672;0.008086919784545898;0.010680913925170898;1653379.657318
result;4;-1;0.006738185882568359;0.0004029273986816406;0.00020599365234375;0.009134054183959961;0.012794971466064453;1653379.658916
request;9;1653379.701392
request;10;1653379.701776
request;11;1653379.702141
result;5;-1;0.002178192138671875;0.0013489723205566406;0.0001850128173828125;0.005944013595581055;0.008210897445678711;1653379.702547
result;6;-1;0.004242897033691406;0.0004611015319824219;0.0001919269561767578;0.006649971008300781;0.009078025817871094;1653379.702853
request;12;1653379.745710
request;13;1653379.747187
result;7;-1;0.0016829967498779297;0.00011491775512695312;0.00015211105346679688;0.003610849380493164;0.005584001541137695;1653379.750794
result;8;-1;0.0038979053497314453;0.00012612342834472656;0.00015091896057128906;0.005672931671142578;0.007914066314697266;1653379.753533
request;14;1653379.791333
request;15;1653379.792748
result;9;-1;0.0019271373748779297;0.0010960102081298828;0.0001499652862548828;0.005084037780761719;0.006901979446411133;1653379.793289
result;11;-1;0.004373073577880859;0.000125885009765625;0.00015211105346679688;0.006470918655395508;0.010636091232299805;1653379.797038
result;10;-1;0.0032510757446289062;0.002652883529663086;9.298324584960938e-05;0.008379936218261719;0.010842084884643555;1653379.798026
result;12;-1;0.0017080307006835938;0.00023794174194335938;0.0001571178436279297;0.0036001205444335938;0.005666971206665039;1653379.832275
result;13;-1;0.003896951675415039;0.0007090568542480469;0.000164031982421875;0.006175041198730469;0.008296966552734375;1653379.833358
request;16;1653379.835720
request;17;1653379.837189
request;18;1653379.881084
request;19;1653379.881552
request;20;1653379.881858
result;14;-1;0.0016851425170898438;0.00023508071899414062;0.00020885467529296875;0.0036051273345947266;0.0053141117095947266;1653379.883212
result;15;-1;0.0038139820098876953;0.00012302398681640625;0.00016689300537109375;0.005682945251464844;0.008001089096069336;1653379.886056
request;21;1653379.926312
request;22;1653379.927633
result;16;-1;0.0017209053039550781;0.0010521411895751953;0.000164031982421875;0.00477290153503418;0.006716012954711914;1653379.931864
result;17;-1;0.0030279159545898438;0.0008630752563476562;0.00016999244689941406;0.005556821823120117;0.0074939727783203125;1653379.933769
request;23;1653379.970843
request;24;1653379.972312
result;18;-1;0.0020809173583984375;0.001096963882446289;0.0001881122589111328;0.005532979965209961;0.008020162582397461;1653379.990907
result;19;-1;0.0034651756286621094;0.0007619857788085938;0.00017786026000976562;0.008079051971435547;0.011035919189453125;1653379.992206
result;20;-1;0.00636601448059082;0.00012087821960449219;0.00017714500427246094;0.009063959121704102;0.011876821517944336;1653379.993413
request;25;1653380.015251
request;26;1653380.016781
request;27;1653380.017229
result;21;-1;0.0020208358764648438;0.00014710426330566406;0.0001990795135498047;0.004106998443603516;0.006226062774658203;1653380.037741
result;23;-1;0.004703998565673828;0.00011014938354492188;0.00017595291137695312;0.006999015808105469;0.010334968566894531;1653380.043386
result;22;-1;0.00448298454284668;0.0020439624786376953;0.00011801719665527344;0.009603023529052734;0.011989116668701172;1653380.044180
result;24;-1;0.007299900054931641;0.00014090538024902344;0.0002961158752441406;0.009305000305175781;0.013297080993652344;1653380.048431
request;28;1653380.060780
request;29;1653380.062005
result;25;-1;0.0018329620361328125;0.00012993812561035156;0.00018095970153808594;0.0036818981170654297;0.00541996955871582;1653380.086941
result;26;-1;0.0040209293365478516;0.00012111663818359375;0.00016999244689941406;0.005877971649169922;0.008111953735351562;1653380.090502
result;27;-1;0.0056231021881103516;0.00012087821960449219;0.00017118453979492188;0.0074310302734375;0.010823965072631836;1653380.095650
request;30;1653380.105836
request;31;1653380.107184
result;28;-1;0.0017580986022949219;0.0010678768157958984;0.00016498565673828125;0.004824161529541016;0.0065839290618896484;1653380.136374
result;29;-1;0.003070831298828125;0.0008630752563476562;0.00017905235290527344;0.005604982376098633;0.007576942443847656;1653380.136818
request;32;1653380.149507
request;33;1653380.150734
result;30;-1;0.0018270015716552734;0.001135110855102539;0.0001678466796875;0.004956960678100586;0.007070064544677734;1653380.179278
result;31;-1;0.0027229785919189453;0.0008671283721923828;0.00017499923706054688;0.005258083343505859;0.008373022079467773;1653380.183477
request;34;1653380.195796
request;35;1653380.197083
request;36;1653380.197441
result;32;-1;0.0018579959869384766;0.0001049041748046875;0.00016808509826660156;0.0036308765411376953;0.005372047424316406;1653380.230521
result;33;-1;0.003506898880004883;0.0007159709930419922;0.00015997886657714844;0.005848884582519531;0.008668899536132812;1653380.231491
result;34;-1;0.002257823944091797;0.00015616416931152344;0.00021791458129882812;0.004236936569213867;0.0067670345306396484;1653380.270847
result;35;-1;0.0039010047912597656;0.00012493133544921875;0.00018715858459472656;0.00631403923034668;0.009894847869873047;1653380.274500
result;36;-1;0.0075359344482421875;0.00014400482177734375;0.0002090930938720703;0.010110139846801758;0.01455998420715332;1653380.279234
request;37;1653380.286044
request;38;1653380.287408
request;39;1653380.331017
request;40;1653380.332511
result;37;-1;0.0019040107727050781;0.0001289844512939453;0.0002040863037109375;0.004158973693847656;0.0065670013427734375;1653380.340689
request;41;1653380.376258
request;42;1653380.377740
request;43;1653380.378172
result;38;-1;0.0021309852600097656;0.00026297569274902344;0.00017786026000976562;0.005736827850341797;0.010846853256225586;1653380.391678
result;39;-1;0.003690958023071289;0.0001380443572998047;0.00017499923706054688;0.006376981735229492;0.01194906234741211;1653380.392629
request;44;1653380.420437
request;45;1653380.421795
result;40;-1;0.00189208984375;0.0003199577331542969;0.00019788742065429688;0.0038900375366210938;0.0059239864349365234;1653380.450951
result;41;-1;0.003551006317138672;0.00013399124145507812;0.0001881122589111328;0.0057010650634765625;0.009180068969726562;1653380.454752
result;42;-1;0.005791187286376953;0.00013589859008789062;0.00019097328186035156;0.0077211856842041016;0.01214289665222168;1653380.460179
result;43;-1;0.00849604606628418;0.00013494491577148438;0.00018596649169921875;0.010544061660766602;0.014383077621459961;1653380.461423
request;46;1653380.465993
request;47;1653380.467304
request;48;1653380.510822
request;49;1653380.512394
request;50;1653380.512764
result;44;-1;0.0019159317016601562;0.00017595291137695312;0.0001881122589111328;0.0040819644927978516;0.0066950321197509766;1653380.515768
result;45;-1;0.004303932189941406;0.00014209747314453125;0.00018787384033203125;0.006422996520996094;0.009567975997924805;1653380.519487
request;51;1653380.555969
request;52;1653380.557360
result;46;-1;0.0017910003662109375;0.001068115234375;0.0001678466796875;0.004783153533935547;0.006865024566650391;1653380.560922
result;47;-1;0.003031015396118164;0.0008769035339355469;0.0001811981201171875;0.005532979965209961;0.0077669620513916016;1653380.562500
request;53;1653380.600752
request;54;1653380.602211
result;48;-1;0.0018110275268554688;0.0002918243408203125;0.0001850128173828125;0.003840923309326172;0.005995035171508789;1653380.609708
result;49;-1;0.003384828567504883;0.00011897087097167969;0.00017118453979492188;0.005249977111816406;0.008651971817016602;1653380.613787
result;50;-1;0.005342006683349609;0.0001308917999267578;0.00018405914306640625;0.007158994674682617;0.011069059371948242;1653380.614640
request;55;1653380.645512
request;56;1653380.646879
result;51;-1;0.001978158950805664;0.0001289844512939453;0.0001900196075439453;0.003991127014160156;0.006490945816040039;1653380.651187
result;52;-1;0.0042231082916259766;0.00014209747314453125;0.00019288063049316406;0.006333112716674805;0.009368896484375;1653380.655949
result;53;-1;0.0069768428802490234;0.0007750988006591797;0.0001900196075439453;0.009411811828613281;0.012945175170898438;1653380.656949
request;57;1653380.690583
request;58;1653380.692684
request;59;1653380.693049
result;54;-1;0.0019381046295166016;0.00025582313537597656;0.0001800060272216797;0.0038449764251708984;0.005775928497314453;1653380.695958
request;60;1653380.735653
request;61;1653380.737094
result;55;-1;0.001967191696166992;0.0011959075927734375;0.00018405914306640625;0.005379199981689453;0.0076029300689697266;1653380.748592
result;56;-1;0.003721952438354492;0.0005130767822265625;0.00019693374633789062;0.006145000457763672;0.008572816848754883;1653380.749442
request;62;1653380.780836
request;63;1653380.782171
result;58;-1;0.002031087875366211;0.00013208389282226562;0.00019288063049316406;0.004466056823730469;0.008513927459716797;1653380.795833
result;57;-1;0.0020589828491210938;0.0024628639221191406;0.00012111663818359375;0.007871866226196289;0.01028299331665039;1653380.796721
result;59;-1;0.004826784133911133;0.0001361370086669922;0.00020503997802734375;0.007025957107543945;0.011552810668945312;1653380.797602
result;60;-1;0.007621049880981445;0.00014090538024902344;0.0001850128173828125;0.009676933288574219;0.014647960662841797;1653380.801101
result;61;-1;0.010367155075073242;0.0001518726348876953;0.00018715858459472656;0.012331008911132812;0.017230987548828125;1653380.802150
request;64;1653380.825340
request;65;1653380.826669
request;66;1653380.827097
result;62;-1;0.001968860626220703;0.0011839866638183594;0.0001850128173828125;0.005470991134643555;0.007673978805541992;1653380.848594
result;63;-1;0.003390073776245117;0.0008289813995361328;0.0001881122589111328;0.006278038024902344;0.008847951889038086;1653380.848922
request;67;1653380.871330
request;68;1653380.872760
result;64;-1;0.0018329620361328125;0.0012981891632080078;0.00017595291137695312;0.005089998245239258;0.007424116134643555;1653380.895021
result;65;-1;0.002911090850830078;0.0013239383697509766;0.0001990795135498047;0.006556034088134766;0.009850025177001953;1653380.899122
result;66;-1;0.004553079605102539;0.0008070468902587891;0.0001800060272216797;0.00710606575012207;0.010528087615966797;1653380.899904
request;69;1653380.915721
request;70;1653380.917161
result;67;-1;0.001873016357421875;0.00011897087097167969;0.00017404556274414062;0.0037169456481933594;0.005950927734375;1653380.931737
result;68;-1;0.0033969879150390625;0.00012612342834472656;0.00017499923706054688;0.0052928924560546875;0.008271932601928711;1653380.932738
request;71;1653380.960704
request;72;1653380.961947
result;69;-1;0.0018320083618164062;0.00011110305786132812;0.0001800060272216797;0.003693103790283203;0.007397890090942383;1653380.971579
result;70;-1;0.0039670467376708984;0.0007460117340087891;0.0001709461212158203;0.00642085075378418;0.01020503044128418;1653380.975055
request;73;1653381.006574
request;74;1653381.007886
request;75;1653381.008449
result;71;-1;0.0017249584197998047;0.0002799034118652344;0.00017213821411132812;0.0036318302154541016;0.0057828426361083984;1653381.023888
result;72;-1;0.0037589073181152344;0.0001270771026611328;0.0001800060272216797;0.005647897720336914;0.008352041244506836;1653381.024951
result;74;-1;0.002295970916748047;0.00011801719665527344;0.00018906593322753906;0.0046689510345458984;0.008076190948486328;1653381.071967
result;73;-1;0.0020411014556884766;0.0022869110107421875;0.00012493133544921875;0.007740974426269531;0.009795904159545898;1653381.075300
result;75;-1;0.0050389766693115234;0.0003211498260498047;0.00020194053649902344;0.007172107696533203;0.010885953903198242;1653381.076149
request;76;1653381.095524
request;77;1653381.097044
request;78;1653381.098419
request;79;1653381.098761
result;76;-1;0.001878976821899414;0.0007870197296142578;0.00017905235290527344;0.004361867904663086;0.006582021713256836;1653381.136541
request;80;1653381.141149
request;81;1653381.142642
request;82;1653381.143066
request;83;1653381.185255
request;84;1653381.186510
result;77;-1;0.001981973648071289;0.0003209114074707031;0.00020503997802734375;0.004208803176879883;0.00607609748840332;1653381.190795
result;78;-1;0.0036699771881103516;0.0011630058288574219;0.0001862049102783203;0.007089138031005859;0.010854005813598633;1653381.191654
result;79;-1;0.005373954772949219;0.00043702125549316406;0.00019693374633789062;0.007858037948608398;0.012161016464233398;1653381.192684
request;85;1653381.231144
request;86;1653381.232789
result;80;-1;0.001947164535522461;0.0010879039764404297;0.00022912025451660156;0.005278110504150391;0.007996082305908203;1653381.243141
result;81;-1;0.003690004348754883;0.0005180835723876953;0.00019693374633789062;0.006217002868652344;0.009530067443847656;1653381.244155
result;82;-1;0.006704092025756836;0.0006558895111083984;0.00019407272338867188;0.009073019027709961;0.011842012405395508;1653381.247532
request;87;1653381.275577
request;88;1653381.277047
result;83;-1;0.002177000045776367;0.00015497207641601562;0.00019598007202148438;0.005856990814208984;0.00801992416381836;1653381.293698
result;84;-1;0.002872943878173828;0.0001480579376220703;0.00023508071899414062;0.006981849670410156;0.010768890380859375;1653381.298362
result;85;-1;0.0037200450897216797;0.00011301040649414062;0.00017309188842773438;0.008487224578857422;0.013775825500488281;1653381.299242
result;86;-1;0.006811857223510742;0.00011706352233886719;0.00017499923706054688;0.009382009506225586;0.01503300666809082;1653381.300145
request;89;1653381.320804
request;90;1653381.322262
request;91;1653381.322710
result;87;-1;0.0018799304962158203;0.00011610984802246094;0.0001838207244873047;0.003805875778198242;0.005658864974975586;1653381.339565
result;88;-1;0.0033330917358398438;0.0001800060272216797;0.0001919269561767578;0.007920980453491211;0.010663032531738281;1653381.346188
request;92;1653381.365862
request;93;1653381.367079
result;89;-1;0.0019919872283935547;0.0011398792266845703;0.00018310546875;0.005280971527099609;0.007894039154052734;1653381.381613
result;91;-1;0.00428009033203125;0.00013589859008789062;0.00018286705017089844;0.006537914276123047;0.010416984558105469;1653381.382668
result;90;-1;0.003425121307373047;0.002660036087036133;0.00011086463928222656;0.008738040924072266;0.011687994003295898;1653381.383572
request;94;1653381.410785
request;95;1653381.412257
result;92;-1;0.0018658638000488281;0.0011250972747802734;0.00017595291137695312;0.0051119327545166016;0.006930112838745117;1653381.430554
result;93;-1;0.0027608871459960938;0.0008680820465087891;0.00017595291137695312;0.005448818206787109;0.008121013641357422;1653381.434035
request;96;1653381.455778
request;97;1653381.457135
result;94;-1;0.001886129379272461;0.0011320114135742188;0.00017976760864257812;0.005132913589477539;0.006910085678100586;1653381.474613
result;95;-1;0.002755880355834961;0.0008699893951416016;0.00018405914306640625;0.005357980728149414;0.00811910629272461;1653381.475452
request;98;1653381.501278
request;99;1653381.502566
request;100;1653381.502983
result;96;-1;0.0018529891967773438;0.00011515617370605469;0.0001838207244873047;0.003751039505004883;0.005630016326904297;1653381.527566
result;97;-1;0.003259897232055664;0.00013303756713867188;0.00022411346435546875;0.005259990692138672;0.008270025253295898;1653381.531721
request;101;1653381.545660
request;102;1653381.546943
request;103;1653381.590624
request;104;1653381.590975
result;98;-1;0.0020601749420166016;0.00014281272888183594;0.00021719932556152344;0.004275083541870117;0.006562948226928711;1653381.591312
result;99;-1;0.0036690235137939453;0.0001430511474609375;0.0002009868621826172;0.0058629512786865234;0.00947880744934082;1653381.591560
result;100;-1;0.005881071090698242;0.0008130073547363281;0.000247955322265625;0.008553028106689453;0.012441873550415039;1653381.592682
request;105;1653381.635430
request;106;1653381.635886
request;107;1653381.636272
result;101;-1;0.001984834671020508;0.0001251697540283203;0.00020194053649902344;0.0043239593505859375;0.006537914276123047;1653381.636632
result;102;-1;0.003591775894165039;0.00015401840209960938;0.0002560615539550781;0.005661964416503906;0.008846044540405273;1653381.636934
request;108;1653381.680856
request;109;1653381.681365
result;103;-1;0.00189208984375;0.00012087821960449219;0.0001900196075439453;0.0037441253662109375;0.0059168338775634766;1653381.682997
result;104;-1;0.0034859180450439453;0.0001201629638671875;0.00017905235290527344;0.00545811653137207;0.008450984954833984;1653381.687052
request;110;1653381.726210
request;111;1653381.727527
result;105;-1;0.0019290447235107422;0.0001239776611328125;0.0001881122589111328;0.0038709640502929688;0.006019115447998047;1653381.731590
result;106;-1;0.003358125686645508;0.00011897087097167969;0.0002238750457763672;0.005295991897583008;0.00871586799621582;1653381.733598
result;107;-1;0.0052721500396728516;0.00013494491577148438;0.00019097328186035156;0.007316112518310547;0.010992050170898438;1653381.747168
request;112;1653381.769724
request;113;1653381.771109
result;108;-1;0.0019960403442382812;0.0001289844512939453;0.00019598007202148438;0.0040378570556640625;0.0068950653076171875;1653381.786108
result;109;-1;0.004369020462036133;0.0001621246337890625;0.00019788742065429688;0.00649714469909668;0.008980989456176758;1653381.786847
request;114;1653381.815813
request;115;1653381.817214
request;116;1653381.817656
result;110;-1;0.002174854278564453;0.0014469623565673828;0.00020599365234375;0.005895853042602539;0.008131980895996094;1653381.843225
result;111;-1;0.002805948257446289;0.0009770393371582031;0.00020599365234375;0.005666017532348633;0.009457111358642578;1653381.844185
result;112;-1;0.005579948425292969;0.00018215179443359375;0.0002028942108154297;0.007884025573730469;0.012326955795288086;1653381.847335
result;113;-1;0.008410930633544922;0.00015091896057128906;0.00018906593322753906;0.010606765747070312;0.014667987823486328;1653381.848512
request;117;1653381.860675
request;118;1653381.861895
result;114;-1;0.0019040107727050781;0.0002961158752441406;0.0001938343048095703;0.003834962844848633;0.005574941635131836;1653381.879334
result;115;-1;0.003408193588256836;0.0011508464813232422;0.00016999244689941406;0.006194114685058594;0.009469032287597656;1653381.883799
result;116;-1;0.005244016647338867;0.0002970695495605469;0.00018596649169921875;0.007172107696533203;0.010489940643310547;1653381.884766
result;117;-1;0.0018839836120605469;0.0011320114135742188;0.0001690387725830078;0.0050199031829833984;0.007380962371826172;1653381.922682
result;118;-1;0.0030548572540283203;0.0005090236663818359;0.00017905235290527344;0.005205869674682617;0.007608890533447266;1653381.923310
request;119;1653381.950790
request;120;1653381.952197
request;121;1653381.953084
request;122;1653381.953424
request;123;1653381.953657
request;124;1653381.995415
request;125;1653381.997421
result;119;-1;0.0018661022186279297;0.000762939453125;0.00017595291137695312;0.004174947738647461;0.0059969425201416016;1653381.997960
request;126;1653382.040692
request;127;1653382.041080
result;120;-1;0.0019009113311767578;0.0012929439544677734;0.00018596649169921875;0.0053670406341552734;0.0076138973236083984;1653382.042817
result;122;-1;0.003944873809814453;0.00012612342834472656;0.00018095970153808594;0.006176948547363281;0.010314226150512695;1653382.046029
result;121;-1;0.0024940967559814453;0.0026869773864746094;0.00011086463928222656;0.008175134658813477;0.01167607307434082;1653382.047762
result;123;-1;0.006983041763305664;0.00012803077697753906;0.0001888275146484375;0.008925914764404297;0.013171911239624023;1653382.048679
request;128;1653382.085878
request;129;1653382.087116
result;124;-1;0.0019409656524658203;0.0011181831359863281;0.0001678466796875;0.0051310062408447266;0.0068399906158447266;1653382.091421
result;125;-1;0.0026879310607910156;0.0008671283721923828;0.00017595291137695312;0.005321979522705078;0.007941007614135742;1653382.093296
request;130;1653382.138031
request;131;1653382.138987
request;132;1653382.139249
result;126;-1;0.0018908977508544922;0.001149892807006836;0.00017404556274414062;0.005083799362182617;0.007256984710693359;1653382.146133
result;127;-1;0.002732992172241211;0.00086212158203125;0.00018286705017089844;0.005338191986083984;0.008441925048828125;1653382.148905
request;133;1653382.174968
request;134;1653382.176387
result;128;-1;0.0020890235900878906;0.0001289844512939453;0.00019502639770507812;0.004157066345214844;0.006742000579833984;1653382.180891
result;129;-1;0.003907203674316406;0.0006718635559082031;0.00018405914306640625;0.006267070770263672;0.009541034698486328;1653382.182659
request;135;1653382.220318
request;136;1653382.220676
result;130;-1;0.0020589828491210938;0.00014400482177734375;0.0002040863037109375;0.004157066345214844;0.006142139434814453;1653382.223197
result;131;-1;0.0035419464111328125;0.00013709068298339844;0.00019288063049316406;0.005672931671142578;0.008983135223388672;1653382.226288
result;132;-1;0.0057828426361083984;0.0006799697875976562;0.00018715858459472656;0.008175849914550781;0.011864185333251953;1653382.227046
result;134;-1;0.0035920143127441406;0.0002961158752441406;0.00018095970153808594;0.006597042083740234;0.010293006896972656;1653382.255697
result;133;-1;0.0025908946990966797;0.0027091503143310547;0.0001239776611328125;0.00814509391784668;0.010816097259521484;1653382.256667
request;137;1653382.265672
request;138;1653382.266945
result;135;-1;0.0020949840545654297;0.0011131763458251953;0.0001709461212158203;0.005023002624511719;0.00781393051147461;1653382.291888
result;136;-1;0.004514932632446289;0.0006880760192871094;0.00017595291137695312;0.0066928863525390625;0.009752035140991211;1653382.294981
request;139;1653382.310864
request;140;1653382.312468
request;141;1653382.312897
result;137;-1;0.0018110275268554688;0.0010569095611572266;0.00016188621520996094;0.004727840423583984;0.006880044937133789;1653382.341034
result;138;-1;0.0027418136596679688;0.0006241798400878906;0.0001919269561767578;0.004959821701049805;0.008060932159423828;1653382.341816
request;142;1653382.355300
request;143;1653382.356736
result;139;-1;0.001943826675415039;0.0012781620025634766;0.0001900196075439453;0.005192995071411133;0.007018089294433594;1653382.382615
result;140;-1;0.002630949020385742;0.0009369850158691406;0.00018310546875;0.006081819534301758;0.01082301139831543;1653382.387575
result;141;-1;0.0051610469818115234;0.0005650520324707031;0.00019407272338867188;0.008456945419311523;0.012186050415039062;1653382.388592
request;144;1653382.400592
request;145;1653382.401938
result;142;-1;0.0018579959869384766;0.00109100341796875;0.00016999244689941406;0.004837989807128906;0.007318019866943359;1653382.431584
result;143;-1;0.0034580230712890625;0.0005838871002197266;0.00018596649169921875;0.005727052688598633;0.008478879928588867;1653382.432527
request;146;1653382.445454
request;147;1653382.446835
request;148;1653382.447187
result;144;-1;0.0018990039825439453;0.0011439323425292969;0.00017309188842773438;0.005166053771972656;0.007350921630859375;1653382.480922
result;145;-1;0.002679109573364258;0.0008599758148193359;0.00021505355834960938;0.0053501129150390625;0.008447885513305664;1653382.481698
request;149;1653382.491053
request;150;1653382.492522
result;146;-1;0.0018298625946044922;0.00013494491577148438;0.00018715858459472656;0.003737926483154297;0.005617856979370117;1653382.521502
result;147;-1;0.0032999515533447266;0.00012302398681640625;0.0001709461212158203;0.005213022232055664;0.008461952209472656;1653382.522316
result;148;-1;0.005243062973022461;0.00012683868408203125;0.00017714500427246094;0.007119894027709961;0.010556936264038086;1653382.527292
request;151;1653382.535607
request;152;1653382.536995
result;149;-1;0.0020360946655273438;0.0011909008026123047;0.000186920166015625;0.005484104156494141;0.008404016494750977;1653382.572342
result;150;-1;0.003465890884399414;0.0008420944213867188;0.0001919269561767578;0.006349802017211914;0.008779048919677734;1653382.573360
request;153;1653382.597246
request;154;1653382.598591
result;151;-1;0.0024819374084472656;0.00019598007202148438;0.00020813941955566406;0.006078004837036133;0.00814509391784668;1653382.624453
request;155;1653382.625196
request;156;1653382.626993
request;157;1653382.627415
result;152;-1;0.004255056381225586;0.0006799697875976562;0.0002491474151611328;0.006976127624511719;0.010860919952392578;1653382.627776
result;153;-1;0.0019180774688720703;0.0011289119720458984;0.00017309188842773438;0.004786014556884766;0.007482051849365234;1653382.661856
result;154;-1;0.0038061141967773438;0.0002970695495605469;0.0001850128173828125;0.0057370662689208984;0.008704900741577148;1653382.662624
request;158;1653382.669982
request;159;1653382.671213
result;156;-1;0.0021080970764160156;0.00022482872009277344;0.00014400482177734375;0.00451207160949707;0.007812976837158203;1653382.714301
request;160;1653382.715531
request;161;1653382.716842
result;155;-1;0.001600027084350586;0.0015709400177001953;8.106231689453125e-05;0.006120920181274414;0.010038137435913086;1653382.724374
result;157;-1;0.004314899444580078;0.00011992454528808594;0.000164031982421875;0.0063838958740234375;0.010012149810791016;1653382.725283
result;158;-1;0.0014891624450683594;0.0002770423889160156;0.0001418590545654297;0.0030701160430908203;0.00480198860168457;1653382.744102
result;159;-1;0.0029859542846679688;0.0008020401000976562;0.00014090538024902344;0.005088090896606445;0.007626056671142578;1653382.744890
request;162;1653382.760624
request;163;1653382.762029
request;164;1653382.762427
result;160;-1;0.0018630027770996094;0.00032210350036621094;0.0001819133758544922;0.003823995590209961;0.006040096282958984;1653382.790745
result;161;-1;0.0035109519958496094;0.0001270771026611328;0.00018095970153808594;0.005430936813354492;0.008481025695800781;1653382.802744
request;165;1653382.805907
request;166;1653382.807125
result;162;-1;0.001889944076538086;0.001171112060546875;0.0001819133758544922;0.005011081695556641;0.007302045822143555;1653382.848890
result;163;-1;0.002928018569946289;0.00139617919921875;0.00020885467529296875;0.00658106803894043;0.009758949279785156;1653382.849744
request;167;1653382.851000
request;168;1653382.852357
result;164;-1;0.004554033279418945;0.0008120536804199219;0.00017595291137695312;0.007116079330444336;0.01100015640258789;1653382.852817
request;169;1653382.895865
request;170;1653382.896659
result;165;-1;0.001971006393432617;0.0011868476867675781;0.0001900196075439453;0.005527019500732422;0.007977008819580078;1653382.896966
result;166;-1;0.0034410953521728516;0.0008318424224853516;0.0002391338348388672;0.00634002685546875;0.009112834930419922;1653382.897234
request;171;1653382.940783
request;172;1653382.942081
request;173;1653382.942459
result;167;-1;0.002057790756225586;0.0012509822845458984;0.00018906593322753906;0.005661964416503906;0.007964134216308594;1653382.947138
result;168;-1;0.0029299259185791016;0.0008308887481689453;0.00018310546875;0.005795955657958984;0.008726119995117188;1653382.947702
request;174;1653382.985668
request;175;1653382.987175
result;169;-1;0.0020499229431152344;0.00011801719665527344;0.00019598007202148438;0.00409698486328125;0.0069539546966552734;1653382.991131
result;170;-1;0.004292011260986328;0.00014710426330566406;0.0003058910369873047;0.00646209716796875;0.00945901870727539;1653382.993178
request;176;1653383.031023
request;177;1653383.032412
result;171;-1;0.0020232200622558594;0.00014281272888183594;0.00021314620971679688;0.004176139831542969;0.006236076354980469;1653383.042575
result;172;-1;0.0035660266876220703;0.0001468658447265625;0.00019407272338867188;0.005671024322509766;0.009057998657226562;1653383.043313
result;173;-1;0.005747079849243164;0.00014901161193847656;0.0001938343048095703;0.007842063903808594;0.011913061141967773;1653383.047463
request;178;1653383.076272
request;179;1653383.077591
request;180;1653383.077984
result;174;-1;0.0018768310546875;0.0013020038604736328;0.0001800060272216797;0.0053789615631103516;0.007623910903930664;1653383.095433
result;176;-1;0.0039310455322265625;0.0001289844512939453;0.00017905235290527344;0.0061299800872802734;0.010510921478271484;1653383.096143
result;175;-1;0.002482891082763672;0.002655029296875;0.00011205673217773438;0.00827789306640625;0.01180887222290039;1653383.097122
result;177;-1;0.006880998611450195;0.00017690658569335938;0.00018906593322753906;0.008833885192871094;0.013051033020019531;1653383.106126
request;181;1653383.142360
request;182;1653383.143385
result;178;-1;0.0018279552459716797;0.0009779930114746094;0.00016808509826660156;0.004873991012573242;0.006906032562255859;1653383.151931
result;180;-1;0.0049321651458740234;0.00013184547424316406;0.00017905235290527344;0.007091999053955078;0.009435892105102539;1653383.153022
result;179;-1;0.0030469894409179688;0.0025980472564697266;0.00010800361633300781;0.00839090347290039;0.010505914688110352;1653383.153961
request;183;1653383.166324
request;184;1653383.167764
result;181;-1;0.0017299652099609375;0.0011310577392578125;0.0001659393310546875;0.004932880401611328;0.0069141387939453125;1653383.190308
result;182;-1;0.003108978271484375;0.0008568763732910156;0.00017404556274414062;0.005684852600097656;0.008126974105834961;1653383.191466
request;185;1653383.210334
request;186;1653383.211754
result;183;-1;0.0019249916076660156;0.001123189926147461;0.00016689300537109375;0.004572153091430664;0.006847858428955078;1653383.234544
result;184;-1;0.0031960010528564453;0.0003249645233154297;0.00017905235290527344;0.00515294075012207;0.007827997207641602;1653383.235163
request;187;1653383.253544
request;188;1653383.254170
request;189;1653383.254308
result;185;-1;0.0023012161254882812;0.00013399124145507812;0.00020384788513183594;0.0046160221099853516;0.00796818733215332;1653383.290778
result;186;-1;0.004305839538574219;0.00017499923706054688;0.00020694732666015625;0.006703853607177734;0.010214090347290039;1653383.291599
result;187;-1;0.0021119117736816406;0.0001480579376220703;0.00021505355834960938;0.004312038421630859;0.006691932678222656;1653383.330565
result;188;-1;0.0036401748657226562;0.0001399517059326172;0.00020503997802734375;0.005833148956298828;0.009493112564086914;1653383.341889
request;190;1653383.345228
request;191;1653383.345567
result;189;-1;0.0057849884033203125;0.0001468658447265625;0.00020694732666015625;0.008030891418457031;0.011858224868774414;1653383.346389
request;192;1653383.390163
request;193;1653383.391390
result;190;-1;0.0017309188842773438;0.00011301040649414062;0.00019097328186035156;0.003660917282104492;0.005841970443725586;1653383.399249
request;194;1653383.435888
request;195;1653383.436385
request;196;1653383.436653
result;191;-1;0.0018458366394042969;0.00013208389282226562;0.00020694732666015625;0.003882884979248047;0.007359981536865234;1653383.438961
result;192;-1;0.003319978713989258;0.00012493133544921875;0.0006380081176757812;0.006250858306884766;0.00916910171508789;1653383.443255
result;193;-1;0.005937099456787109;0.00014400482177734375;0.00023794174194335938;0.0081329345703125;0.011822938919067383;1653383.446899
request;197;1653383.480669
request;198;1653383.481034
result;194;-1;0.0019621849060058594;0.0008018016815185547;0.00019311904907226562;0.00463104248046875;0.006821155548095703;1653383.482488
result;195;-1;0.001961946487426758;0.0011920928955078125;0.00019693374633789062;0.0054628849029541016;0.008000850677490234;1653383.520231
request;199;1653383.525452
request;200;1653383.526786
result;196;-1;0.003428936004638672;0.0008759498596191406;0.00020003318786621094;0.006199836730957031;0.009169816970825195;1653383.530883
request;201;1653383.570265
request;202;1653383.570563
result;197;-1;0.0020339488983154297;0.00013113021850585938;0.00020003318786621094;0.0041429996490478516;0.006470918655395508;1653383.571494
result;198;-1;0.003695964813232422;0.00014209747314453125;0.00020003318786621094;0.005815982818603516;0.009044885635375977;1653383.572274
result;199;-1;0.001989126205444336;0.00012993812561035156;0.00019812583923339844;0.004153013229370117;0.006669044494628906;1653383.590579
result;200;-1;0.003805875778198242;0.0007331371307373047;0.0001900196075439453;0.006348848342895508;0.009582996368408203;1653383.595076
request;203;1653383.616595
request;204;1653383.617826
request;205;1653383.618165
result;201;-1;0.0020020008087158203;0.0001201629638671875;0.0001938343048095703;0.00407719612121582;0.006357908248901367;1653383.630998
result;202;-1;0.003780841827392578;0.0007269382476806641;0.00019311904907226562;0.006320953369140625;0.009405136108398438;1653383.632130
request;206;1653383.659761
request;207;1653383.661102
result;203;-1;0.001961946487426758;0.0011680126190185547;0.00017690658569335938;0.005198001861572266;0.0074388980865478516;1653383.674191
result;205;-1;0.004042148590087891;0.00013685226440429688;0.0001850128173828125;0.006276130676269531;0.009996891021728516;1653383.684266
result;204;-1;0.0027039051055908203;0.002644062042236328;0.00010991096496582031;0.00790095329284668;0.01046299934387207;1653383.685016
request;208;1653383.705282
request;209;1653383.705605
result;206;-1;0.0018911361694335938;0.0011188983917236328;0.00017309188842773438;0.005155086517333984;0.007030010223388672;1653383.706317
result;207;-1;0.0027189254760742188;0.0008800029754638672;0.0001800060272216797;0.005343914031982422;0.008246898651123047;1653383.707057
request;210;1653383.750962
request;211;1653383.751456
request;212;1653383.751709
result;208;-1;0.0017189979553222656;0.0008339881896972656;0.00016689300537109375;0.004168033599853516;0.006438016891479492;1653383.751999
request;213;1653383.794318
request;214;1653383.795494
result;209;-1;0.0018010139465332031;0.0008420944213867188;0.0001659393310546875;0.004256010055541992;0.0064351558685302734;1653383.795972
request;215;1653383.840855
request;216;1653383.842207
result;210;-1;0.0018799304962158203;0.0011570453643798828;0.00018787384033203125;0.005193948745727539;0.007372856140136719;1653383.845387
result;212;-1;0.0040400028228759766;0.0001308917999267578;0.00021505355834960938;0.006307840347290039;0.009572029113769531;1653383.854321
result;211;-1;0.0026428699493408203;0.002721071243286133;0.00011086463928222656;0.008013010025024414;0.01053309440612793;1653383.858114
request;217;1653383.886072
request;218;1653383.887254
result;213;-1;0.0019941329956054688;0.0011839866638183594;0.0001919269561767578;0.005588054656982422;0.007935047149658203;1653383.902554
result;214;-1;0.0035088062286376953;0.0008540153503417969;0.00019311904907226562;0.006404876708984375;0.00904989242553711;1653383.903444
request;219;1653383.930825
request;220;1653383.932190
request;221;1653383.932735
result;216;-1;0.0020580291748046875;0.00011396408081054688;0.00019288063049316406;0.004575967788696289;0.00839996337890625;1653383.954652
result;215;-1;0.0020639896392822266;0.0023889541625976562;0.0001220703125;0.007750988006591797;0.009830951690673828;1653383.955199
result;217;-1;0.0045659542083740234;0.00014090538024902344;0.00020813941955566406;0.006887912750244141;0.010936975479125977;1653383.958417
result;218;-1;0.007476091384887695;0.00013899803161621094;0.00020003318786621094;0.009567975997924805;0.013701915740966797;1653383.959250
request;222;1653383.975670
request;223;1653383.976972
result;219;-1;0.002167940139770508;0.0001499652862548828;0.00020599365234375;0.004293918609619141;0.00685882568359375;1653383.998666
result;220;-1;0.004426002502441406;0.00014090538024902344;0.00022912025451660156;0.006654977798461914;0.009613990783691406;1653384.009468
result;221;-1;0.006267070770263672;0.00014901161193847656;0.0002009868621826172;0.008408069610595703;0.01213979721069336;1653384.014589
request;224;1653384.020582
request;225;1653384.021872
result;222;-1;0.0020668506622314453;0.00012803077697753906;0.00019502639770507812;0.004166841506958008;0.0066111087799072266;1653384.054741
result;223;-1;0.0037457942962646484;0.00014209747314453125;0.00023698806762695312;0.005905866622924805;0.008682012557983398;1653384.054988
request;226;1653384.064543
request;227;1653384.065147
request;228;1653384.065293
result;224;-1;0.0018460750579833984;0.0011088848114013672;0.00017905235290527344;0.005036115646362305;0.006801128387451172;1653384.110902
result;225;-1;0.0026509761810302734;0.0008690357208251953;0.0001800060272216797;0.00518488883972168;0.008254051208496094;1653384.111245
request;229;1653384.155150
request;230;1653384.156523
request;231;1653384.157529
request;232;1653384.157809
result;226;-1;0.0020780563354492188;0.00014090538024902344;0.0002110004425048828;0.004251003265380859;0.00659489631652832;1653384.178147
result;227;-1;0.003676891326904297;0.00014209747314453125;0.00019693374633789062;0.005785942077636719;0.009422063827514648;1653384.178829
result;228;-1;0.005811929702758789;0.0001461505889892578;0.00020194053649902344;0.008038043975830078;0.012315034866333008;1653384.179828
request;233;1653384.200656
request;234;1653384.201929
result;229;-1;0.0021181106567382812;0.001336812973022461;0.00021195411682128906;0.005841970443725586;0.008243083953857422;1653384.222347
result;231;-1;0.0047149658203125;0.0001380443572998047;0.0002040863037109375;0.007206916809082031;0.011248111724853516;1653384.234418
result;230;-1;0.0038280487060546875;0.002913951873779297;0.00012683868408203125;0.009964942932128906;0.012583017349243164;1653384.234739
result;232;-1;0.007629871368408203;0.0007679462432861328;0.0002300739288330078;0.01020503044128418;0.015048027038574219;1653384.235491
request;235;1653384.245466
request;236;1653384.246811
request;237;1653384.247148
result;234;-1;0.0027551651000976562;9.894371032714844e-05;0.00018405914306640625;0.005057096481323242;0.00754094123840332;1653384.279182
result;233;-1;0.002040863037109375;0.0019800662994384766;0.00012493133544921875;0.007057905197143555;0.008893966674804688;1653384.279527
request;238;1653384.290591
request;239;1653384.291797
result;235;-1;0.0019199848175048828;0.00011897087097167969;0.00019502639770507812;0.003957986831665039;0.00622105598449707;1653384.330904
result;236;-1;0.004079103469848633;0.00017404556274414062;0.0002028942108154297;0.006120204925537109;0.008503913879394531;1653384.334037
request;240;1653384.335315
request;241;1653384.336619
result;237;-1;0.00669097900390625;0.0007109642028808594;0.00018095970153808594;0.008999824523925781;0.011363983154296875;1653384.337068
request;242;1653384.380946
request;243;1653384.381275
request;244;1653384.381551
result;238;-1;0.0018901824951171875;0.0010759830474853516;0.00017786026000976562;0.005056142807006836;0.006889820098876953;1653384.381847
result;239;-1;0.0032341480255126953;0.0008709430694580078;0.00018095970153808594;0.005875110626220703;0.007881879806518555;1653384.382047
request;245;1653384.425444
request;246;1653384.427099
result;240;-1;0.0017440319061279297;0.0002288818359375;0.00017404556274414062;0.003726959228515625;0.0057752132415771484;1653384.430523
result;241;-1;0.0038330554962158203;0.0007638931274414062;0.00017309188842773438;0.0062351226806640625;0.008516073226928711;1653384.430843
result;242;-1;0.0020530223846435547;0.0001461505889892578;0.00021600723266601562;0.004240989685058594;0.006492137908935547;1653384.470359
request;247;1653384.471091
request;248;1653384.472426
result;243;-1;0.0036308765411376953;0.0001399517059326172;0.00020003318786621094;0.005803823471069336;0.011125802993774414;1653384.479275
result;244;-1;0.00574183464050293;0.0001361370086669922;0.0002899169921875;0.008310794830322266;0.011829853057861328;1653384.479932
result;246;-1;0.0029859542846679688;0.0002849102020263672;0.0001971721649169922;0.005373954772949219;0.008266925811767578;1653384.510575
result;245;-1;0.0019931793212890625;0.0023479461669921875;0.00012493133544921875;0.0072021484375;0.009760141372680664;1653384.511339
request;249;1653384.515555
request;250;1653384.516796
request;251;1653384.561050
request;252;1653384.562245
request;253;1653384.562621
result;247;-1;0.0019230842590332031;0.0001239776611328125;0.00018405914306640625;0.0038900375366210938;0.005720853805541992;1653384.571482
result;248;-1;0.0035250186920166016;0.0007581710815429688;0.0001728534698486328;0.005983114242553711;0.008630990982055664;1653384.575116
request;254;1653384.605381
request;255;1653384.606632
result;249;-1;0.001814126968383789;0.00012993812561035156;0.0001919269561767578;0.003970146179199219;0.005493879318237305;1653384.619174
result;250;-1;0.0030210018157958984;0.00013399124145507812;0.00018215179443359375;0.00496220588684082;0.007832050323486328;1653384.623047
result;251;-1;0.004940032958984375;0.00021409988403320312;0.0001919269561767578;0.0070459842681884766;0.010534048080444336;1653384.628574
result;252;-1;0.00748896598815918;0.0001308917999267578;0.00018215179443359375;0.009471893310546875;0.013072013854980469;1653384.628928
result;253;-1;0.009968042373657227;0.0001308917999267578;0.0002689361572265625;0.01194906234741211;0.015506982803344727;1653384.649350
request;256;1653384.650857
request;257;1653384.652200
result;254;-1;0.0017809867858886719;0.0010559558868408203;0.0001819133758544922;0.005011081695556641;0.006663084030151367;1653384.661728
result;255;-1;0.0031778812408447266;0.0008740425109863281;0.00021505355834960938;0.005769968032836914;0.007673025131225586;1653384.662427
request;258;1653384.695889
request;259;1653384.697310
request;260;1653384.697665
result;256;-1;0.0017619132995605469;0.00023508071899414062;0.00017213821411132812;0.003670930862426758;0.005329132080078125;1653384.710213
result;257;-1;0.003812074661254883;0.00013208389282226562;0.0001800060272216797;0.0057392120361328125;0.00764918327331543;1653384.710799
request;261;1653384.740255
request;262;1653384.741494
result;258;-1;0.001850128173828125;0.00012087821960449219;0.00019311904907226562;0.0038480758666992188;0.005999088287353516;1653384.751011
result;259;-1;0.0033190250396728516;0.0001239776611328125;0.0001800060272216797;0.005278110504150391;0.00799107551574707;1653384.755256
result;260;-1;0.005219936370849609;0.00045013427734375;0.000331878662109375;0.007556915283203125;0.010882139205932617;1653384.755737
request;263;1653384.785613
request;264;1653384.786811
result;261;-1;0.0016758441925048828;0.00011515617370605469;0.00017595291137695312;0.0036728382110595703;0.006231069564819336;1653384.802583
result;262;-1;0.0037450790405273438;0.00013589859008789062;0.00019598007202148438;0.006063938140869141;0.008777141571044922;1653384.802930
result;263;-1;0.0018701553344726562;0.0001068115234375;0.0002071857452392578;0.003818988800048828;0.0055658817291259766;1653384.850475
result;264;-1;0.0033960342407226562;0.00013399124145507812;0.00018215179443359375;0.0053501129150390625;0.008274078369140625;1653384.854604
request;265;1653384.875484
request;266;1653384.876885
request;267;1653384.877747
request;268;1653384.878130
request;269;1653384.878363
request;270;1653384.920632
request;271;1653384.920980
result;265;-1;0.0019021034240722656;0.00025582313537597656;0.0001881122589111328;0.004376888275146484;0.006342172622680664;1653384.923320
request;272;1653384.965512
request;273;1653384.966850
result;266;-1;0.0022170543670654297;0.0001800060272216797;0.00022292137145996094;0.004585981369018555;0.00832509994506836;1653384.981450
result;267;-1;0.004761934280395508;0.001146078109741211;0.0001919269561767578;0.008126020431518555;0.012413978576660156;1653384.985865
result;269;-1;0.00860595703125;0.00018310546875;0.00019693374633789062;0.011114120483398438;0.015423059463500977;1653384.986552
result;268;-1;0.006869792938232422;0.002518177032470703;0.00012993812561035156;0.012382984161376953;0.016826868057250977;1653384.989740
request;274;1653385.010735
request;275;1653385.012184
request;276;1653385.012586
result;270;-1;0.002925872802734375;0.000553131103515625;0.0002338886260986328;0.006749868392944336;0.008383035659790039;1653385.032250
result;271;-1;0.0047760009765625;0.0014998912811279297;0.00023102760314941406;0.008383989334106445;0.011484861373901367;1653385.045646
result;272;-1;0.007216930389404297;0.0004031658172607422;0.0002319812774658203;0.010998010635375977;0.014986038208007812;1653385.046494
result;273;-1;0.010508060455322266;0.0006837844848632812;0.00025010108947753906;0.013231039047241211;0.017269134521484375;1653385.047181
request;277;1653385.055780
request;278;1653385.057051
result;274;-1;0.0018620491027832031;0.001027822494506836;0.000164031982421875;0.004431009292602539;0.006602048873901367;1653385.091210
result;276;-1;0.004148006439208984;0.00018787384033203125;0.00015616416931152344;0.006227016448974609;0.009601831436157227;1653385.094351
result;275;-1;0.0036270618438720703;0.0020029544830322266;9.584426879882812e-05;0.0081329345703125;0.010546207427978516;1653385.094698
request;279;1653385.100632
request;280;1653385.101792
result;277;-1;0.0016529560089111328;0.00010800361633300781;0.0001621246337890625;0.003467082977294922;0.005186796188354492;1653385.142618
result;278;-1;0.003515958786010742;0.00015616416931152344;0.00016999244689941406;0.005311012268066406;0.0071070194244384766;1653385.143035
request;281;1653385.145271
request;282;1653385.145994
result;279;-1;0.0022020339965820312;0.0012819766998291016;0.00019884109497070312;0.005936861038208008;0.008337974548339844;1653385.182481
request;283;1653385.190334
request;284;1653385.191505
request;285;1653385.191815
result;280;-1;0.002980947494506836;0.0008709430694580078;0.00019407272338867188;0.005815029144287109;0.009034156799316406;1653385.195617
result;281;-1;0.0020551681518554688;0.0001308917999267578;0.0002009868621826172;0.004052162170410156;0.006346940994262695;1653385.228336
result;282;-1;0.003763914108276367;0.00013709068298339844;0.00019788742065429688;0.007325887680053711;0.01055002212524414;1653385.234013
request;286;1653385.235421
request;287;1653385.236754
result;284;-1;0.0023670196533203125;8.487701416015625e-05;0.00016617774963378906;0.0044820308685302734;0.0076520442962646484;1653385.273590
result;283;-1;0.0018320083618164062;0.0015759468078613281;0.000102996826171875;0.006926059722900391;0.009826898574829102;1653385.273766
result;285;-1;0.0049588680267333984;0.00012302398681640625;0.00016999244689941406;0.007283926010131836;0.010069847106933594;1653385.274147
request;288;1653385.279797
request;289;1653385.281027
result;286;-1;0.0017218589782714844;0.00010919570922851562;0.00016188621520996094;0.003465890884399414;0.00589299201965332;1653385.322378
result;287;-1;0.003119230270385742;0.00012087821960449219;0.00016808509826660156;0.0048291683197021484;0.007845163345336914;1653385.323023
request;290;1653385.324916
request;291;1653385.325917
request;292;1653385.326206
request;293;1653385.368369
request;294;1653385.368529
result;288;-1;0.0018880367279052734;0.00012111663818359375;0.00017786026000976562;0.003757953643798828;0.005895853042602539;1653385.369216
result;289;-1;0.003287076950073242;0.0001289844512939453;0.00017309188842773438;0.0051381587982177734;0.007867813110351562;1653385.371852
result;290;-1;0.001867055892944336;0.001232147216796875;0.00017595291137695312;0.0051670074462890625;0.007061004638671875;1653385.410755
request;295;1653385.412898
request;296;1653385.413240
result;292;-1;0.003963947296142578;0.00013113021850585938;0.00017905235290527344;0.006120920181274414;0.009913921356201172;1653385.414716
result;291;-1;0.002624034881591797;0.002593994140625;0.00011086463928222656;0.007817983627319336;0.011271953582763672;1653385.422908
request;297;1653385.458271
request;298;1653385.459351
result;293;-1;0.0018930435180664062;0.00012493133544921875;0.000186920166015625;0.0039789676666259766;0.006496906280517578;1653385.468855
result;294;-1;0.004221916198730469;0.00014209747314453125;0.00022792816162109375;0.006345987319946289;0.009311914443969727;1653385.482734
request;299;1653385.502931
request;300;1653385.503930
result;295;-1;0.0019648075103759766;0.0007500648498535156;0.0002770423889160156;0.0059130191802978516;0.007951974868774414;1653385.524243
result;296;-1;0.002744913101196289;0.0001480579376220703;0.0002090930938720703;0.004854917526245117;0.01050710678100586;1653385.528111
result;297;-1;0.004976987838745117;0.00013184547424316406;0.00019097328186035156;0.00706791877746582;0.013473987579345703;1653385.536224
result;298;-1;0.0076520442962646484;0.00013399124145507812;0.00019502639770507812;0.009608983993530273;0.01606011390686035;1653385.536993
result;299;-1;0.0019009113311767578;0.00011801719665527344;0.00017690658569335938;0.003732919692993164;0.005754947662353516;1653385.569741
result;300;[3];0.003226041793823242;0.00013017654418945312;0.04553079605102539;0.050408124923706055;0.052983999252319336;1653385.618981
