request;0;1693188368.441658
result;0;-1;0.0022308826446533203;0.0007100105285644531;0.00038504600524902344;0.004945993423461914;1693188368.451102
request;1;1693188368.473253
result;1;-1;0.0018808841705322266;0.0001239776611328125;0.0001552104949951172;0.0036039352416992188;1693188368.484852
request;2;1693188368.488345
result;2;-1;0.0014848709106445312;0.00011515617370605469;0.00015282630920410156;0.0031108856201171875;1693188368.496162
request;3;1693188368.504261
result;3;-1;0.0015120506286621094;0.0008120536804199219;0.0001480579376220703;0.003654003143310547;1693188368.510903
request;4;1693188368.535334
result;4;-1;0.0016160011291503906;0.0008151531219482422;0.00014781951904296875;0.003726959228515625;1693188368.542312
request;5;1693188368.550766
result;5;-1;0.0015020370483398438;0.00011801719665527344;0.00015091896057128906;0.0031011104583740234;1693188368.556768
request;6;1693188368.566585
result;6;-1;0.0014951229095458984;0.00023794174194335938;0.0001480579376220703;0.0030450820922851562;1693188368.573095
request;7;1693188368.597303
result;7;-1;0.0014500617980957031;0.00011587142944335938;0.00015306472778320312;0.003195047378540039;1693188368.605276
request;8;1693188368.613097
result;8;-1;0.0014929771423339844;0.0001239776611328125;0.00015091896057128906;0.0032219886779785156;1693188368.619478
request;9;1693188368.628167
result;9;-1;0.0014560222625732422;0.00023293495178222656;0.00014901161193847656;0.0029630661010742188;1693188368.635202
request;10;1693188368.644169
result;10;-1;0.0014829635620117188;0.00023889541625976562;0.0001499652862548828;0.0030019283294677734;1693188368.649745
request;11;1693188368.676168
result;11;-1;0.0016019344329833984;0.00023508071899414062;0.00015306472778320312;0.0031549930572509766;1693188368.682874
request;12;1693188368.691694
result;12;-1;0.0015480518341064453;0.0008258819580078125;0.00015807151794433594;0.0036649703979492188;1693188368.698846
request;13;1693188368.707431
result;13;-1;0.0015881061553955078;0.0008399486541748047;0.000164031982421875;0.0037250518798828125;1693188368.713687
request;14;1693188368.723166
result;14;-1;0.0015401840209960938;0.00011801719665527344;0.00016880035400390625;0.0031461715698242188;1693188368.729067
request;15;1693188368.755239
result;15;-1;0.0014889240264892578;0.00011706352233886719;0.0001690387725830078;0.0030930042266845703;1693188368.760643
request;16;1693188368.770914
result;16;-1;0.0014889240264892578;0.00012111663818359375;0.00016689300537109375;0.0030870437622070312;1693188368.777853
request;17;1693188368.786259
result;17;-1;0.0014660358428955078;0.0008420944213867188;0.00016498565673828125;0.003609180450439453;1693188368.794901
request;18;1693188368.817019
result;18;-1;0.0014901161193847656;0.0008230209350585938;0.00016498565673828125;0.003674030303955078;1693188368.824107
request;19;1693188368.833255
result;19;-1;0.001432180404663086;0.00011181831359863281;0.0001690387725830078;0.0030450820922851562;1693188368.84085
request;20;1693188368.848729
result;20;-1;0.001435995101928711;0.00011301040649414062;0.00016498565673828125;0.0030341148376464844;1693188368.854723
request;21;1693188368.86402
result;21;-1;0.0014760494232177734;0.0008289813995361328;0.0001609325408935547;0.0035970211029052734;1693188368.870807
request;22;1693188368.895253
result;22;-1;0.0015330314636230469;0.0008289813995361328;0.000164031982421875;0.003654956817626953;1693188368.902027
request;23;1693188368.910715
result;23;-1;0.0015170574188232422;0.0002319812774658203;0.000164031982421875;0.0030510425567626953;1693188368.917198
request;24;1693188368.926283
result;24;-1;0.0015759468078613281;0.0008311271667480469;0.000164031982421875;0.003695964813232422;1693188368.93372
request;25;1693188368.957257
result;25;-1;0.001428842544555664;0.0002269744873046875;0.00016617774963378906;0.0030069351196289062;1693188368.9639
request;26;1693188368.973259
result;26;-1;0.001544952392578125;0.00011396408081054688;0.00016617774963378906;0.0033159255981445312;1693188368.980771
request;27;1693188368.989013
result;27;-1;0.0014870166778564453;0.0008199214935302734;0.00016498565673828125;0.0036449432373046875;1693188368.99676
request;28;1693188369.004971
result;28;-1;0.00150299072265625;0.0008249282836914062;0.00016498565673828125;0.0036928653717041016;1693188369.012254
request;29;1693188369.036227
result;29;-1;0.0014429092407226562;0.00011396408081054688;0.0001671314239501953;0.003041982650756836;1693188369.042325
request;30;1693188369.051225
result;30;-1;0.0015020370483398438;0.0008280277252197266;0.0001609325408935547;0.003618001937866211;1693188369.057999
request;31;1693188369.065962
result;31;-1;0.001413106918334961;0.00011587142944335938;0.00021791458129882812;0.003072023391723633;1693188369.07346
request;32;1693188369.097279
result;32;-1;0.0015559196472167969;0.0008242130279541016;0.00020694732666015625;0.003854990005493164;1693188369.104699
request;33;1693188369.113149
result;33;-1;0.0016150474548339844;0.0001518726348876953;0.00017714500427246094;0.005448102951049805;1693188369.122403
request;34;1693188369.128891
result;34;-1;0.0015099048614501953;0.00011301040649414062;0.00016498565673828125;0.003136873245239258;1693188369.136247
request;35;1693188369.144259
result;35;-1;0.0014500617980957031;0.0008339881896972656;0.0001571178436279297;0.0035140514373779297;1693188369.152026
request;36;1693188369.176254
result;36;-1;0.0014710426330566406;0.0008258819580078125;0.00015497207641601562;0.0036568641662597656;1693188369.184121
request;37;1693188369.191998
result;37;-1;0.0016109943389892578;0.0008041858673095703;0.0001709461212158203;0.0038101673126220703;1693188369.199426
request;38;1693188369.208089
result;38;-1;0.0015521049499511719;0.00025200843811035156;0.0001690387725830078;0.003144979476928711;1693188369.21493
request;39;1693188369.224255
result;39;-1;0.0015740394592285156;0.00016498565673828125;0.00017380714416503906;0.003319978713989258;1693188369.233441
request;40;1693188369.255256
result;40;-1;0.0015940666198730469;0.0008060932159423828;0.00017189979553222656;0.003751993179321289;1693188369.265696
request;41;1693188369.270937
result;41;-1;0.0016660690307617188;0.00011897087097167969;0.0001690387725830078;0.003329038619995117;1693188369.27893
request;42;1693188369.286407
result;42;-1;0.0017130374908447266;0.0008108615875244141;0.00016999244689941406;0.0038759708404541016;1693188369.294499
request;43;1693188369.316983
result;43;-1;0.001611948013305664;0.0008130073547363281;0.0001709461212158203;0.003907918930053711;1693188369.324052
request;44;1693188369.332138
result;44;-1;0.0015828609466552734;0.0008041858673095703;0.0001678466796875;0.003780841827392578;1693188369.339545
request;45;1693188369.347483
result;45;-1;0.0016260147094726562;0.000804901123046875;0.0001659393310546875;0.003762960433959961;1693188369.354783
request;46;1693188369.377258
result;46;-1;0.001580953598022461;0.00011897087097167969;0.0001709461212158203;0.003312826156616211;1693188369.383251
request;47;1693188369.39326
result;47;-1;0.0029098987579345703;0.0007719993591308594;0.000225067138671875;0.005563020706176758;1693188369.402017
request;48;1693188369.409336
result;48;-1;0.0022618770599365234;0.0001811981201171875;0.0001888275146484375;0.004220008850097656;1693188369.416234
request;49;1693188369.425208
result;49;-1;0.0018041133880615234;0.0002598762512207031;0.00018405914306640625;0.0036191940307617188;1693188369.432023
request;50;1693188369.456168
result;50;-1;0.0016617774963378906;0.00013208389282226562;0.000186920166015625;0.0034627914428710938;1693188369.463421
request;51;1693188369.471499
result;51;-1;0.0017290115356445312;0.0007691383361816406;0.0001819133758544922;0.003895998001098633;1693188369.477634
request;52;1693188369.487178
result;52;-1;0.0015418529510498047;0.0008151531219482422;0.00015497207641601562;0.0036017894744873047;1693188369.493211
request;53;1693188369.502813
result;53;-1;0.0015141963958740234;0.00022983551025390625;0.00015401840209960938;0.0029811859130859375;1693188369.507829
request;54;1693188369.534872
result;54;-1;0.0014760494232177734;0.0002219676971435547;0.00015401840209960938;0.0029251575469970703;1693188369.540575
request;55;1693188369.550586
result;55;-1;0.001644134521484375;0.0008108615875244141;0.00015115737915039062;0.003681182861328125;1693188369.556564
request;56;1693188369.56664
result;56;-1;0.001486063003540039;0.0008349418640136719;0.0001480579376220703;0.0035381317138671875;1693188369.573637
request;57;1693188369.582704
result;57;-1;0.0016679763793945312;0.0008111000061035156;0.00016808509826660156;0.003832101821899414;1693188369.589046
request;58;1693188369.614139
result;58;-1;0.00168609619140625;0.0008099079132080078;0.00016808509826660156;0.003843069076538086;1693188369.620912
request;59;1693188369.629477
result;59;-1;0.0016450881958007812;0.0008080005645751953;0.0001659393310546875;0.0037899017333984375;1693188369.637558
request;60;1693188369.645169
result;60;-1;0.0015380382537841797;0.0001220703125;0.00017189979553222656;0.003274202346801758;1693188369.650905
request;61;1693188369.677166
result;61;-1;0.0018618106842041016;0.0007340908050537109;0.0001690387725830078;0.003981828689575195;1693188369.685069
request;62;1693188369.692135
result;62;-1;0.0016069412231445312;0.0008091926574707031;0.0001678466796875;0.003782987594604492;1693188369.6987
request;63;1693188369.707418
result;63;-1;0.0016219615936279297;0.0002460479736328125;0.0001728534698486328;0.0032188892364501953;1693188369.713958
request;64;1693188369.72326
result;64;-1;0.0016620159149169922;0.0008089542388916016;0.00017189979553222656;0.003815889358520508;1693188369.729992
request;65;1693188369.755255
result;65;-1;0.0016891956329345703;0.0007967948913574219;0.00017309188842773438;0.0038330554962158203;1693188369.762015
request;66;1693188369.770856
result;66;-1;0.001645803451538086;0.0008029937744140625;0.00017499923706054688;0.003785848617553711;1693188369.776973
request;67;1693188369.786262
result;67;-1;0.0016179084777832031;0.00026106834411621094;0.00017786026000976562;0.003223896026611328;1693188369.792394
request;68;1693188369.816929
result;68;-1;0.0016160011291503906;0.0008089542388916016;0.00017189979553222656;0.003823995590209961;1693188369.823415
request;69;1693188369.832135
result;69;-1;0.0016400814056396484;0.0008161067962646484;0.0001709461212158203;0.0038480758666992188;1693188369.839753
request;70;1693188369.847276
result;70;-1;0.001667022705078125;0.0008161067962646484;0.0001728534698486328;0.003831148147583008;1693188369.853507
request;71;1693188369.863141
result;71;-1;0.001650094985961914;0.0008099079132080078;0.00017309188842773438;0.0037980079650878906;1693188369.870001
request;72;1693188369.894248
result;72;-1;0.0016779899597167969;0.0007560253143310547;0.0001690387725830078;0.003771066665649414;1693188369.900397
request;73;1693188369.909779
result;73;-1;0.0015988349914550781;0.00025200843811035156;0.0002300739288330078;0.0032639503479003906;1693188369.916017
request;74;1693188369.925253
result;74;-1;0.0016090869903564453;0.0008060932159423828;0.00021791458129882812;0.0038061141967773438;1693188369.932018
request;75;1693188369.956251
result;75;-1;0.0016148090362548828;0.0008020401000976562;0.0001709461212158203;0.003804922103881836;1693188369.962376
request;76;1693188369.971794
result;76;-1;0.0015299320220947266;0.00012111663818359375;0.0001728534698486328;0.0031969547271728516;1693188369.978074
request;77;1693188369.987257
result;77;-1;0.0016460418701171875;0.00010895729064941406;0.00017189979553222656;0.0032930374145507812;1693188369.993042
request;78;1693188370.003258
result;78;-1;0.0016269683837890625;0.00012493133544921875;0.00019097328186035156;0.0033779144287109375;1693188370.009111
request;79;1693188370.034262
result;79;-1;0.0016009807586669922;0.0007691383361816406;0.0001819133758544922;0.003860950469970703;1693188370.04101
request;80;1693188370.049674
result;80;-1;0.001544952392578125;0.00011897087097167969;0.00018310546875;0.003323078155517578;1693188370.055993
request;81;1693188370.065286
result;81;-1;0.0018601417541503906;0.0007188320159912109;0.00021314620971679688;0.004243135452270508;1693188370.072081
request;82;1693188370.096159
result;82;-1;0.0016047954559326172;0.00012922286987304688;0.00018787384033203125;0.003319978713989258;1693188370.102614
request;83;1693188370.112033
result;83;-1;0.0015621185302734375;0.00012993812561035156;0.0001850128173828125;0.003298044204711914;1693188370.118374
request;84;1693188370.127256
result;84;-1;0.0016679763793945312;0.0008151531219482422;0.00017404556274414062;0.003838062286376953;1693188370.133589
request;85;1693188370.143264
result;85;-1;0.001661062240600586;0.0008139610290527344;0.00017189979553222656;0.003812074661254883;1693188370.150192
request;86;1693188370.175261
result;86;-1;0.0016531944274902344;0.00012183189392089844;0.00017404556274414062;0.003341197967529297;1693188370.182021
request;87;1693188370.190503
result;87;-1;0.001638174057006836;0.0008108615875244141;0.00017213821411132812;0.0038001537322998047;1693188370.197289
request;88;1693188370.20626
result;88;-1;0.0016338825225830078;0.0002551078796386719;0.00017404556274414062;0.0032608509063720703;1693188370.212531
request;89;1693188370.23726
result;89;-1;0.001605987548828125;0.0008690357208251953;0.00016999244689941406;0.003824949264526367;1693188370.243544
request;90;1693188370.253251
result;90;-1;0.0015668869018554688;0.0008230209350585938;0.0002181529998779297;0.0038700103759765625;1693188370.260106
request;91;1693188370.269078
result;91;-1;0.0015659332275390625;0.00011801719665527344;0.0001761913299560547;0.0032799243927001953;1693188370.274812
request;92;1693188370.284533
result;92;-1;0.0016031265258789062;0.00012993812561035156;0.00018095970153808594;0.0034329891204833984;1693188370.290885
request;93;1693188370.315864
result;93;-1;0.0015778541564941406;0.00013017654418945312;0.00018095970153808594;0.0031549930572509766;1693188370.322233
request;94;1693188370.33127
result;94;-1;0.00164794921875;0.0008149147033691406;0.00017499923706054688;0.003821849822998047;1693188370.337934
request;95;1693188370.347062
result;95;-1;0.0016248226165771484;0.0008192062377929688;0.00017189979553222656;0.003793954849243164;1693188370.3534
request;96;1693188370.362394
result;96;-1;0.0016169548034667969;0.00025010108947753906;0.00017499923706054688;0.003220081329345703;1693188370.368391
request;97;1693188370.394186
result;97;-1;0.0017659664154052734;0.0007128715515136719;0.00019598007202148438;0.0040569305419921875;1693188370.401175
request;98;1693188370.409188
result;98;-1;0.002279043197631836;0.0007178783416748047;0.00021004676818847656;0.004647970199584961;1693188370.417779
request;99;1693188370.425415
result;99;-1;0.0017099380493164062;0.00012612342834472656;0.00019097328186035156;0.0034809112548828125;1693188370.432015
request;100;1693188370.455351
result;100;-1;0.0017101764678955078;0.0007848739624023438;0.00017905235290527344;0.0039141178131103516;1693188370.462461
request;101;1693188370.470848
result;101;-1;0.001653909683227539;0.0001270771026611328;0.00018095970153808594;0.003329038619995117;1693188370.476844
request;102;1693188370.486838
result;102;-1;0.0014629364013671875;0.0002269744873046875;0.00016117095947265625;0.0029630661010742188;1693188370.492838
request;103;1693188370.502109
result;103;-1;0.0014219284057617188;0.0008261203765869141;0.00018405914306640625;0.0035431385040283203;1693188370.508089
request;104;1693188370.533501
result;104;-1;0.0014190673828125;0.00022292137145996094;0.00015997886657714844;0.0030031204223632812;1693188370.538499
request;105;1693188370.549535
result;105;-1;0.0014390945434570312;0.0008170604705810547;0.00015783309936523438;0.003511190414428711;1693188370.556278
request;106;1693188370.565275
result;106;-1;0.0013871192932128906;0.00022292137145996094;0.00015997886657714844;0.0029070377349853516;1693188370.570271
request;107;1693188370.596557
result;107;-1;0.0016090869903564453;0.0008029937744140625;0.0001728534698486328;0.003844022750854492;1693188370.603556
request;108;1693188370.612551
result;108;-1;0.0015170574188232422;0.0001239776611328125;0.00017714500427246094;0.0032150745391845703;1693188370.618415
request;109;1693188370.627931
result;109;-1;0.001580953598022461;0.00011897087097167969;0.00017404556274414062;0.003216981887817383;1693188370.634133
request;110;1693188370.643097
result;110;-1;0.00164794921875;0.0007889270782470703;0.00017309188842773438;0.0037949085235595703;1693188370.649262
request;111;1693188370.673595
result;111;-1;0.00180816650390625;0.0007789134979248047;0.0001819133758544922;0.003988981246948242;1693188370.682144
request;112;1693188370.689139
result;112;-1;0.0016269683837890625;0.0007979869842529297;0.00017189979553222656;0.003841876983642578;1693188370.695908
request;113;1693188370.704716
result;113;-1;0.0015380382537841797;0.0001239776611328125;0.0001709461212158203;0.0032341480255126953;1693188370.710713
request;114;1693188370.736697
result;114;-1;0.0015718936920166016;0.0008020401000976562;0.00017213821411132812;0.0038208961486816406;1693188370.743631
request;115;1693188370.752014
result;115;-1;0.0016200542449951172;0.0007951259613037109;0.00017499923706054688;0.0038170814514160156;1693188370.75804
request;116;1693188370.768028
result;116;-1;0.0015649795532226562;0.0001239776611328125;0.00017499923706054688;0.0032029151916503906;1693188370.774065
request;117;1693188370.783549
result;117;-1;0.0016071796417236328;0.0007917881011962891;0.00017309188842773438;0.0037980079650878906;1693188370.790546
request;118;1693188370.814752
result;118;-1;0.0015869140625;0.0007929801940917969;0.00016999244689941406;0.0037260055541992188;1693188370.824791
request;119;1693188370.830008
result;119;-1;0.001622915267944336;0.0008029937744140625;0.00017118453979492188;0.0037810802459716797;1693188370.837635
request;120;1693188370.845725
result;120;-1;0.0016639232635498047;0.0002551078796386719;0.00017189979553222656;0.0032639503479003906;1693188370.852532
request;121;1693188370.877072
result;121;-1;0.0016069412231445312;0.0008039474487304688;0.00021696090698242188;0.0038208961486816406;1693188370.883943
request;122;1693188370.891732
result;122;-1;0.0015828609466552734;0.0008041858673095703;0.0001709461212158203;0.0037839412689208984;1693188370.898901
request;123;1693188370.907013
result;123;-1;0.0015978813171386719;0.0008029937744140625;0.0001690387725830078;0.0037539005279541016;1693188370.913258
request;124;1693188370.923258
result;124;-1;0.0016100406646728516;0.0008060932159423828;0.00016999244689941406;0.003754138946533203;1693188370.930106
request;125;1693188370.954904
result;125;-1;0.0015919208526611328;0.00012302398681640625;0.0001709461212158203;0.003220081329345703;1693188370.960834
request;126;1693188370.970977
result;126;-1;0.001708984375;0.00011396408081054688;0.00017690658569335938;0.0033369064331054688;1693188370.977511
request;127;1693188370.98621
result;127;-1;0.0018000602722167969;0.0007810592651367188;0.00017499923706054688;0.003940105438232422;1693188370.993395
request;128;1693188371.002296
result;128;-1;0.0016031265258789062;0.0007979869842529297;0.00016999244689941406;0.0037441253662109375;1693188371.008864
request;129;1693188371.033146
result;129;-1;0.0017361640930175781;0.0008118152618408203;0.0001990795135498047;0.004165172576904297;1693188371.040825
request;130;1693188371.048514
result;130;-1;0.0016660690307617188;0.0007779598236083984;0.00017309188842773438;0.003926992416381836;1693188371.055548
request;131;1693188371.064139
result;131;-1;0.0015709400177001953;0.000247955322265625;0.00017309188842773438;0.0031709671020507812;1693188371.07024
request;132;1693188371.095103
result;132;-1;0.0016782283782958984;0.0007879734039306641;0.0002009868621826172;0.0038361549377441406;1693188371.102017
request;133;1693188371.11064
result;133;-1;0.0016379356384277344;0.0002491474151611328;0.00017499923706054688;0.0032520294189453125;1693188371.117052
request;134;1693188371.12626
result;134;-1;0.00164794921875;0.0007319450378417969;0.0001709461212158203;0.0037279129028320312;1693188371.133147
request;135;1693188371.157221
result;135;-1;0.0015728473663330078;0.00011897087097167969;0.00017309188842773438;0.0033359527587890625;1693188371.16414
request;136;1693188371.173175
result;136;-1;0.0015189647674560547;0.0002391338348388672;0.0001728534698486328;0.0031981468200683594;1693188371.178822
request;137;1693188371.188393
result;137;-1;0.0016121864318847656;0.00078582763671875;0.0001761913299560547;0.003778219223022461;1693188371.195712
request;138;1693188371.20422
result;138;-1;0.0015468597412109375;0.00012493133544921875;0.0001780986785888672;0.0032007694244384766;1693188371.21034
request;139;1693188371.235138
result;139;-1;0.00162506103515625;0.0007989406585693359;0.0002009868621826172;0.0038139820098876953;1693188371.242398
request;140;1693188371.250363
result;140;-1;0.0016431808471679688;0.0007238388061523438;0.00017404556274414062;0.0037500858306884766;1693188371.257271
request;141;1693188371.265406
result;141;-1;0.001683950424194336;0.0007860660552978516;0.00018286705017089844;0.0038738250732421875;1693188371.272335
request;142;1693188371.296548
result;142;-1;0.0016369819641113281;0.0007860660552978516;0.00017595291137695312;0.0038280487060546875;1693188371.303462
request;143;1693188371.312056
result;143;-1;0.0015399456024169922;0.00025010108947753906;0.00017595291137695312;0.003164052963256836;1693188371.318527
request;144;1693188371.327141
result;144;-1;0.0016598701477050781;0.0002551078796386719;0.00017595291137695312;0.003268003463745117;1693188371.33352
request;145;1693188371.343259
result;145;-1;0.0016589164733886719;0.00025010108947753906;0.00017309188842773438;0.0032639503479003906;1693188371.349639
request;146;1693188371.374153
result;146;-1;0.001667022705078125;0.0007309913635253906;0.0001728534698486328;0.00374603271484375;1693188371.380494
request;147;1693188371.390148
result;147;-1;0.001638174057006836;0.0007359981536865234;0.0001709461212158203;0.003717184066772461;1693188371.396822
request;148;1693188371.40502
result;148;-1;0.0022819042205810547;0.0026519298553466797;0.00023698806762695312;0.006790876388549805;1693188371.415573
request;149;1693188371.436067
result;149;-1;0.0018231868743896484;0.00030994415283203125;0.0001938343048095703;0.0036940574645996094;1693188371.442338
request;150;1693188371.451238
result;150;-1;0.001798868179321289;0.00029206275939941406;0.0001819133758544922;0.0036809444427490234;1693188371.457543
request;151;1693188371.467231
result;151;-1;0.0017142295837402344;0.0007929801940917969;0.00017881393432617188;0.003916025161743164;1693188371.473324
request;152;1693188371.496945
result;152;-1;0.0013768672943115234;0.00010395050048828125;0.00014901161193847656;0.0028638839721679688;1693188371.502809
request;153;1693188371.512785
result;153;-1;0.0013461112976074219;0.00021600723266601562;0.00014591217041015625;0.0027201175689697266;1693188371.517927
request;154;1693188371.528478
result;154;-1;0.0013551712036132812;0.0008339881896972656;0.00015687942504882812;0.003389120101928711;1693188371.534457
request;155;1693188371.544451
result;155;-1;0.0013470649719238281;0.0008349418640136719;0.000164031982421875;0.0034520626068115234;1693188371.550448
request;156;1693188371.575459
result;156;-1;0.0013298988342285156;0.00021505355834960938;0.00014495849609375;0.0026960372924804688;1693188371.582435
request;157;1693188371.591444
result;157;-1;0.0016491413116455078;0.0008020401000976562;0.00017380714416503906;0.003837108612060547;1693188371.599739
request;158;1693188371.606194
result;158;-1;0.0016880035400390625;0.0007231235504150391;0.00016999244689941406;0.0037670135498046875;1693188371.614598
request;159;1693188371.636873
result;159;-1;0.0015900135040283203;0.0007889270782470703;0.0002689361572265625;0.0038328170776367188;1693188371.644127
request;160;1693188371.652117
result;160;-1;0.0015749931335449219;0.0007998943328857422;0.00017213821411132812;0.0037848949432373047;1693188371.658384
request;161;1693188371.668163
result;161;-1;0.001580953598022461;0.0007889270782470703;0.00017118453979492188;0.0037720203399658203;1693188371.674834
request;162;1693188371.684194
result;162;-1;0.0018451213836669922;0.000762939453125;0.00017499923706054688;0.0040340423583984375;1693188371.691016
request;163;1693188371.714605
result;163;-1;0.0016300678253173828;0.00011396408081054688;0.0001800060272216797;0.003297090530395508;1693188371.720831
request;164;1693188371.729802
result;164;-1;0.001611948013305664;0.0008039474487304688;0.0001761913299560547;0.0037870407104492188;1693188371.736119
request;165;1693188371.74563
result;165;-1;0.0015838146209716797;0.0008060932159423828;0.00017499923706054688;0.0037508010864257812;1693188371.752769
request;166;1693188371.77677
result;166;-1;0.0015408992767333984;0.00012493133544921875;0.00017714500427246094;0.0032618045806884766;1693188371.783147
request;167;1693188371.792081
result;167;-1;0.0015780925750732422;0.0001220703125;0.0001728534698486328;0.0032091140747070312;1693188371.798569
request;168;1693188371.807753
result;168;-1;0.0015370845794677734;0.000125885009765625;0.0001780986785888672;0.0031709671020507812;1693188371.81461
request;169;1693188371.823258
result;169;-1;0.0016429424285888672;0.0008041858673095703;0.00017499923706054688;0.003798961639404297;1693188371.830315
request;170;1693188371.869824
request;171;1693188371.869824
result;170;-1;0.0016901493072509766;0.001127004623413086;0.0002739429473876953;0.004969120025634766;1693188371.878263
result;171;-1;0.0030710697174072266;0.0008649826049804688;0.00020384788513183594;0.005372047424316406;1693188371.878968
request;172;1693188371.899983
result;172;-1;0.0016040802001953125;0.000125885009765625;0.00017404556274414062;0.003262042999267578;1693188371.906001
request;173;1693188371.915855
result;173;-1;0.0015838146209716797;0.000244140625;0.00017404556274414062;0.003206968307495117;1693188371.92233
request;174;1693188371.931366
result;174;-1;0.0016009807586669922;0.0007970333099365234;0.00016999244689941406;0.003749847412109375;1693188371.937613
request;175;1693188371.94709
result;175;-1;0.0016341209411621094;0.0007998943328857422;0.00017213821411132812;0.003787994384765625;1693188371.953805
request;176;1693188371.963086
result;176;-1;0.0016369819641113281;0.0007889270782470703;0.0001709461212158203;0.003793001174926758;1693188371.969196
request;177;1693188371.994264
result;177;-1;0.0016429424285888672;0.0007810592651367188;0.0001690387725830078;0.003777027130126953;1693188372.001301
request;178;1693188372.009519
result;178;-1;0.0015718936920166016;0.0008101463317871094;0.00017189979553222656;0.0037300586700439453;1693188372.015898
request;179;1693188372.024884
result;179;-1;0.0015490055084228516;0.00012111663818359375;0.00017189979553222656;0.0032351016998291016;1693188372.030904
request;180;1693188372.055944
result;180;-1;0.0015859603881835938;0.0008039474487304688;0.00016999244689941406;0.003779888153076172;1693188372.063167
request;181;1693188372.071849
result;181;-1;0.001569986343383789;0.0008041858673095703;0.0001728534698486328;0.0037071704864501953;1693188372.078316
request;182;1693188372.087309
result;182;-1;0.0015590190887451172;0.00012302398681640625;0.0001728534698486328;0.003180980682373047;1693188372.092929
request;183;1693188372.103165
result;183;-1;0.0016291141510009766;0.0008058547973632812;0.00017404556274414062;0.003777027130126953;1693188372.110004
request;184;1693188372.1339
result;184;-1;0.0015201568603515625;0.0002799034118652344;0.00017499923706054688;0.0031921863555908203;1693188372.139877
request;185;1693188372.148984
result;185;-1;0.0016291141510009766;0.0007929801940917969;0.00020003318786621094;0.003820180892944336;1693188372.155861
request;186;1693188372.164633
result;186;-1;0.0015339851379394531;0.00024890899658203125;0.0001709461212158203;0.0031709671020507812;1693188372.170203
request;187;1693188372.195245
result;187;-1;0.0016410350799560547;0.0007951259613037109;0.0001678466796875;0.0037641525268554688;1693188372.201887
request;188;1693188372.210363
result;188;-1;0.0016341209411621094;0.0008020401000976562;0.00017189979553222656;0.0038170814514160156;1693188372.217288
request;189;1693188372.226123
result;189;-1;0.003203868865966797;0.00012993812561035156;0.0001862049102783203;0.00503993034362793;1693188372.234042
request;190;1693188372.257311
result;190;-1;0.0016121864318847656;0.0007967948913574219;0.00019121170043945312;0.0038161277770996094;1693188372.263635
request;191;1693188372.273135
result;191;-1;0.0016121864318847656;0.0007870197296142578;0.00024390220642089844;0.0038530826568603516;1693188372.279949
request;192;1693188372.288442
result;192;-1;0.0015840530395507812;0.000247955322265625;0.00017309188842773438;0.0032329559326171875;1693188372.294455
request;193;1693188372.304133
result;193;-1;0.0015912055969238281;0.0007917881011962891;0.00017118453979492188;0.0037980079650878906;1693188372.311005
request;194;1693188372.335166
result;194;-1;0.00168609619140625;0.000804901123046875;0.0001709461212158203;0.0038290023803710938;1693188372.342025
request;195;1693188372.350471
result;195;-1;0.0015950202941894531;0.00012087821960449219;0.00017404556274414062;0.0032439231872558594;1693188372.356661
request;196;1693188372.365591
result;196;-1;0.0015959739685058594;0.0007910728454589844;0.00017404556274414062;0.0037479400634765625;1693188372.372344
request;197;1693188372.396715
result;197;-1;0.0018389225006103516;0.0007610321044921875;0.00028395652770996094;0.004519939422607422;1693188372.404241
request;198;1693188372.41209
result;198;-1;0.0020189285278320312;0.00014090538024902344;0.00021195411682128906;0.004222869873046875;1693188372.41985
request;199;1693188372.428177
result;199;-1;0.0021719932556152344;0.0001289844512939453;0.00019407272338867188;0.003924131393432617;1693188372.434646
request;200;1693188372.443669
result;200;-1;0.0017740726470947266;0.0002989768981933594;0.0001819133758544922;0.0034749507904052734;1693188372.450246
request;201;1693188372.475096
result;201;-1;0.0017879009246826172;0.00013208389282226562;0.00018596649169921875;0.0034940242767333984;1693188372.481272
request;202;1693188372.490491
result;202;-1;0.0017790794372558594;0.00013113021850585938;0.0001819133758544922;0.0033750534057617188;1693188372.496456
request;203;1693188372.506088
result;203;-1;0.001619100570678711;0.00011587142944335938;0.000164031982421875;0.003139019012451172;1693188372.512015
request;204;1693188372.536326
result;204;-1;0.0015499591827392578;0.00011420249938964844;0.00016379356384277344;0.0030629634857177734;1693188372.542024
request;205;1693188372.551748
result;205;-1;0.0015430450439453125;0.00011396408081054688;0.000164031982421875;0.0030448436737060547;1693188372.557301
request;206;1693188372.567011
result;206;-1;0.0015759468078613281;0.00011610984802246094;0.00016307830810546875;0.003083944320678711;1693188372.572267
request;207;1693188372.582092
result;207;-1;0.001528024673461914;0.00017690658569335938;0.00016808509826660156;0.0030469894409179688;1693188372.588319
request;208;1693188372.613175
result;208;-1;0.0013959407806396484;0.00011086463928222656;0.00016021728515625;0.0029768943786621094;1693188372.618677
request;209;1693188372.62905
result;209;-1;0.0014100074768066406;0.00011205673217773438;0.0001609325408935547;0.0029790401458740234;1693188372.635449
request;210;1693188372.644852
result;210;-1;0.0014488697052001953;0.0008389949798583984;0.00016999244689941406;0.0035469532012939453;1693188372.652016
request;211;1693188372.675178
result;211;-1;0.0015990734100341797;0.0008358955383300781;0.0001690387725830078;0.003729104995727539;1693188372.682016
request;212;1693188372.690647
result;212;-1;0.0015909671783447266;0.00011086463928222656;0.00016117095947265625;0.003206014633178711;1693188372.696911
request;213;1693188372.706103
result;213;-1;0.0017042160034179688;0.00012683868408203125;0.00018715858459472656;0.003467082977294922;1693188372.71219
request;214;1693188372.736753
result;214;-1;0.0015950202941894531;0.0008141994476318359;0.0001819133758544922;0.0039560794830322266;1693188372.743722
request;215;1693188372.75202
result;215;-1;0.0015430450439453125;0.00012493133544921875;0.0001850128173828125;0.00327301025390625;1693188372.758464
request;216;1693188372.767154
result;216;-1;0.00162506103515625;0.0008130073547363281;0.00017595291137695312;0.003910064697265625;1693188372.774761
request;217;1693188372.783159
result;217;-1;0.0016210079193115234;0.0008218288421630859;0.0001761913299560547;0.003923892974853516;1693188372.790159
request;218;1693188372.814479
result;218;-1;0.001634836196899414;0.0001251697540283203;0.0001819133758544922;0.00335693359375;1693188372.820627
request;219;1693188372.830228
result;219;-1;0.0016391277313232422;0.00012087821960449219;0.00018095970153808594;0.00335693359375;1693188372.836266
request;220;1693188372.845889
result;220;-1;0.0015659332275390625;0.000186920166015625;0.0001800060272216797;0.0033419132232666016;1693188372.852448
request;221;1693188372.877071
result;221;-1;0.0015790462493896484;0.0008180141448974609;0.00017690658569335938;0.003942966461181641;1693188372.88389
request;222;1693188372.893105
result;222;-1;0.0015881061553955078;0.0008170604705810547;0.00017786026000976562;0.003935098648071289;1693188372.899405
request;223;1693188372.908902
result;223;-1;0.0015838146209716797;0.0008189678192138672;0.00017499923706054688;0.0039348602294921875;1693188372.915314
request;224;1693188372.923496
request;225;1693188372.953919
request;226;1693188372.969051
result;224;[2];0.0016710758209228516;0.0007970333099365234;0.04114198684692383;0.04551815986633301;1693188372.971996
result;225;[2];0.008177995681762695;0.005294084548950195;0.007421970367431641;0.022808074951171875;1693188372.980025
request;227;1693188372.984802
result;226;[2];0.0017650127410888672;0.003964900970458984;0.005738973617553711;0.013033866882324219;1693188372.985729
result;227;[2];0.0015988349914550781;0.0008111000061035156;0.004849910736083984;0.008761882781982422;1693188372.996571
request;228;1693188373.015941
result;228;[3];0.0008440017700195312;0.0001239776611328125;0.002334117889404297;0.004190921783447266;1693188373.022874
request;229;1693188373.031187
result;229;[3];0.0008862018585205078;0.0009188652038574219;0.0023241043090820312;0.0050220489501953125;1693188373.039057
request;230;1693188373.047037
result;230;[3];0.0008440017700195312;0.00012612342834472656;0.0023598670959472656;0.004220008850097656;1693188373.05381
request;231;1693188373.063176
result;231;[3];0.0008740425109863281;6.198883056640625e-05;0.0024368762969970703;0.0042688846588134766;1693188373.069604
request;232;1693188373.095165
result;232;[3];0.0009150505065917969;6.29425048828125e-05;0.00244903564453125;0.004317045211791992;1693188373.10214
request;233;1693188373.110842
result;233;[3];0.0008339881896972656;0.0002779960632324219;0.0023260116577148438;0.004316091537475586;1693188373.118046
request;234;1693188373.12629
result;234;[3];0.0008561611175537109;6.198883056640625e-05;0.002496004104614258;0.004297971725463867;1693188373.133159
request;235;1693188373.157191
result;235;[3];0.0008440017700195312;0.000125885009765625;0.0023751258850097656;0.0042209625244140625;1693188373.163585
request;236;1693188373.172086
result;236;[0];0.0008640289306640625;0.0009248256683349609;0.002393007278442383;0.00503993034362793;1693188373.17919
request;237;1693188373.186867
result;237;[0];0.000823974609375;0.0001201629638671875;0.002357006072998047;0.004176139831542969;1693188373.193257
request;238;1693188373.202032
result;238;[0];0.0008590221405029297;0.0009260177612304688;0.002328157424926758;0.004990100860595703;1693188373.209955
request;239;1693188373.233119
result;239;[0];0.0009338855743408203;6.508827209472656e-05;0.002538919448852539;0.004417896270751953;1693188373.24003
request;240;1693188373.248619
result;240;[0];0.0008819103240966797;0.0009191036224365234;0.002552032470703125;0.005233049392700195;1693188373.256409
request;241;1693188373.264483
result;241;[0];0.0008511543273925781;0.0001277923583984375;0.00234222412109375;0.0042171478271484375;1693188373.270819
request;242;1693188373.295852
result;242;[0];0.0008461475372314453;0.0003590583801269531;0.0023369789123535156;0.00446009635925293;1693188373.303296
request;243;1693188373.311268
result;243;[0];0.0009350776672363281;0.0009150505065917969;0.0023260116577148438;0.005086183547973633;1693188373.318668
request;244;1693188373.327173
result;244;[0];0.0008528232574462891;6.318092346191406e-05;0.002435922622680664;0.004235982894897461;1693188373.334213
request;245;1693188373.342854
result;245;[0];0.0008308887481689453;0.0002601146697998047;0.0023338794708251953;0.00429987907409668;1693188373.350014
request;246;1693188373.373829
result;246;[0];0.0008528232574462891;6.318092346191406e-05;0.002518892288208008;0.004315853118896484;1693188373.38099
request;247;1693188373.389092
result;247;[0];0.0020570755004882812;0.0009179115295410156;0.0024471282958984375;0.006346940994262695;1693188373.397786
request;248;1693188373.405176
result;248;[1];0.0011827945709228516;0.00024008750915527344;0.003339052200317383;0.0056629180908203125;1693188373.413423
request;249;1693188373.436033
result;249;[1];0.0009238719940185547;0.0009100437164306641;0.002418994903564453;0.005131959915161133;1693188373.444317
request;250;1693188373.4517
result;250;[1];0.0008599758148193359;0.0003390312194824219;0.0023338794708251953;0.0044400691986083984;1693188373.458987
request;251;1693188373.467044
result;251;[1];0.0009019374847412109;6.389617919921875e-05;0.0024461746215820312;0.0043048858642578125;1693188373.473886
request;252;1693188373.482876
result;252;[1];0.0009100437164306641;0.0009169578552246094;0.0023310184478759766;0.00504612922668457;1693188373.490872
request;253;1693188373.514094
result;253;[1];0.0010149478912353516;0.0008978843688964844;0.0023369789123535156;0.005064964294433594;1693188373.52207
request;254;1693188373.529455
result;254;[1];0.0008859634399414062;5.698204040527344e-05;0.0025429725646972656;0.0042951107025146484;1693188373.536451
request;255;1693188373.545465
result;255;[1];0.0008769035339355469;5.817413330078125e-05;0.002655029296875;0.004414081573486328;1693188373.552443
request;256;1693188373.577427
result;256;[1];0.0008759498596191406;0.0009229183197021484;0.0023851394653320312;0.004991054534912109;1693188373.585422
request;257;1693188373.592417
result;257;[1];0.0008580684661865234;0.00019097328186035156;0.0024139881134033203;0.004263877868652344;1693188373.600003
request;258;1693188373.607121
result;258;[1];0.0008461475372314453;0.00045299530029296875;0.0023169517517089844;0.004445075988769531;1693188373.616051
request;259;1693188373.637351
result;259;[1];0.0008499622344970703;0.0001270771026611328;0.0023910999298095703;0.004167079925537109;1693188373.645302
request;260;1693188373.653255
result;260;[1];0.0008718967437744141;0.0009191036224365234;0.0023958683013916016;0.0049898624420166016;1693188373.660956
request;261;1693188373.66856
result;261;[1];0.0008490085601806641;0.00012803077697753906;0.0023720264434814453;0.0041429996490478516;1693188373.67531
request;262;1693188373.684145
result;262;[1];0.000978231430053711;0.0009207725524902344;0.002389192581176758;0.005076169967651367;1693188373.692037
request;263;1693188373.715169
result;263;[1];0.000881195068359375;0.00028586387634277344;0.0023300647735595703;0.004299163818359375;1693188373.722029
request;264;1693188373.731099
result;264;[2];0.0009260177612304688;0.0008749961853027344;0.002328157424926758;0.004953145980834961;1693188373.738341
request;265;1693188373.746594
result;265;[2];0.0008559226989746094;6.198883056640625e-05;0.0024700164794921875;0.0041959285736083984;1693188373.75365
request;266;1693188373.777652
result;266;[2];0.0008699893951416016;6.413459777832031e-05;0.0025179386138916016;0.004256010055541992;1693188373.784735
request;267;1693188373.793261
result;267;[2];0.0008480548858642578;0.00012993812561035156;0.0023899078369140625;0.00415492057800293;1693188373.800265
request;268;1693188373.808966
result;268;[2];0.0008709430694580078;0.0009160041809082031;0.002432107925415039;0.005017995834350586;1693188373.817055
request;269;1693188373.824195
result;269;[2];0.0008549690246582031;6.103515625e-05;0.0025119781494140625;0.004230976104736328;1693188373.83117
request;270;1693188373.854527
result;270;[2];0.0008900165557861328;0.0009210109710693359;0.0024619102478027344;0.005076885223388672;1693188373.862037
request;271;1693188373.870125
result;271;[2];0.0008401870727539062;0.0001277923583984375;0.002440214157104492;0.0042040348052978516;1693188373.876323
request;272;1693188373.901283
result;272;[2];0.0008480548858642578;0.00014901161193847656;0.002399921417236328;0.004188060760498047;1693188373.908118
request;273;1693188373.917135
result;273;[2];0.0008718967437744141;6.198883056640625e-05;0.0024890899658203125;0.004228830337524414;1693188373.924119
request;274;1693188373.947915
request;275;1693188373.947915
result;275;[2];0.0012869834899902344;0.000244140625;0.002396821975708008;0.0050351619720458984;1693188373.956004
result;274;[3];0.0009338855743408203;0.003535032272338867;0.0027070045471191406;0.007992029190063477;1693188373.958189
request;276;1693188373.979132
result;276;[3];0.0008950233459472656;0.0009131431579589844;0.002312898635864258;0.004949092864990234;1693188373.986427
request;277;1693188373.994298
result;277;[3];0.0008499622344970703;0.0001308917999267578;0.0023941993713378906;0.0041730403900146484;1693188374.000521
request;278;1693188374.0102
result;278;[3];0.0008699893951416016;0.0009200572967529297;0.002312898635864258;0.0048940181732177734;1693188374.01792
request;279;1693188374.025135
result;279;[3];0.0008449554443359375;0.0001900196075439453;0.002374887466430664;0.004196882247924805;1693188374.03196
request;280;1693188374.056257
result;280;[3];0.0008509159088134766;0.0004639625549316406;0.0023751258850097656;0.004488945007324219;1693188374.063122
request;281;1693188374.072133
result;281;[3];0.0008370876312255859;0.0001239776611328125;0.0023109912872314453;0.00409698486328125;1693188374.078903
request;282;1693188374.088254
result;282;[3];0.0008440017700195312;0.000286102294921875;0.002312898635864258;0.004271030426025391;1693188374.095224
request;283;1693188374.104253
result;283;[3];0.0008680820465087891;0.0009179115295410156;0.002376079559326172;0.004951953887939453;1693188374.112022
request;284;1693188374.135254
result;284;[3];0.0008971691131591797;4.982948303222656e-05;0.002438068389892578;0.004191160202026367;1693188374.142287
request;285;1693188374.150888
result;285;[3];0.0008380413055419922;0.00013589859008789062;0.0024559497833251953;0.004230022430419922;1693188374.157887
request;286;1693188374.166555
result;286;[3];0.0008358955383300781;0.0001289844512939453;0.0023851394653320312;0.004143953323364258;1693188374.173754
request;287;1693188374.197891
result;287;[3];0.0008399486541748047;0.00013113021850585938;0.0024330615997314453;0.0041980743408203125;1693188374.20484
request;288;1693188374.213256
result;288;[3];0.0008399486541748047;0.0001819133758544922;0.002414226531982422;0.004227876663208008;1693188374.220352
request;289;1693188374.22852
result;289;[3];0.0008518695831298828;0.00046515464782714844;0.0024039745330810547;0.004503011703491211;1693188374.236205
request;290;1693188374.24426
result;290;[3];0.0008440017700195312;0.0001499652862548828;0.0023279190063476562;0.004181861877441406;1693188374.250518
request;291;1693188374.275251
result;291;[3];0.0008978843688964844;0.00043201446533203125;0.002318143844604492;0.004442930221557617;1693188374.282038
request;292;1693188374.291284
result;292;[3];0.0008940696716308594;0.0009188652038574219;0.0023260116577148438;0.004987955093383789;1693188374.299172
request;293;1693188374.307258
result;293;[3];0.0008599758148193359;0.0002751350402832031;0.0023069381713867188;0.004239082336425781;1693188374.314326
request;294;1693188374.323257
result;294;[0];0.0008730888366699219;0.0009188652038574219;0.0023050308227539062;0.004921913146972656;1693188374.330973
request;295;1693188374.355254
result;295;[0];0.0008890628814697266;0.00011587142944335938;0.002315044403076172;0.004112958908081055;1693188374.362015
request;296;1693188374.370686
result;296;[0];0.0008380413055419922;0.00012683868408203125;0.00238800048828125;0.00415492057800293;1693188374.377621
request;297;1693188374.386787
result;297;[0];0.0008640289306640625;0.0009229183197021484;0.0023279190063476562;0.004909038543701172;1693188374.394577
request;298;1693188374.402018
result;298;[0];0.0017390251159667969;0.000102996826171875;0.003259897232055664;0.006165027618408203;1693188374.410843
request;299;1693188374.433017
result;299;[0];0.001004934310913086;0.00015115737915039062;0.002485990524291992;0.004549980163574219;1693188374.440879
request;300;1693188374.463387
request;301;1693188374.463387
result;301;[0];0.0011589527130126953;5.3882598876953125e-05;0.002444028854370117;0.004745006561279297;1693188374.471305
result;300;[0];0.001027822494506836;0.0035572052001953125;0.0033779144287109375;0.008884906768798828;1693188374.474934
request;302;1693188374.50905
request;303;1693188374.50905
result;302;[0];0.0009539127349853516;6.914138793945312e-05;0.003412008285522461;0.0055730342864990234;1693188374.517244
result;303;[0];0.0031321048736572266;0.001180887222290039;0.0029501914978027344;0.008080005645751953;1693188374.520694
request;304;1693188374.524938
result;304;[0];0.0009191036224365234;0.00011897087097167969;0.002377033233642578;0.004231929779052734;1693188374.531103
request;305;1693188374.556114
result;305;[0];0.0019159317016601562;0.0002639293670654297;0.002434968948364258;0.0055239200592041016;1693188374.564583
request;306;1693188374.570915
result;306;[0];0.000881195068359375;0.00019097328186035156;0.0023238658905029297;0.004235029220581055;1693188374.577335
request;307;1693188374.586208
result;307;[1];0.0009250640869140625;0.0004239082336425781;0.002393007278442383;0.0046329498291015625;1693188374.593606
request;308;1693188374.616882
result;308;[1];0.0009310245513916016;0.0009109973907470703;0.002418994903564453;0.00516200065612793;1693188374.625028
request;309;1693188374.632018
result;309;[1];0.0008959770202636719;0.00045418739318847656;0.002324819564819336;0.0045909881591796875;1693188374.639054
request;310;1693188374.647739
result;310;[1];0.000865936279296875;0.00017309188842773438;0.0023298263549804688;0.004221916198730469;1693188374.654341
request;311;1693188374.663261
result;311;[1];0.0009219646453857422;6.198883056640625e-05;0.0024709701538085938;0.0043299198150634766;1693188374.670699
request;312;1693188374.694229
result;312;[1];0.0009682178497314453;6.699562072753906e-05;0.0025010108947753906;0.0043811798095703125;1693188374.700774
request;313;1693188374.710152
result;313;[1];0.0008900165557861328;6.508827209472656e-05;0.0026159286499023438;0.004427909851074219;1693188374.717481
request;314;1693188374.725196
result;314;[1];0.0008978843688964844;6.604194641113281e-05;0.0025360584259033203;0.004349946975708008;1693188374.732015
request;315;1693188374.756466
result;315;[1];0.0008938312530517578;6.008148193359375e-05;0.002507925033569336;0.004288911819458008;1693188374.762442
request;316;1693188374.771853
result;316;[1];0.0008790493011474609;0.00017499923706054688;0.0023429393768310547;0.0042569637298583984;1693188374.778542
request;317;1693188374.787117
result;317;[1];0.0009329319000244141;6.794929504394531e-05;0.002457141876220703;0.004297018051147461;1693188374.794086
request;318;1693188374.802727
result;318;[1];0.0009019374847412109;6.794929504394531e-05;0.0025072097778320312;0.004327058792114258;1693188374.809479
request;319;1693188374.833218
result;319;[1];0.0008819103240966797;0.00014710426330566406;0.002427816390991211;0.004336833953857422;1693188374.839684
request;320;1693188374.849087
result;320;[1];0.0008821487426757812;6.699562072753906e-05;0.002550840377807617;0.004395961761474609;1693188374.855967
request;321;1693188374.864841
result;321;[1];0.0008800029754638672;0.00014400482177734375;0.0023899078369140625;0.0042879581451416016;1693188374.872016
request;322;1693188374.895173
result;322;[1];0.0009081363677978516;6.699562072753906e-05;0.0024750232696533203;0.004352092742919922;1693188374.902015
request;323;1693188374.910465
result;323;[1];0.0008809566497802734;6.604194641113281e-05;0.002496004104614258;0.004338979721069336;1693188374.91769
request;324;1693188374.925846
result;324;[2];0.0008721351623535156;0.00017499923706054688;0.0024199485778808594;0.004352092742919922;1693188374.932467
request;325;1693188374.956977
result;325;[2];0.0008859634399414062;6.794929504394531e-05;0.002544879913330078;0.004392862319946289;1693188374.964314
request;326;1693188374.972089
result;326;[2];0.0008759498596191406;6.699562072753906e-05;0.0024590492248535156;0.00432896614074707;1693188374.97849
request;327;1693188374.987185
result;327;[2];0.0009181499481201172;6.604194641113281e-05;0.0025489330291748047;0.004515171051025391;1693188374.994653
request;328;1693188375.0027
result;328;[2];0.0008978843688964844;0.0009222030639648438;0.002332925796508789;0.005088090896606445;1693188375.010704
request;329;1693188375.034136
result;329;[2];0.0008859634399414062;6.604194641113281e-05;0.002521038055419922;0.0043179988861083984;1693188375.040771
request;330;1693188375.049525
result;330;[2];0.000885009765625;0.0002460479736328125;0.0024509429931640625;0.004412174224853516;1693188375.056292
request;331;1693188375.064819
result;331;[2];0.0009150505065917969;0.00045108795166015625;0.002416849136352539;0.004682064056396484;1693188375.074584
request;332;1693188375.095606
result;332;[2];0.0009069442749023438;0.0004439353942871094;0.002334117889404297;0.004536867141723633;1693188375.102183
request;333;1693188375.110984
result;333;[2];0.0009350776672363281;0.00041294097900390625;0.0023360252380371094;0.0045130252838134766;1693188375.118432
request;334;1693188375.126655
result;334;[2];0.0008649826049804688;0.0001399517059326172;0.002359151840209961;0.004168033599853516;1693188375.133142
request;335;1693188375.15685
result;335;[2];0.0008449554443359375;0.000225067138671875;0.0023899078369140625;0.004261970520019531;1693188375.163969
request;336;1693188375.172137
result;336;[3];0.0008399486541748047;0.0001270771026611328;0.002379894256591797;0.004137992858886719;1693188375.179702
request;337;1693188375.187787
result;337;[3];0.0008530616760253906;0.00012993812561035156;0.0023200511932373047;0.004112958908081055;1693188375.194887
request;338;1693188375.203221
result;338;[3];0.0008530616760253906;0.0001308917999267578;0.002329111099243164;0.0041120052337646484;1693188375.210137
request;339;1693188375.234257
result;339;[3];0.0008769035339355469;0.0009121894836425781;0.002321004867553711;0.0049059391021728516;1693188375.242035
request;340;1693188375.249664
result;340;[3];0.0008668899536132812;0.0009140968322753906;0.002393960952758789;0.004981040954589844;1693188375.25754
request;341;1693188375.26534
result;341;[3];0.0008668899536132812;0.0009179115295410156;0.0024971961975097656;0.0050868988037109375;1693188375.273224
request;342;1693188375.296733
result;342;[3];0.0008800029754638672;0.0009148120880126953;0.0024261474609375;0.0050199031829833984;1693188375.304391
request;343;1693188375.312086
result;343;[3];0.0008668899536132812;6.389617919921875e-05;0.002492189407348633;0.004221916198730469;1693188375.319267
request;344;1693188375.327541
result;344;[3];0.0009119510650634766;0.0009200572967529297;0.0023229122161865234;0.004990816116333008;1693188375.335356
request;345;1693188375.343248
result;345;[3];0.0009000301361083984;0.0009100437164306641;0.0023200511932373047;0.0049550533294677734;1693188375.350523
request;346;1693188375.374126
result;346;[3];0.0008389949798583984;0.00027298927307128906;0.002401113510131836;0.00430607795715332;1693188375.380532
request;347;1693188375.38942
result;347;[3];0.0008537769317626953;0.0004601478576660156;0.002404928207397461;0.004509925842285156;1693188375.396659
request;348;1693188375.405112
result;348;[3];0.0011889934539794922;8.988380432128906e-05;0.003350973129272461;0.0055999755859375;1693188375.413843
request;349;1693188375.435431
result;349;[3];0.0010089874267578125;0.0001628398895263672;0.0023331642150878906;0.004395961761474609;1693188375.443038
request;350;1693188375.450576
result;350;[3];0.0008528232574462891;0.00010919570922851562;0.0024487972259521484;0.0042498111724853516;1693188375.457503
request;351;1693188375.466164
result;351;[3];0.0008780956268310547;6.699562072753906e-05;0.0025451183319091797;0.004332065582275391;1693188375.472519
request;352;1693188375.496739
result;352;[3];0.0009000301361083984;6.985664367675781e-05;0.002496957778930664;0.00429081916809082;1693188375.503951
request;353;1693188375.512138
result;353;[0];0.0008740425109863281;0.00046181678771972656;0.0023910999298095703;0.004553079605102539;1693188375.519169
request;354;1693188375.528113
result;354;[0];0.0008420944213867188;6.008148193359375e-05;0.0024390220642089844;0.0042040348052978516;1693188375.534513
request;355;1693188375.543874
result;355;[0];0.0008449554443359375;0.00013399124145507812;0.0024230480194091797;0.004273891448974609;1693188375.550278
request;356;1693188375.575088
result;356;[0];0.0009169578552246094;0.0004239082336425781;0.0023441314697265625;0.004511833190917969;1693188375.582028
request;357;1693188375.590908
result;357;[0];0.0008759498596191406;6.604194641113281e-05;0.0024368762969970703;0.004210948944091797;1693188375.598046
request;358;1693188375.606032
result;358;[0];0.0008900165557861328;0.0009179115295410156;0.0023560523986816406;0.00499415397644043;1693188375.613085
request;359;1693188375.637195
result;359;[0];0.0008680820465087891;6.699562072753906e-05;0.002505064010620117;0.004271030426025391;1693188375.644366
request;360;1693188375.653168
result;360;[0];0.0008890628814697266;0.0009179115295410156;0.0023860931396484375;0.005017995834350586;1693188375.66067
request;361;1693188375.668027
result;361;[0];0.0008749961853027344;0.00045800209045410156;0.0023801326751708984;0.0045130252838134766;1693188375.674977
request;362;1693188375.683167
result;362;[0];0.0009479522705078125;0.00026702880859375;0.002346038818359375;0.005272865295410156;1693188375.690824
request;363;1693188375.728119
request;364;1693188375.728119
result;364;[0];0.001363992691040039;0.00021696090698242188;0.002404928207397461;0.005066871643066406;1693188375.735997
result;363;[0];0.0010561943054199219;0.0035858154296875;0.002907991409301758;0.008422136306762695;1693188375.739664
request;365;1693188375.743642
result;365;[0];0.0008878707885742188;0.0009171962738037109;0.002313852310180664;0.00501704216003418;1693188375.750862
request;366;1693188375.775262
result;366;[1];0.0008730888366699219;5.793571472167969e-05;0.0024521350860595703;0.004272937774658203;1693188375.782019
request;367;1693188375.790829
result;367;[1];0.0008769035339355469;0.00018405914306640625;0.0023419857025146484;0.004281044006347656;1693188375.798005
request;368;1693188375.80626
result;368;[1];0.0008699893951416016;0.0009171962738037109;0.0023288726806640625;0.005000114440917969;1693188375.814071
request;369;1693188375.837217
result;369;[1];0.0008928775787353516;0.0009140968322753906;0.002521038055419922;0.005212068557739258;1693188375.845349
request;370;1693188375.852798
result;370;[1];0.0008418560028076172;0.0002930164337158203;0.0023970603942871094;0.004396915435791016;1693188375.860122
request;371;1693188375.867958
result;371;[1];0.0008361339569091797;6.4849853515625e-05;0.002437114715576172;0.004246950149536133;1693188375.874968
request;372;1693188375.883255
result;372;[1];0.0008709430694580078;6.699562072753906e-05;0.002476930618286133;0.004221916198730469;1693188375.890266
request;373;1693188375.914256
result;373;[1];0.0008909702301025391;0.0009088516235351562;0.002335071563720703;0.004938840866088867;1693188375.92117
request;374;1693188375.929432
result;374;[1];0.0008530616760253906;0.0001308917999267578;0.002421140670776367;0.004209041595458984;1693188375.936461
request;375;1693188375.945488
result;375;[1];0.0008690357208251953;0.0009160041809082031;0.002377033233642578;0.004961967468261719;1693188375.953443
request;376;1693188375.9763
result;376;[1];0.0008599758148193359;0.00045490264892578125;0.002378225326538086;0.004486083984375;1693188375.983706
request;377;1693188375.992093
result;377;[1];0.0008401870727539062;0.0001308917999267578;0.0023241043090820312;0.00415802001953125;1693188375.998506
request;378;1693188376.007745
result;378;[1];0.0008559226989746094;6.413459777832031e-05;0.002427816390991211;0.004183053970336914;1693188376.014657
request;379;1693188376.02326
result;379;[1];0.0008649826049804688;0.00013113021850585938;0.002321004867553711;0.0041179656982421875;1693188376.029941
request;380;1693188376.05425
result;380;[1];0.0008459091186523438;0.0004711151123046875;0.0023651123046875;0.004477024078369141;1693188376.061022
request;381;1693188376.069711
result;381;[1];0.0008540153503417969;0.00036978721618652344;0.0024030208587646484;0.004428863525390625;1693188376.07719
request;382;1693188376.085255
result;382;[1];0.0008380413055419922;0.0002880096435546875;0.0024170875549316406;0.004332065582275391;1693188376.092273
request;383;1693188376.115708
result;383;[1];0.0008640289306640625;0.00012993812561035156;0.0024309158325195312;0.004253864288330078;1693188376.122648
request;384;1693188376.131046
result;384;[1];0.0008678436279296875;0.00015497207641601562;0.002328157424926758;0.00414586067199707;1693188376.138085
request;385;1693188376.146641
result;385;[1];0.0008378028869628906;0.0001270771026611328;0.0023550987243652344;0.00411677360534668;1693188376.153523
request;386;1693188376.177255
result;386;[2];0.0008869171142578125;0.0009160041809082031;0.0024170875549316406;0.005017995834350586;1693188376.185139
request;387;1693188376.193255
result;387;[2];0.0008628368377685547;0.0004520416259765625;0.002431154251098633;0.004547834396362305;1693188376.20063
request;388;1693188376.209248
result;388;[2];0.0008461475372314453;6.4849853515625e-05;0.0025000572204589844;0.004214048385620117;1693188376.215989
request;389;1693188376.225092
result;389;[2];0.0008678436279296875;6.508827209472656e-05;0.0024869441986083984;0.004216909408569336;1693188376.232035
request;390;1693188376.256317
result;390;[2];0.0008440017700195312;6.508827209472656e-05;0.002463817596435547;0.004178047180175781;1693188376.265579
request;391;1693188376.271924
result;391;[2];0.0008900165557861328;0.0009188652038574219;0.0023729801177978516;0.004973888397216797;1693188376.279438
request;392;1693188376.287437
result;392;[2];0.0008721351623535156;0.0009198188781738281;0.002371072769165039;0.004951000213623047;1693188376.295433
request;393;1693188376.303428
result;393;[2];0.0008940696716308594;0.0009098052978515625;0.002309083938598633;0.004963874816894531;1693188376.310733
request;394;1693188376.334166
result;394;[2];0.0008511543273925781;0.0003559589385986328;0.0023450851440429688;0.004351139068603516;1693188376.340704
request;395;1693188376.349996
result;395;[3];0.0008440017700195312;0.00012803077697753906;0.0023899078369140625;0.0041599273681640625;1693188376.356841
request;396;1693188376.365141
result;396;[3];0.0008318424224853516;0.0002930164337158203;0.002393007278442383;0.004303932189941406;1693188376.371994
request;397;1693188376.396408
result;397;[3];0.0008630752563476562;0.00045680999755859375;0.005461215972900391;0.00793600082397461;1693188376.407194
request;398;1693188376.411922
result;398;[3];0.001071929931640625;6.008148193359375e-05;0.0026350021362304688;0.0046389102935791016;1693188376.419681
request;399;1693188376.42728
result;399;[3];0.0008690357208251953;0.00034809112548828125;0.0023419857025146484;0.004430055618286133;1693188376.433666
request;400;1693188376.443174
result;400;[3];0.0009059906005859375;0.00012993812561035156;0.002332925796508789;0.004239797592163086;1693188376.450429
request;401;1693188376.474092
result;401;[3];0.0009050369262695312;6.198883056640625e-05;0.0025031566619873047;0.004357099533081055;1693188376.481834
request;402;1693188376.489927
result;402;[3];0.0008380413055419922;0.00033211708068847656;0.0024149417877197266;0.0044591426849365234;1693188376.49753
request;403;1693188376.505671
result;403;[3];0.0008630752563476562;0.0003719329833984375;0.002431154251098633;0.004542112350463867;1693188376.513055
request;404;1693188376.535846
result;404;[3];0.0008718967437744141;0.0009250640869140625;0.002382040023803711;0.005033969879150391;1693188376.543635
request;405;1693188376.550973
result;405;[3];0.0009088516235351562;0.0008809566497802734;0.0023250579833984375;0.005016803741455078;1693188376.558228
request;406;1693188376.566159
result;406;[3];0.0008330345153808594;0.0002689361572265625;0.002402067184448242;0.004380941390991211;1693188376.5732
request;407;1693188376.597548
result;407;[3];0.0008730888366699219;0.0009160041809082031;0.0023849010467529297;0.005053997039794922;1693188376.605416
request;408;1693188376.612779
result;408;[3];0.0008490085601806641;0.0002980232238769531;0.0024178028106689453;0.004434823989868164;1693188376.619774
request;409;1693188376.628773
result;409;[0];0.0008661746978759766;0.0009188652038574219;0.0023839473724365234;0.0050470829010009766;1693188376.637
request;410;1693188376.644045
result;410;[0];0.00084686279296875;0.00012493133544921875;0.0023190975189208984;0.004197835922241211;1693188376.650547
request;411;1693188376.675436
result;411;[0];0.0009701251983642578;0.0001938343048095703;0.0023450851440429688;0.0044019222259521484;1693188376.682561
request;412;1693188376.690718
result;412;[0];0.0008368492126464844;0.00011706352233886719;0.002465963363647461;0.0043048858642578125;1693188376.697724
request;413;1693188376.705902
result;413;[0];0.0008559226989746094;0.0009260177612304688;0.002332925796508789;0.004993915557861328;1693188376.7133
request;414;1693188376.737002
result;414;[0];0.0008609294891357422;6.198883056640625e-05;0.0025060176849365234;0.004308938980102539;1693188376.744088
request;415;1693188376.752133
result;415;[0];0.0008738040924072266;0.0009241104125976562;0.002398967742919922;0.005049943923950195;1693188376.759476
request;416;1693188376.767362
result;416;[0];0.0008678436279296875;0.0004470348358154297;0.0023190975189208984;0.00456690788269043;1693188376.774729
request;417;1693188376.783182
result;417;[0];0.0010111331939697266;0.00012493133544921875;0.002338886260986328;0.00439000129699707;1693188376.790145
request;418;1693188376.814216
result;418;[1];0.0008537769317626953;0.0001270771026611328;0.002402067184448242;0.004258871078491211;1693188376.820842
request;419;1693188376.829724
result;419;[1];0.0008599758148193359;0.0009179115295410156;0.002413034439086914;0.0050508975982666016;1693188376.839306
request;420;1693188376.845215
result;420;[1];0.0008261203765869141;0.0002808570861816406;0.0024280548095703125;0.004416942596435547;1693188376.852505
request;421;1693188376.875897
result;421;[1];0.0008549690246582031;0.00036787986755371094;0.002334117889404297;0.004465818405151367;1693188376.883595
request;422;1693188376.891591
result;422;[1];0.0008459091186523438;0.0004620552062988281;0.002313852310180664;0.004514932632446289;1693188376.898587
request;423;1693188376.906846
result;423;[1];0.0008261203765869141;0.0001308917999267578;0.0023360252380371094;0.004168033599853516;1693188376.914094
request;424;1693188376.922119
result;424;[1];0.0008749961853027344;0.00092315673828125;0.0023229122161865234;0.0050051212310791016;1693188376.929873
request;425;1693188376.953169
result;425;[1];0.0008699893951416016;0.0009179115295410156;0.0024280548095703125;0.0050890445709228516;1693188376.960658
request;426;1693188376.968445
result;426;[1];0.0008380413055419922;0.0003399848937988281;0.002501964569091797;0.004539966583251953;1693188376.976225
request;427;1693188376.983685
result;427;[1];0.0008640289306640625;0.000125885009765625;0.0023260116577148438;0.00421905517578125;1693188376.990753
request;428;1693188377.014668
result;428;[1];0.0008649826049804688;0.00092315673828125;0.0023238658905029297;0.004995107650756836;1693188377.022643
request;429;1693188377.029927
result;429;[1];0.0008661746978759766;0.0009207725524902344;0.0023381710052490234;0.005001068115234375;1693188377.038503
request;430;1693188377.045199
result;430;[1];0.0008680820465087891;0.0009200572967529297;0.0023908615112304688;0.005052089691162109;1693188377.053303
request;431;1693188377.076088
result;431;[1];0.0008418560028076172;0.0001270771026611328;0.0023190975189208984;0.004200935363769531;1693188377.082447
request;432;1693188377.091395
result;432;[1];0.0008738040924072266;0.0009241104125976562;0.0023300647735595703;0.005035877227783203;1693188377.099336
request;433;1693188377.107103
result;433;[1];0.0008859634399414062;0.0009191036224365234;0.0023241043090820312;0.0050411224365234375;1693188377.11453
request;434;1693188377.123253
result;434;[1];0.0008831024169921875;0.0009160041809082031;0.0023419857025146484;0.005051136016845703;1693188377.131004
request;435;1693188377.154219
result;435;[1];0.0008831024169921875;0.0004570484161376953;0.002379894256591797;0.004537105560302734;1693188377.161055
request;436;1693188377.16966
result;436;[1];0.0008800029754638672;0.0009148120880126953;0.002340078353881836;0.004951000213623047;1693188377.17824
request;437;1693188377.185495
result;437;[1];0.0008339881896972656;6.198883056640625e-05;0.0025289058685302734;0.004248857498168945;1693188377.192795
request;438;1693188377.216939
result;438;[2];0.0008518695831298828;0.00013518333435058594;0.0023839473724365234;0.004173994064331055;1693188377.223419
request;439;1693188377.232139
result;439;[2];0.0008549690246582031;6.604194641113281e-05;0.0024518966674804688;0.00422978401184082;1693188377.238566
request;440;1693188377.247509
result;440;[1];0.0008838176727294922;0.0004532337188720703;0.0024089813232421875;0.004598855972290039;1693188377.254135
request;441;1693188377.263139
result;441;[1];0.0009260177612304688;0.0009169578552246094;0.002329111099243164;0.00500798225402832;1693188377.27213
request;442;1693188377.294384
result;442;[1];0.0008640289306640625;6.794929504394531e-05;0.002465963363647461;0.004233837127685547;1693188377.302465
request;443;1693188377.309598
result;443;[1];0.0008831024169921875;0.0009219646453857422;0.002373933792114258;0.004991054534912109;1693188377.317036
request;444;1693188377.3251
result;444;[2];0.0008559226989746094;6.699562072753906e-05;0.002492189407348633;0.004230022430419922;1693188377.33307
request;445;1693188377.356266
result;445;[2];0.0008711814880371094;0.0004668235778808594;0.002328157424926758;0.004474163055419922;1693188377.365392
request;446;1693188377.371183
result;446;[2];0.0008790493011474609;6.604194641113281e-05;0.0024330615997314453;0.004197120666503906;1693188377.378498
request;447;1693188377.386539
result;447;[2];0.0008649826049804688;6.318092346191406e-05;0.002458810806274414;0.004214048385620117;1693188377.393046
request;448;1693188377.417721
result;448;[2];0.0009579658508300781;0.00012493133544921875;0.002468109130859375;0.0044329166412353516;1693188377.42513
request;449;1693188377.433154
result;449;[3];0.0009109973907470703;0.0009140968322753906;0.0024318695068359375;0.005128145217895508;1693188377.440715
request;450;1693188377.448633
result;450;[3];0.0008528232574462891;0.00021409988403320312;0.0024030208587646484;0.0043299198150634766;1693188377.456444
request;451;1693188377.464139
result;451;[1];0.0008490085601806641;6.318092346191406e-05;0.0024509429931640625;0.0042819976806640625;1693188377.47093
request;452;1693188377.495265
result;452;[1];0.0008749961853027344;0.00043892860412597656;0.0023300647735595703;0.004554033279418945;1693188377.50237
request;453;1693188377.511364
result;453;[1];0.0008640289306640625;0.00030994415283203125;0.0023331642150878906;0.0044100284576416016;1693188377.518711
request;454;1693188377.526551
result;454;[1];0.0008459091186523438;6.198883056640625e-05;0.002543926239013672;0.004343986511230469;1693188377.533549
request;455;1693188377.557532
result;455;[1];0.0008389949798583984;0.00012803077697753906;0.0024330615997314453;0.004275083541870117;1693188377.565528
request;456;1693188377.573083
result;456;[1];0.0008480548858642578;0.0004630088806152344;0.0024149417877197266;0.0045969486236572266;1693188377.582049
request;457;1693188377.588789
result;457;[1];0.0008549690246582031;6.198883056640625e-05;0.0024871826171875;0.004271030426025391;1693188377.596285
request;458;1693188377.604208
result;458;[1];0.000865936279296875;0.0009210109710693359;0.0023910999298095703;0.005053043365478516;1693188377.612459
request;459;1693188377.634956
result;459;[3];0.0008630752563476562;6.008148193359375e-05;0.0024499893188476562;0.0042591094970703125;1693188377.641628
request;460;1693188377.649973
result;460;[3];0.0008339881896972656;6.29425048828125e-05;0.0025260448455810547;0.004302024841308594;1693188377.65699
request;461;1693188377.665483
result;461;[2];0.0008821487426757812;0.0009138584136962891;0.0023980140686035156;0.005067110061645508;1693188377.673298
request;462;1693188377.696653
result;462;[2];0.0009348392486572266;0.00013113021850585938;0.0024068355560302734;0.004345893859863281;1693188377.704199
request;463;1693188377.712076
result;463;[2];0.0008661746978759766;6.29425048828125e-05;0.002466917037963867;0.004324197769165039;1693188377.71906
request;464;1693188377.727355
result;464;[2];0.0008699893951416016;0.0009250640869140625;0.002318859100341797;0.00503993034362793;1693188377.73494
request;465;1693188377.743164
result;465;[2];0.0010080337524414062;0.0002830028533935547;0.002362966537475586;0.004570960998535156;1693188377.750558
request;466;1693188377.774555
result;466;[2];0.000843048095703125;0.00015687942504882812;0.0023241043090820312;0.0042040348052978516;1693188377.782015
request;467;1693188377.789275
result;467;[2];0.0008699893951416016;0.00045490264892578125;0.0024170875549316406;0.004617929458618164;1693188377.796717
request;468;1693188377.805178
result;468;[2];0.000843048095703125;0.00037384033203125;0.0025091171264648438;0.004612922668457031;1693188377.813307
request;469;1693188377.835981
result;469;[2];0.0008339881896972656;0.00011897087097167969;0.0023298263549804688;0.004189968109130859;1693188377.844511
request;470;1693188377.850829
result;470;[2];0.0008459091186523438;0.0003731250762939453;0.002324819564819336;0.00442194938659668;1693188377.858347
request;471;1693188377.866099
result;471;[2];0.0008509159088134766;6.29425048828125e-05;0.0024809837341308594;0.00429081916809082;1693188377.873087
request;472;1693188377.897549
result;472;[2];0.000843048095703125;6.198883056640625e-05;0.0025391578674316406;0.004335165023803711;1693188377.904432
request;473;1693188377.913232
result;473;[3];0.0008351802825927734;0.00032591819763183594;0.002418994903564453;0.00445103645324707;1693188377.920744
request;474;1693188377.928339
result;474;[3];0.0008440017700195312;6.389617919921875e-05;0.002490997314453125;0.0042591094970703125;1693188377.935107
request;475;1693188377.944174
result;475;[3];0.00084686279296875;0.0003731250762939453;0.002332925796508789;0.004452943801879883;1693188377.950852
request;476;1693188377.975458
result;476;[3];0.0008962154388427734;0.0009257793426513672;0.002337217330932617;0.0050601959228515625;1693188377.982699
request;477;1693188377.990753
result;477;[3];0.0008459091186523438;6.222724914550781e-05;0.003381967544555664;0.0058820247650146484;1693188377.998986
request;478;1693188378.006348
result;478;[3];0.001667022705078125;0.00025200843811035156;0.004805088043212891;0.008249044418334961;1693188378.017552
request;479;1693188378.037451
result;479;[3];0.0015761852264404297;0.00012183189392089844;0.005017995834350586;0.008233070373535156;1693188378.049006
request;480;1693188378.053261
result;480;[3];0.0015799999237060547;0.0008580684661865234;0.004754781723022461;0.008708000183105469;1693188378.064353
request;481;1693188378.069326
result;481;[3];0.001592874526977539;0.0008130073547363281;0.004770040512084961;0.00870203971862793;1693188378.080408
request;482;1693188378.085149
result;482;[3];0.0016109943389892578;0.0008180141448974609;0.0051000118255615234;0.009037971496582031;1693188378.096746
request;483;1693188378.116203
result;483;[3];0.0012068748474121094;0.00018906593322753906;0.0036809444427490234;0.006289958953857422;1693188378.125598
request;484;1693188378.131695
result;484;[3];0.0012061595916748047;0.0001888275146484375;0.003632068634033203;0.00623011589050293;1693188378.140682
request;485;1693188378.147015
result;485;[3];0.0012798309326171875;9.417533874511719e-05;0.003773927688598633;0.006351947784423828;1693188378.15645
request;486;1693188378.163153
result;486;[3];0.0012660026550292969;0.0008599758148193359;0.0036580562591552734;0.006989002227783203;1693188378.17299
request;487;1693188378.194256
result;487;[3];0.0013480186462402344;0.00010395050048828125;0.0040891170501708984;0.0068171024322509766;1693188378.204628
request;488;1693188378.209929
result;488;[3];0.001329183578491211;0.0008428096771240234;0.0038971900939941406;0.00734710693359375;1693188378.219736
request;489;1693188378.225016
result;489;[3];0.0013089179992675781;0.00010204315185546875;0.004069089889526367;0.006858110427856445;1693188378.234925
request;490;1693188378.25532
result;490;[3];0.0013949871063232422;0.0008490085601806641;0.00403285026550293;0.00757598876953125;1693188378.266005
request;491;1693188378.271036
result;491;[3];0.0013508796691894531;0.0001010894775390625;0.004090070724487305;0.006814002990722656;1693188378.280217
request;492;1693188378.286802
result;492;[3];0.0013468265533447266;0.00020313262939453125;0.003915071487426758;0.0068399906158447266;1693188378.296642
request;493;1693188378.302028
result;493;[3];0.0012059211730957031;9.298324584960938e-05;0.00374603271484375;0.006309032440185547;1693188378.312015
request;494;1693188378.333098
result;494;[3];0.0012099742889404297;0.00021696090698242188;0.0036041736602783203;0.006293058395385742;1693188378.342626
request;495;1693188378.348717
result;495;[3];0.0012118816375732422;9.107589721679688e-05;0.003756999969482422;0.006299018859863281;1693188378.360471
request;496;1693188378.364171
result;496;[3];0.0012860298156738281;0.0008709430694580078;0.0037479400634765625;0.0071179866790771484;1693188378.376125
request;497;1693188378.395103
result;497;[3];0.0014629364013671875;0.00010204315185546875;0.004102945327758789;0.006957054138183594;1693188378.405277
request;498;1693188378.411142
result;498;[3];0.0018928050994873047;0.0002961158752441406;0.004686117172241211;0.008280038833618164;1693188378.422711
request;499;1693188378.426745
result;499;[3];0.0014979839324951172;0.0002129077911376953;0.0039730072021484375;0.006933927536010742;1693188378.437598
request;500;1693188378.442139
result;500;[3];0.0013451576232910156;0.0008440017700195312;0.003942966461181641;0.007338047027587891;1693188378.452651
request;501;1693188378.473216
result;501;[3];0.0013551712036132812;0.00010395050048828125;0.004078865051269531;0.006777048110961914;1693188378.483221
request;502;1693188378.488652
result;502;[3];0.001302957534790039;0.00021195411682128906;0.003964900970458984;0.00677180290222168;1693188378.498659
request;503;1693188378.504452
result;503;[3];0.0015950202941894531;0.0008471012115478516;0.003632068634033203;0.0072290897369384766;1693188378.514926
request;504;1693188378.535182
result;504;[3];0.0013561248779296875;0.00018095970153808594;0.003596067428588867;0.006442070007324219;1693188378.545838
request;505;1693188378.550708
result;505;[3];0.0013289451599121094;0.0001010894775390625;0.003832101821899414;0.006478071212768555;1693188378.560216
request;506;1693188378.566425
result;506;[3];0.001280069351196289;9.799003601074219e-05;0.003754854202270508;0.006364107131958008;1693188378.575974
request;507;1693188378.597235
result;507;[3];0.00138092041015625;0.00010895729064941406;0.004081010818481445;0.0069658756256103516;1693188378.608023
request;508;1693188378.613141
result;508;[3];0.001332998275756836;0.0002110004425048828;0.0039331912994384766;0.006858110427856445;1693188378.62432
request;509;1693188378.628576
result;509;[3];0.0013420581817626953;0.00010895729064941406;0.004026889801025391;0.006743907928466797;1693188378.640281
request;510;1693188378.6434
result;510;[3];0.0013840198516845703;0.0008428096771240234;0.004093170166015625;0.00762486457824707;1693188378.654189
request;511;1693188378.675157
result;511;[3];0.001497030258178711;0.0008301734924316406;0.00406193733215332;0.007746219635009766;1693188378.68739
request;512;1693188378.690876
result;512;[3];0.0018031597137451172;0.0002048015594482422;0.004244089126586914;0.007667064666748047;1693188378.700879
request;513;1693188378.706302
result;513;[3];0.0014679431915283203;0.0007510185241699219;0.003941059112548828;0.007448911666870117;1693188378.716925
request;514;1693188378.737093
result;514;[3];0.0013840198516845703;0.0008530616760253906;0.003944873809814453;0.007519960403442383;1693188378.74872
request;515;1693188378.753174
result;515;[3];0.0013420581817626953;0.0008530616760253906;0.0039520263671875;0.007477998733520508;1693188378.764627
request;516;1693188378.768684
result;516;[3];0.0013420581817626953;0.00020384788513183594;0.003972053527832031;0.00681304931640625;1693188378.780627
request;517;1693188378.78389
result;517;[3];0.0013339519500732422;0.0008490085601806641;0.003969907760620117;0.0074498653411865234;1693188378.795792
request;518;1693188378.814206
result;518;[3];0.0014290809631347656;0.0008099079132080078;0.0038881301879882812;0.007407188415527344;1693188378.824745
request;519;1693188378.829467
result;519;[3];0.00146484375;9.918212890625e-05;0.004149913787841797;0.007055044174194336;1693188378.839034
request;520;1693188378.845048
result;520;[3];0.001355886459350586;0.0008540153503417969;0.0038700103759765625;0.007411956787109375;1693188378.855626
request;521;1693188378.87706
result;521;[3];0.001341104507446289;0.00020694732666015625;0.0043909549713134766;0.007279157638549805;1693188378.887361
request;522;1693188378.893101
result;522;[3];0.0013480186462402344;0.0008518695831298828;0.0038900375366210938;0.00745701789855957;1693188378.903484
request;523;1693188378.908313
result;523;[3];0.0013179779052734375;0.00020194053649902344;0.003947019577026367;0.006757020950317383;1693188378.91833
request;524;1693188378.923446
result;524;[3];0.0013091564178466797;0.00020885467529296875;0.003921985626220703;0.006707191467285156;1693188378.933188
