request;0;1637474.077947
request;1;1637474.078737
result;0;-1;0.0017769336700439453;0.00026607513427734375;0.0003490447998046875;0.0038089752197265625;1637474.089435
result;1;-1;0.0017199516296386719;0.0007669925689697266;0.0001671314239501953;0.0038628578186035156;1637474.097837
request;2;1637474.121716
request;3;1637474.122534
request;4;1637474.122736
result;2;-1;0.0014019012451171875;0.00021195411682128906;0.00014519691467285156;0.0028128623962402344;1637474.139078
result;3;-1;0.0013580322265625;0.00021004676818847656;0.00013780593872070312;0.0027709007263183594;1637474.149101
result;4;-1;0.003298044204711914;0.00011014938354492188;0.00015687942504882812;0.005357980728149414;1637474.149540
request;5;1637474.166242
request;6;1637474.167044
result;5;-1;0.0014040470123291016;9.298324584960938e-05;0.00015497207641601562;0.0028421878814697266;1637474.182723
result;6;-1;0.0013408660888671875;0.00010704994201660156;0.00014495849609375;0.0027730464935302734;1637474.187169
request;7;1637474.211215
request;8;1637474.211996
result;7;-1;0.0014619827270507812;0.0001399517059326172;0.0001480579376220703;0.0029458999633789062;1637474.221463
result;8;-1;0.0013740062713623047;0.00010204315185546875;0.00014591217041015625;0.002805948257446289;1637474.226068
request;9;1637474.304796
request;10;1637474.306134
request;11;1637474.306584
request;12;1637474.310817
request;13;1637474.311250
result;9;-1;0.001664876937866211;0.00012111663818359375;0.000164031982421875;0.0032749176025390625;1637474.320742
result;10;-1;0.0014820098876953125;0.0001239776611328125;0.00016188621520996094;0.0030829906463623047;1637474.326705
result;11;-1;0.0036859512329101562;0.00013303756713867188;0.0001621246337890625;0.005328178405761719;1637474.328462
result;12;-1;0.006042003631591797;0.00015211105346679688;0.00017881393432617188;0.010039091110229492;1637474.359933
result;13;-1;0.0015559196472167969;0.00011205673217773438;0.000164031982421875;0.003968000411987305;1637474.360428
request;14;1637474.361180
request;15;1637474.362378
result;14;-1;0.0015099048614501953;0.0008130073547363281;0.00017213821411132812;0.0037140846252441406;1637474.376145
result;15;-1;0.0014300346374511719;0.0008308887481689453;0.00016617774963378906;0.0036690235137939453;1637474.382033
request;16;1637474.394517
request;17;1637474.395898
result;16;-1;0.0015299320220947266;0.0008220672607421875;0.00016689300537109375;0.0037140846252441406;1637474.411946
result;17;-1;0.0014410018920898438;0.0008249282836914062;0.0001659393310546875;0.0036149024963378906;1637474.418093
request;18;1637474.439366
request;19;1637474.440970
request;20;1637474.441454
result;18;-1;0.0015850067138671875;0.00024890899658203125;0.00018715858459472656;0.003387928009033203;1637474.454794
result;19;-1;0.0016088485717773438;0.0011200904846191406;0.00018596649169921875;0.004703044891357422;1637474.462207
result;20;-1;0.0032889842987060547;0.0008440017700195312;0.00018596649169921875;0.005712032318115234;1637474.463194
request;21;1637474.530180
request;22;1637474.531678
request;23;1637474.532783
request;24;1637474.533130
result;21;-1;0.0016489028930664062;0.00011515617370605469;0.00018978118896484375;0.0034258365631103516;1637474.546089
result;22;-1;0.0016369819641113281;0.001104116439819336;0.00019097328186035156;0.0047321319580078125;1637474.552808
result;24;-1;0.005240201950073242;0.00011777877807617188;0.00018715858459472656;0.007462978363037109;1637474.556654
result;23;-1;0.003275156021118164;0.002768993377685547;0.000125885009765625;0.008183002471923828;1637474.557669
request;25;1637474.574434
request;26;1637474.575594
result;25;-1;0.0016660690307617188;0.00023698806762695312;0.00018787384033203125;0.003412961959838867;1637474.589614
result;26;-1;0.001566171646118164;0.00025081634521484375;0.00018405914306640625;0.0033440589904785156;1637474.595460
request;27;1637474.619641
request;28;1637474.620943
request;29;1637474.621349
result;27;-1;0.0016169548034667969;0.0008070468902587891;0.00018095970153808594;0.0039751529693603516;1637474.638194
result;28;-1;0.0016357898712158203;0.0012021064758300781;0.000186920166015625;0.004816770553588867;1637474.645936
result;29;-1;0.0033540725708007812;0.0008461475372314453;0.00018477439880371094;0.005738019943237305;1637474.646918
request;30;1637474.664514
request;31;1637474.665919
result;30;-1;0.0016040802001953125;0.0001220703125;0.00018095970153808594;0.0033881664276123047;1637474.680784
result;31;-1;0.0015969276428222656;0.0008039474487304688;0.0001850128173828125;0.0039670467376708984;1637474.687059
request;32;1637474.710262
request;33;1637474.711585
result;32;-1;0.001667022705078125;0.00025391578674316406;0.0001862049102783203;0.0034339427947998047;1637474.726009
result;33;-1;0.0015680789947509766;0.000247955322265625;0.0001850128173828125;0.0033731460571289062;1637474.731404
request;34;1637474.755378
request;35;1637474.756909
request;36;1637474.757417
result;34;-1;0.0015921592712402344;0.0008080005645751953;0.0001850128173828125;0.003893136978149414;1637474.772257
result;35;-1;0.0015861988067626953;0.0011157989501953125;0.00018906593322753906;0.004717111587524414;1637474.781151
result;36;-1;0.0032989978790283203;0.0008299350738525391;0.0001862049102783203;0.0056269168853759766;1637474.782167
request;37;1637474.799821
request;38;1637474.801328
result;37;-1;0.0015900135040283203;0.00080108642578125;0.0002429485321044922;0.003968000411987305;1637474.818076
result;38;-1;0.001605987548828125;0.000247955322265625;0.0001780986785888672;0.0033719539642333984;1637474.826003
request;39;1637474.844766
request;40;1637474.846068
result;39;-1;0.0015649795532226562;0.0002980232238769531;0.00018715858459472656;0.0033631324768066406;1637474.860591
result;40;-1;0.0015499591827392578;0.0001220703125;0.00018095970153808594;0.003248929977416992;1637474.866574
request;41;1637474.889933
request;42;1637474.891228
result;41;-1;0.0016510486602783203;0.0008070468902587891;0.0001800060272216797;0.003934144973754883;1637474.906062
result;42;-1;0.0015358924865722656;0.0002460479736328125;0.00029397010803222656;0.003393888473510742;1637474.911694
request;43;1637474.979417
request;44;1637474.980838
request;45;1637474.981291
request;46;1637474.985815
request;47;1637474.986339
result;43;-1;0.0016400814056396484;0.0008118152618408203;0.00018906593322753906;0.004019021987915039;1637474.996182
result;44;-1;0.001558065414428711;0.00012302398681640625;0.000186920166015625;0.0033261775970458984;1637475.002945
result;45;-1;0.003926992416381836;0.0001227855682373047;0.0001862049102783203;0.005715847015380859;1637475.003975
result;46;-1;0.006505012512207031;0.0011339187622070312;0.0001850128173828125;0.00969386100769043;1637475.008609
result;47;-1;0.008533954620361328;0.0008280277252197266;0.0001850128173828125;0.010877847671508789;1637475.009646
request;48;1637475.026428
request;49;1637475.027704
result;48;-1;0.0016248226165771484;0.0008120536804199219;0.00018310546875;0.003927946090698242;1637475.042320
result;49;-1;0.0015950202941894531;0.0002529621124267578;0.00018405914306640625;0.003345966339111328;1637475.047908
request;50;1637475.070292
request;51;1637475.071666
request;52;1637475.072217
result;50;-1;0.001605987548828125;0.00011897087097167969;0.000186920166015625;0.0033249855041503906;1637475.085779
result;51;-1;0.0015909671783447266;0.0011970996856689453;0.0001919269561767578;0.004765033721923828;1637475.098237
result;52;-1;0.003332853317260742;0.0008461475372314453;0.00018596649169921875;0.005671024322509766;1637475.098644
request;53;1637475.114793
request;54;1637475.116233
result;53;-1;0.0015840530395507812;0.0007979869842529297;0.00018286705017089844;0.003871917724609375;1637475.130616
result;54;-1;0.0016179084777832031;0.0007510185241699219;0.0001800060272216797;0.0038428306579589844;1637475.135987
request;55;1637475.159720
request;56;1637475.161202
result;55;-1;0.0016071796417236328;0.0008039474487304688;0.00018286705017089844;0.003953218460083008;1637475.175400
result;56;-1;0.0015540122985839844;0.00025010108947753906;0.000186920166015625;0.0032999515533447266;1637475.181457
request;57;1637475.204748
request;58;1637475.206192
result;57;-1;0.0018029212951660156;0.0007750988006591797;0.00019097328186035156;0.004106998443603516;1637475.221259
result;58;-1;0.0015552043914794922;0.00024199485778808594;0.0001850128173828125;0.003339052200317383;1637475.227638
request;59;1637475.250124
request;60;1637475.251453
request;61;1637475.251900
result;59;-1;0.0015819072723388672;0.0001251697540283203;0.0001900196075439453;0.0033121109008789062;1637475.265496
result;60;-1;0.0017499923706054688;0.00013899803161621094;0.00021600723266601562;0.004047870635986328;1637475.275250
result;61;-1;0.00610804557800293;0.00022411346435546875;0.00024580955505371094;0.008598089218139648;1637475.276483
request;62;1637475.295067
request;63;1637475.296490
result;62;-1;0.001995086669921875;0.0007698535919189453;0.00019502639770507812;0.00445103645324707;1637475.311823
result;63;-1;0.00179290771484375;0.0007879734039306641;0.00019502639770507812;0.004007101058959961;1637475.318149
request;64;1637475.360790
request;65;1637475.361891
result;64;-1;0.0014750957489013672;0.00011706352233886719;0.0001728534698486328;0.0031311511993408203;1637475.375031
result;65;-1;0.0015099048614501953;0.0008180141448974609;0.00016498565673828125;0.0035779476165771484;1637475.383606
request;66;1637475.385021
request;67;1637475.386320
result;66;-1;0.0014719963073730469;0.0008149147033691406;0.00016808509826660156;0.0035529136657714844;1637475.399543
result;67;-1;0.0014078617095947266;0.00010800361633300781;0.000164031982421875;0.0029458999633789062;1637475.404223
request;68;1637475.429530
request;69;1637475.430866
request;70;1637475.431291
result;68;-1;0.0014851093292236328;0.00010895729064941406;0.00016689300537109375;0.0031540393829345703;1637475.445164
result;69;-1;0.0016040802001953125;0.0011110305786132812;0.00024700164794921875;0.004563093185424805;1637475.452343
result;70;-1;0.0032739639282226562;0.0008461475372314453;0.00019598007202148438;0.0054891109466552734;1637475.453480
request;71;1637475.475263
request;72;1637475.476656
result;71;-1;0.0016372203826904297;0.0007958412170410156;0.00018095970153808594;0.0038650035858154297;1637475.491226
result;72;-1;0.001628875732421875;0.0008120536804199219;0.00017905235290527344;0.0038080215454101562;1637475.497424
request;73;1637475.520275
request;74;1637475.521469
result;73;-1;0.0015850067138671875;0.0001201629638671875;0.0001838207244873047;0.0033130645751953125;1637475.537651
result;74;-1;0.001634836196899414;0.0001201629638671875;0.0001900196075439453;0.0032548904418945312;1637475.543232
request;75;1637475.564804
request;76;1637475.566117
request;77;1637475.566565
result;75;-1;0.0015790462493896484;0.00015783309936523438;0.0001881122589111328;0.0033140182495117188;1637475.580625
result;76;-1;0.0015871524810791016;0.0001277923583984375;0.0002009868621826172;0.0034689903259277344;1637475.585965
result;77;-1;0.004015922546386719;0.0001480579376220703;0.0002009868621826172;0.005913972854614258;1637475.587032
request;78;1637475.609988
request;79;1637475.611313
result;78;-1;0.0017099380493164062;0.0007898807525634766;0.00019812583923339844;0.003935813903808594;1637475.626224
result;79;-1;0.0015671253204345703;0.0001239776611328125;0.00024700164794921875;0.0034639835357666016;1637475.632193
request;80;1637475.655277
request;81;1637475.656856
result;80;-1;0.0014960765838623047;0.00011396408081054688;0.0001800060272216797;0.003103017807006836;1637475.670446
result;81;-1;0.0015020370483398438;0.0008261203765869141;0.0001728534698486328;0.0036280155181884766;1637475.676250
request;82;1637475.699851
request;83;1637475.701467
result;82;-1;0.0014290809631347656;0.00011301040649414062;0.00018095970153808594;0.003033161163330078;1637475.715611
result;83;-1;0.001466989517211914;0.00011110305786132812;0.00017881393432617188;0.0030050277709960938;1637475.720785
request;84;1637475.746904
request;85;1637475.748403
request;86;1637475.748886
result;84;-1;0.0016129016876220703;0.00012993812561035156;0.0001990795135498047;0.003490924835205078;1637475.763968
result;85;-1;0.001695871353149414;0.0001270771026611328;0.00019693374633789062;0.0035300254821777344;1637475.769837
result;86;-1;0.003991127014160156;0.00014495849609375;0.00020003318786621094;0.005877971649169922;1637475.770869
request;87;1637475.789662
request;88;1637475.791003
result;87;-1;0.0016751289367675781;0.0007939338684082031;0.00019288063049316406;0.0038900375366210938;1637475.805915
result;88;-1;0.001542806625366211;0.00012803077697753906;0.00019502639770507812;0.0033049583435058594;1637475.811528
request;89;1637475.834739
request;90;1637475.836210
result;89;-1;0.0014488697052001953;0.00011396408081054688;0.00017404556274414062;0.0029878616333007812;1637475.850250
result;90;-1;0.0013930797576904297;0.00011086463928222656;0.00022721290588378906;0.0029799938201904297;1637475.855715
request;91;1637475.879692
request;92;1637475.881170
request;93;1637475.881612
result;91;-1;0.0014300346374511719;0.00011205673217773438;0.00017690658569335938;0.0030710697174072266;1637475.895070
result;92;-1;0.0015120506286621094;0.00011610984802246094;0.00017881393432617188;0.0031011104583740234;1637475.903848
result;93;-1;0.003676891326904297;0.0008051395416259766;0.00021982192993164062;0.005865812301635742;1637475.904858
request;94;1637475.924229
request;95;1637475.925667
result;94;-1;0.0014879703521728516;0.00011587142944335938;0.00018215179443359375;0.003113985061645508;1637475.939170
result;95;-1;0.0014200210571289062;0.00015401840209960938;0.00017690658569335938;0.0030050277709960938;1637475.944322
request;96;1637475.968726
request;97;1637475.969899
result;96;-1;0.0014159679412841797;0.00023102760314941406;0.00017499923706054688;0.0030040740966796875;1637475.983746
result;97;-1;0.0014410018920898438;0.00010609626770019531;0.00017595291137695312;0.002980947494506836;1637475.988791
request;98;1637476.014758
request;99;1637476.016139
result;98;-1;0.0013980865478515625;0.00022602081298828125;0.00017595291137695312;0.0029189586639404297;1637476.029635
result;99;-1;0.001399993896484375;0.00011301040649414062;0.00017499923706054688;0.003014802932739258;1637476.034928
request;100;1637476.059714
request;101;1637476.061303
request;102;1637476.061675
result;100;-1;0.0014798641204833984;0.00011515617370605469;0.00017690658569335938;0.003064870834350586;1637476.075170
result;101;-1;0.0014879703521728516;0.00011205673217773438;0.00017714500427246094;0.003075122833251953;1637476.083033
result;102;-1;0.003557920455932617;0.0001239776611328125;0.00017690658569335938;0.005322933197021484;1637476.083352
request;103;1637476.106774
request;104;1637476.108148
result;103;-1;0.0014548301696777344;0.00011420249938964844;0.00017786026000976562;0.0030128955841064453;1637476.121329
result;104;-1;0.0014140605926513672;0.00011396408081054688;0.00017690658569335938;0.002978086471557617;1637476.126206
request;105;1637476.150749
request;106;1637476.152122
result;105;-1;0.0014400482177734375;0.00011610984802246094;0.00017595291137695312;0.0030059814453125;1637476.165627
result;106;-1;0.0013971328735351562;0.00011396408081054688;0.0001728534698486328;0.0029659271240234375;1637476.170651
request;107;1637476.194910
request;108;1637476.196400
request;109;1637476.196916
result;107;-1;0.0014851093292236328;0.0003478527069091797;0.00019407272338867188;0.0034160614013671875;1637476.210539
result;108;-1;0.0015521049499511719;0.001013040542602539;0.0001728534698486328;0.004191160202026367;1637476.217414
result;109;-1;0.0032720565795898438;0.0005898475646972656;0.00018215179443359375;0.005218982696533203;1637476.218471
request;110;1637476.239388
request;111;1637476.240780
result;110;-1;0.0014338493347167969;0.00022602081298828125;0.0001671314239501953;0.002911806106567383;1637476.257173
result;111;-1;0.0014510154724121094;0.0008161067962646484;0.0001709461212158203;0.003522157669067383;1637476.263411
request;112;1637476.284699
request;113;1637476.285933
result;112;-1;0.0017189979553222656;0.00011682510375976562;0.00021004676818847656;0.003259897232055664;1637476.300344
result;113;-1;0.0014171600341796875;0.00010776519775390625;0.00017213821411132812;0.0029599666595458984;1637476.305254
request;114;1637476.329739
request;115;1637476.331109
result;114;-1;0.0015530586242675781;0.0008180141448974609;0.00017189979553222656;0.003670930862426758;1637476.363838
result;115;-1;0.001455068588256836;0.0008161067962646484;0.00016689300537109375;0.003565073013305664;1637476.364136
request;116;1637476.372624
request;117;1637476.374089
request;118;1637476.374477
result;116;-1;0.0014829635620117188;0.0008330345153808594;0.0001659393310546875;0.003573894500732422;1637476.388169
result;117;-1;0.0014090538024902344;0.00023102760314941406;0.0001659393310546875;0.002977132797241211;1637476.393827
result;118;-1;0.0036149024963378906;0.00010800361633300781;0.0001690387725830078;0.005182981491088867;1637476.394622
request;119;1637476.418654
request;120;1637476.419953
result;119;-1;0.0014600753784179688;0.00011682510375976562;0.0001811981201171875;0.0030410289764404297;1637476.435074
result;120;-1;0.0016140937805175781;0.0007939338684082031;0.00017690658569335938;0.0037190914154052734;1637476.441188
request;121;1637476.509845
request;122;1637476.511206
result;121;-1;0.0016930103302001953;0.0007810592651367188;0.0001850128173828125;0.003904104232788086;1637476.525757
result;122;-1;0.00156402587890625;0.00011491775512695312;0.00018906593322753906;0.0033309459686279297;1637476.531673
request;123;1637476.554829
request;124;1637476.556282
request;125;1637476.556724
result;123;-1;0.0018601417541503906;0.0012788772583007812;0.00020503997802734375;0.0065920352935791016;1637476.575319
result;124;-1;0.0017058849334716797;0.00012612342834472656;0.00019884109497070312;0.0035009384155273438;1637476.581061
result;125;-1;0.0046579837799072266;0.0007829666137695312;0.00018596649169921875;0.0070078372955322266;1637476.585120
request;126;1637476.599344
request;127;1637476.600772
result;126;-1;0.0015981197357177734;0.0001239776611328125;0.00019693374633789062;0.003406047821044922;1637476.615088
result;127;-1;0.0016551017761230469;0.0007929801940917969;0.0001888275146484375;0.003961086273193359;1637476.620957
request;128;1637476.644826
request;129;1637476.646142
result;128;-1;0.0013990402221679688;0.000102996826171875;0.00017404556274414062;0.003036022186279297;1637476.661928
result;129;-1;0.0013959407806396484;0.00022292137145996094;0.00017118453979492188;0.002980947494506836;1637476.668944
request;130;1637476.689869
request;131;1637476.691103
result;130;-1;0.0014879703521728516;0.0008389949798583984;0.0001678466796875;0.0037119388580322266;1637476.705345
result;131;-1;0.0014259815216064453;0.00021719932556152344;0.0001678466796875;0.003055095672607422;1637476.710528
request;132;1637476.735222
request;133;1637476.736815
request;134;1637476.737264
result;132;-1;0.0015931129455566406;0.0008108615875244141;0.0001850128173828125;0.003909111022949219;1637476.752171
result;133;-1;0.0016219615936279297;0.000244140625;0.000186920166015625;0.0034630298614501953;1637476.759195
result;134;-1;0.0040760040283203125;0.0007550716400146484;0.00018405914306640625;0.006364107131958008;1637476.760500
request;135;1637476.779867
request;136;1637476.781230
result;135;-1;0.0016031265258789062;0.0008018016815185547;0.00018405914306640625;0.003984928131103516;1637476.795795
result;136;-1;0.0016219615936279297;0.0002460479736328125;0.00018596649169921875;0.0033559799194335938;1637476.801360
request;137;1637476.824598
request;138;1637476.825849
result;137;-1;0.0015380382537841797;0.00024080276489257812;0.00023508071899414062;0.0033309459686279297;1637476.840175
result;138;-1;0.0015079975128173828;0.00012183189392089844;0.00021600723266601562;0.0032749176025390625;1637476.845820
request;139;1637476.869930
request;140;1637476.871264
request;141;1637476.871694
result;139;-1;0.001500844955444336;0.0008330345153808594;0.00017595291137695312;0.003710031509399414;1637476.885794
result;140;-1;0.0014030933380126953;0.00022792816162109375;0.00016999244689941406;0.003161191940307617;1637476.891828
result;141;-1;0.0034439563751220703;0.00011301040649414062;0.00017404556274414062;0.00507807731628418;1637476.892918
request;142;1637476.915910
request;143;1637476.917263
result;142;-1;0.0014410018920898438;0.0008280277252197266;0.00016999244689941406;0.0036950111389160156;1637476.931148
result;143;-1;0.0014309883117675781;0.00010919570922851562;0.00016999244689941406;0.002991199493408203;1637476.935692
request;144;1637476.959088
request;145;1637476.960515
result;144;-1;0.0015900135040283203;0.0008249282836914062;0.000186920166015625;0.003969907760620117;1637476.974913
result;145;-1;0.0016078948974609375;0.00025010108947753906;0.00018978118896484375;0.003367900848388672;1637476.980764
request;146;1637477.004626
request;147;1637477.005952
result;146;-1;0.0016131401062011719;0.0008158683776855469;0.00018906593322753906;0.003931999206542969;1637477.020169
result;147;-1;0.0015468597412109375;0.00023412704467773438;0.0001850128173828125;0.0032758712768554688;1637477.025868
request;148;1637477.049851
request;149;1637477.051152
request;150;1637477.051596
result;148;-1;0.0016391277313232422;0.0008168220520019531;0.00018405914306640625;0.00395512580871582;1637477.065767
result;149;-1;0.0015311241149902344;0.00012302398681640625;0.0001888275146484375;0.003371000289916992;1637477.076502
result;150;-1;0.003860950469970703;0.00012302398681640625;0.0001900196075439453;0.005621910095214844;1637477.077430
request;151;1637477.101865
request;152;1637477.103205
result;151;-1;0.0016379356384277344;0.0008051395416259766;0.0001919269561767578;0.003958940505981445;1637477.117933
result;152;-1;0.0015559196472167969;0.0002391338348388672;0.00023794174194335938;0.0033369064331054688;1637477.122734
request;153;1637477.138862
request;154;1637477.140179
result;153;-1;0.0015749931335449219;0.0008170604705810547;0.0001881122589111328;0.0038890838623046875;1637477.154649
result;154;-1;0.0015819072723388672;0.00011920928955078125;0.00019478797912597656;0.0033180713653564453;1637477.159562
request;155;1637477.185278
request;156;1637477.186678
request;157;1637477.187116
result;155;-1;0.0016360282897949219;0.0008130073547363281;0.0001919269561767578;0.003947019577026367;1637477.201014
result;156;-1;0.0016129016876220703;0.0011589527130126953;0.00020313262939453125;0.00598597526550293;1637477.210016
result;157;-1;0.003384828567504883;0.000946044921875;0.00020694732666015625;0.0067369937896728516;1637477.210894
request;158;1637477.228931
request;159;1637477.230253
result;158;-1;0.0015568733215332031;0.00017213821411132812;0.0001888275146484375;0.0033469200134277344;1637477.243943
result;159;-1;0.0015408992767333984;0.00011992454528808594;0.00019216537475585938;0.0032880306243896484;1637477.249740
request;160;1637477.274934
request;161;1637477.276387
result;160;-1;0.001870870590209961;0.0003230571746826172;0.00019311904907226562;0.0041348934173583984;1637477.291026
result;161;-1;0.0016889572143554688;0.00011110305786132812;0.00017881393432617188;0.00350189208984375;1637477.296614
request;162;1637477.319670
request;163;1637477.321263
result;162;-1;0.0014901161193847656;0.00011491775512695312;0.0001800060272216797;0.0032379627227783203;1637477.362565
result;163;-1;0.0014719963073730469;0.00010991096496582031;0.00017404556274414062;0.0030219554901123047;1637477.362846
request;164;1637477.363273
request;165;1637477.364281
request;166;1637477.364659
result;164;-1;0.0013909339904785156;0.0008399486541748047;0.00015211105346679688;0.003426074981689453;1637477.377785
result;165;-1;0.0013370513916015625;0.0010077953338623047;0.00016117095947265625;0.003944873809814453;1637477.384989
result;166;-1;0.002763986587524414;0.0008881092071533203;0.0001678466796875;0.004868984222412109;1637477.385883
request;167;1637477.409116
request;168;1637477.410329
result;167;-1;0.001302957534790039;0.0002040863037109375;0.00015592575073242188;0.002804994583129883;1637477.422719
result;168;-1;0.0013508796691894531;0.0008370876312255859;0.00015497207641601562;0.00344085693359375;1637477.428290
request;169;1637477.454659
request;170;1637477.455848
result;169;-1;0.0016188621520996094;0.0008039474487304688;0.00018906593322753906;0.00397491455078125;1637477.470579
result;170;-1;0.0015680789947509766;0.00012302398681640625;0.0002608299255371094;0.0034050941467285156;1637477.476218
request;171;1637477.499793
request;172;1637477.501230
request;173;1637477.501710
result;171;-1;0.0016009807586669922;0.0007951259613037109;0.00024080276489257812;0.003968000411987305;1637477.516307
result;172;-1;0.001566171646118164;0.00012087821960449219;0.0001900196075439453;0.003322124481201172;1637477.521721
result;173;-1;0.003957986831665039;0.00016498565673828125;0.00018715858459472656;0.005752086639404297;1637477.522648
request;174;1637477.545191
request;175;1637477.546453
result;174;-1;0.0017938613891601562;0.0007929801940917969;0.0001971721649169922;0.004063844680786133;1637477.561911
result;175;-1;0.0015311241149902344;0.00012302398681640625;0.00018787384033203125;0.003274202346801758;1637477.567302
request;176;1637477.590076
request;177;1637477.591385
result;176;-1;0.0016281604766845703;0.00024390220642089844;0.00018596649169921875;0.0032930374145507812;1637477.605431
result;177;-1;0.0015871524810791016;0.0008108615875244141;0.000186920166015625;0.003915071487426758;1637477.611526
request;178;1637477.635104
request;179;1637477.636932
result;178;-1;0.0015730857849121094;0.0002448558807373047;0.00019216537475585938;0.0033941268920898438;1637477.651830
result;179;-1;0.0016241073608398438;0.0008120536804199219;0.0001900196075439453;0.0039331912994384766;1637477.657804
request;180;1637477.680174
request;181;1637477.681473
request;182;1637477.681900
result;180;-1;0.0015819072723388672;0.0008020401000976562;0.00021696090698242188;0.003920078277587891;1637477.695843
result;181;-1;0.0016088485717773438;0.0010981559753417969;0.0001919269561767578;0.004725933074951172;1637477.703034
result;182;-1;0.0032470226287841797;0.0008740425109863281;0.00019097328186035156;0.0056171417236328125;1637477.703831
request;183;1637477.724613
request;184;1637477.725941
result;183;-1;0.0015370845794677734;0.00012087821960449219;0.0001881122589111328;0.003309011459350586;1637477.739444
result;184;-1;0.0015702247619628906;0.0008177757263183594;0.00018715858459472656;0.003887176513671875;1637477.745343
request;185;1637477.769796
request;186;1637477.771135
result;185;-1;0.001661062240600586;0.0008099079132080078;0.00019097328186035156;0.003963947296142578;1637477.786071
result;186;-1;0.0016109943389892578;0.0007691383361816406;0.00018477439880371094;0.003863096237182617;1637477.792372
request;187;1637477.814781
request;188;1637477.816258
request;189;1637477.816697
result;187;-1;0.0015609264373779297;0.0001239776611328125;0.000186920166015625;0.003271818161010742;1637477.830300
result;188;-1;0.0015799999237060547;0.0011649131774902344;0.00019097328186035156;0.004702091217041016;1637477.837418
result;189;-1;0.0032949447631835938;0.0008471012115478516;0.00018787384033203125;0.005702018737792969;1637477.838364
request;190;1637477.859569
request;191;1637477.861028
result;190;-1;0.0015420913696289062;0.0008120536804199219;0.00019407272338867188;0.004014015197753906;1637477.875822
result;191;-1;0.0016279220581054688;0.00012111663818359375;0.00019693374633789062;0.0033659934997558594;1637477.880942
request;192;1637477.905222
request;193;1637477.906415
result;192;-1;0.0016469955444335938;0.0008089542388916016;0.0001850128173828125;0.003947019577026367;1637477.921053
result;193;-1;0.0016012191772460938;0.0008208751678466797;0.00023698806762695312;0.003962993621826172;1637477.926863
request;194;1637477.994749
request;195;1637477.995983
request;196;1637477.997979
request;197;1637477.998376
request;198;1637477.998605
result;194;-1;0.0015919208526611328;0.0008080005645751953;0.00018715858459472656;0.003927946090698242;1637478.010041
result;195;-1;0.0017011165618896484;0.0010089874267578125;0.0001900196075439453;0.0046710968017578125;1637478.018014
result;197;-1;0.0051479339599609375;0.00012302398681640625;0.00019097328186035156;0.007302045822143555;1637478.021755
result;196;-1;0.0032379627227783203;0.0026612281799316406;0.00012493133544921875;0.008172035217285156;1637478.022670
result;198;-1;0.008162975311279297;0.00014591217041015625;0.00020599365234375;0.010087013244628906;1637478.023433
request;199;1637478.039179
request;200;1637478.040548
result;199;-1;0.0015559196472167969;0.00024390220642089844;0.0001881122589111328;0.0033309459686279297;1637478.054130
result;200;-1;0.0015308856964111328;0.0002980232238769531;0.00018715858459472656;0.0032949447631835938;1637478.059156
request;201;1637478.083845
request;202;1637478.085322
result;201;-1;0.0016579627990722656;0.0007960796356201172;0.000186920166015625;0.003942012786865234;1637478.101557
result;202;-1;0.001497030258178711;0.000247955322265625;0.0001850128173828125;0.0032770633697509766;1637478.106631
request;203;1637478.129282
request;204;1637478.130650
request;205;1637478.131054
result;203;-1;0.0016360282897949219;0.00011801719665527344;0.0001881122589111328;0.0033500194549560547;1637478.144133
result;204;-1;0.0015339851379394531;0.0002448558807373047;0.0001850128173828125;0.003384828567504883;1637478.149938
result;205;-1;0.0037539005279541016;0.00012612342834472656;0.00018787384033203125;0.00556492805480957;1637478.150834
request;206;1637478.174573
request;207;1637478.175809
result;206;-1;0.0016150474548339844;0.0008099079132080078;0.0001850128173828125;0.003905057907104492;1637478.192377
result;207;-1;0.0015878677368164062;0.0008130073547363281;0.00018715858459472656;0.003937959671020508;1637478.199648
request;208;1637478.219215
request;209;1637478.220541
result;208;-1;0.0016620159149169922;0.0008029937744140625;0.0001971721649169922;0.004060029983520508;1637478.235408
result;209;-1;0.0015871524810791016;0.000247955322265625;0.00018906593322753906;0.0033349990844726562;1637478.240283
request;210;1637478.309394
request;211;1637478.310567
request;212;1637478.312518
request;213;1637478.312836
request;214;1637478.313099
result;210;-1;0.0018470287322998047;0.0001239776611328125;0.00020503997802734375;0.0036530494689941406;1637478.324860
result;211;-1;0.0016849040985107422;0.0002810955047607422;0.00020194053649902344;0.00360107421875;1637478.331863
result;212;-1;0.004209995269775391;0.0010709762573242188;0.00018906593322753906;0.007360935211181641;1637478.364397
result;213;-1;0.006524801254272461;0.0003981590270996094;0.00019598007202148438;0.00838780403137207;1637478.364734
result;214;-1;0.009312152862548828;0.0007860660552978516;0.00019288063049316406;0.011524200439453125;1637478.364972
request;215;1637478.399559
request;216;1637478.401062
request;217;1637478.402037
request;218;1637478.402418
result;215;-1;0.0014569759368896484;0.0008280277252197266;0.0001709461212158203;0.0036020278930664062;1637478.414231
result;216;-1;0.0014870166778564453;0.0009071826934814453;0.0001709461212158203;0.004168033599853516;1637478.421904
result;218;-1;0.004704952239990234;0.00011587142944335938;0.00017213821411132812;0.0065670013427734375;1637478.425218
result;217;-1;0.002841949462890625;0.002468109130859375;0.00010585784912109375;0.00719904899597168;1637478.425818
request;219;1637478.444619
request;220;1637478.445883
result;219;-1;0.0014770030975341797;0.0008192062377929688;0.00019288063049316406;0.0037419795989990234;1637478.460199
result;220;-1;0.0015330314636230469;0.00024890899658203125;0.00018405914306640625;0.0031540393829345703;1637478.465649
request;221;1637478.489835
request;222;1637478.491020
request;223;1637478.491376
result;221;-1;0.0016939640045166016;0.0007860660552978516;0.0001800060272216797;0.003837108612060547;1637478.506855
result;223;-1;0.0031280517578125;0.00011610984802246094;0.00019693374633789062;0.005393028259277344;1637478.515546
result;222;-1;0.0018639564514160156;0.002274036407470703;0.0001220703125;0.006510019302368164;1637478.516246
request;224;1637478.534660
request;225;1637478.535916
result;224;-1;0.0017199516296386719;0.0007860660552978516;0.00018978118896484375;0.003899812698364258;1637478.549873
result;225;-1;0.0015740394592285156;0.0007910728454589844;0.00018596649169921875;0.003771066665649414;1637478.555699
request;226;1637478.579599
request;227;1637478.581032
result;226;-1;0.0016438961029052734;0.0007910728454589844;0.000186920166015625;0.0038940906524658203;1637478.595528
result;227;-1;0.0016179084777832031;0.0008001327514648438;0.0001850128173828125;0.003782987594604492;1637478.601588
request;228;1637478.624702
request;229;1637478.625977
request;230;1637478.626349
result;228;-1;0.0015480518341064453;0.000247955322265625;0.0001819133758544922;0.003242015838623047;1637478.640733
result;229;-1;0.0016558170318603516;0.0011010169982910156;0.00018906593322753906;0.004271030426025391;1637478.646410
result;230;-1;0.0035638809204101562;0.0005309581756591797;0.00020599365234375;0.00553584098815918;1637478.647152
request;231;1637478.669508
request;232;1637478.670733
result;231;-1;0.0016050338745117188;0.0007750988006591797;0.000186920166015625;0.003773927688598633;1637478.684775
result;232;-1;0.0015671253204345703;0.0008108615875244141;0.00018095970153808594;0.003793001174926758;1637478.690708
request;233;1637478.715622
request;234;1637478.717108
result;233;-1;0.0015568733215332031;0.00011301040649414062;0.00018405914306640625;0.003239870071411133;1637478.730523
result;234;-1;0.0016109943389892578;0.00080108642578125;0.0001888275146484375;0.0037870407104492188;1637478.736709
request;235;1637478.759619
request;236;1637478.761104
result;235;-1;0.0015528202056884766;0.0001239776611328125;0.0001850128173828125;0.0032939910888671875;1637478.774583
result;236;-1;0.0016198158264160156;0.0008001327514648438;0.0001800060272216797;0.003786802291870117;1637478.780706
request;237;1637478.804520
request;238;1637478.805761
request;239;1637478.806153
result;237;-1;0.0016210079193115234;0.0007910728454589844;0.00018596649169921875;0.0037970542907714844;1637478.820335
result;238;-1;0.001528024673461914;0.00012183189392089844;0.00018310546875;0.003239870071411133;1637478.826375
result;239;-1;0.0038950443267822266;0.00012493133544921875;0.00021505355834960938;0.005616903305053711;1637478.827226
request;240;1637478.849617
request;241;1637478.850803
result;240;-1;0.0016608238220214844;0.0008001327514648438;0.00018405914306640625;0.003840923309326172;1637478.864933
result;241;-1;0.001600027084350586;0.0008058547973632812;0.00018095970153808594;0.003810882568359375;1637478.870875
request;242;1637478.895085
request;243;1637478.896407
result;242;-1;0.0015940666198730469;0.0007898807525634766;0.0001800060272216797;0.0037529468536376953;1637478.909886
result;243;-1;0.0015208721160888672;0.00024008750915527344;0.00018405914306640625;0.003192901611328125;1637478.918632
request;244;1637478.940332
request;245;1637478.941537
request;246;1637478.941923
