request;0;1693163459.761464
request;1;1693163459.792473
request;2;1693163459.808393
result;0;-1;0.0006279945373535156;8.0108642578125e-05;0.00010204315185546875;0.0011441707611083984;1693163459.810602
request;3;1693163459.824226
result;1;-1;0.0005788803100585938;0.00013303756713867188;8.106231689453125e-05;0.0011489391326904297;1693163459.842017
request;4;1693163459.855183
result;2;-1;0.0006020069122314453;0.0009601116180419922;5.2928924560546875e-05;0.002012014389038086;1693163459.858793
request;5;1693163459.870608
result;3;-1;0.0005478858947753906;0.00016498565673828125;4.506111145019531e-05;0.0011179447174072266;1693163459.872684
request;6;1693163459.885852
result;4;-1;0.0006029605865478516;0.0004980564117431641;4.696846008300781e-05;0.0015149116516113281;1693163459.90511
request;7;1693163459.91714
result;5;-1;0.0006010532379150391;0.00017404556274414062;4.601478576660156e-05;0.0011639595031738281;1693163459.919424
request;8;1693163459.933283
result;6;-1;0.0006592273712158203;9.393692016601562e-05;4.291534423828125e-05;0.0011420249938964844;1693163459.935089
request;9;1693163459.949254
request;10;1693163459.965256
result;7;-1;0.0005869865417480469;0.0005059242248535156;4.410743713378906e-05;0.0014979839324951172;1693163459.966806
result;8;-1;0.0006270408630371094;0.0005140304565429688;4.601478576660156e-05;0.0015490055084228516;1693163459.983204
request;11;1693163459.997258
result;9;-1;0.0005450248718261719;0.0001430511474609375;4.410743713378906e-05;0.0010671615600585938;1693163459.998462
request;12;1693163460.013253
result;10;-1;0.0006549358367919922;0.0009019374847412109;5.91278076171875e-05;0.0020418167114257812;1693163460.018131
request;13;1693163460.029088
request;14;1693163460.044256
result;11;-1;0.0005831718444824219;0.0009548664093017578;6.29425048828125e-05;0.0020601749420166016;1693163460.05925
result;12;-1;0.0005800724029541016;6.29425048828125e-05;4.9114227294921875e-05;0.001024007797241211;1693163460.062249
request;15;1693163460.076168
result;13;-1;0.0006878376007080078;0.0009610652923583984;5.698204040527344e-05;0.0021119117736816406;1693163460.079497
request;16;1693163460.092204
result;14;-1;0.0006120204925537109;0.00017404556274414062;5.1975250244140625e-05;0.0011861324310302734;1693163460.096128
request;17;1693163460.107959
request;18;1693163460.123951
result;15;-1;0.0006098747253417969;0.0009591579437255859;6.580352783203125e-05;0.002074003219604492;1693163460.125948
result;16;-1;0.0006229877471923828;0.0002620220184326172;5.602836608886719e-05;0.0018570423126220703;1693163460.142938
request;19;1693163460.155951
result;17;-1;0.002897024154663086;0.00010013580322265625;5.4836273193359375e-05;0.003409147262573242;1693163460.163926
request;20;1693163460.171942
result;18;-1;0.0006549358367919922;0.00028705596923828125;5.698204040527344e-05;0.0013740062713623047;1693163460.172922
request;21;1693163460.187912
request;22;1693163460.203165
result;19;-1;0.0007109642028808594;0.0001220703125;6.699562072753906e-05;0.001332998275756836;1693163460.206091
result;20;-1;0.0007419586181640625;0.0009429454803466797;0.00011301040649414062;0.002318859100341797;1693163460.223147
request;23;1693163460.234443
result;21;-1;0.000701904296875;3.504753112792969e-05;4.792213439941406e-05;0.001219034194946289;1693163460.237344
request;24;1693163460.25026
result;22;-1;0.0007028579711914062;0.00013709068298339844;5.0067901611328125e-05;0.0012729167938232422;1693163460.253716
request;25;1693163460.265533
result;23;-1;0.0006690025329589844;0.0009391307830810547;7.390975952148438e-05;0.0021610260009765625;1693163460.284698
request;26;1693163460.296716
result;24;-1;0.0007040500640869141;3.0994415283203125e-05;4.601478576660156e-05;0.0012509822845458984;1693163460.300051
request;27;1693163460.312135
result;25;-1;0.0006449222564697266;0.0006000995635986328;5.698204040527344e-05;0.0017218589782714844;1693163460.315442
request;28;1693163460.327302
request;29;1693163460.343258
result;26;-1;0.0006840229034423828;0.0005691051483154297;8.106231689453125e-05;0.001802206039428711;1693163460.346855
result;27;-1;0.0007069110870361328;0.0009291172027587891;5.888938903808594e-05;0.002167940139770508;1693163460.363484
request;30;1693163460.374071
result;28;-1;0.0006589889526367188;0.0009319782257080078;5.793571472167969e-05;0.0021560192108154297;1693163460.378316
request;31;1693163460.389818
result;29;-1;0.0006840229034423828;0.0009510517120361328;5.507469177246094e-05;0.002111196517944336;1693163460.393823
request;32;1693163460.405266
result;30;-1;0.0007011890411376953;0.00010395050048828125;5.1975250244140625e-05;0.0012362003326416016;1693163460.423503
request;33;1693163460.435808
result;31;-1;0.000759124755859375;0.00047779083251953125;6.508827209472656e-05;0.001734018325805664;1693163460.439942
request;34;1693163460.45126
result;32;-1;0.0006730556488037109;0.0009410381317138672;7.081031799316406e-05;0.0021300315856933594;1693163460.455632
request;35;1693163460.467022
request;36;1693163460.483257
result;33;-1;0.0006220340728759766;0.00061798095703125;5.698204040527344e-05;0.0017390251159667969;1693163460.488808
result;34;-1;0.0007178783416748047;0.0009469985961914062;8.0108642578125e-05;0.002296924591064453;1693163460.502015
request;37;1693163460.514258
result;35;-1;0.0006480216979980469;0.0005919933319091797;5.316734313964844e-05;0.0017011165618896484;1693163460.516588
request;38;1693163460.529554
result;36;-1;0.000762939453125;0.0009760856628417969;6.29425048828125e-05;0.002360820770263672;1693163460.533339
request;39;1693163460.545257
result;37;-1;0.0006749629974365234;0.0007040500640869141;6.29425048828125e-05;0.0019121170043945312;1693163460.564565
request;40;1693163460.576258
result;38;-1;0.000759124755859375;0.0009059906005859375;5.3882598876953125e-05;0.0022461414337158203;1693163460.580246
request;41;1693163460.591794
result;39;-1;0.0006308555603027344;0.00010013580322265625;4.982948303222656e-05;0.0012238025665283203;1693163460.594655
request;42;1693163460.607255
request;43;1693163460.622822
result;40;-1;0.0005509853363037109;0.0009980201721191406;6.794929504394531e-05;0.002096891403198242;1693163460.62682
result;41;-1;0.0007681846618652344;0.0009348392486572266;5.1021575927734375e-05;0.0021791458129882812;1693163460.641813
request;44;1693163460.654805
result;42;-1;0.0007710456848144531;0.000949859619140625;5.91278076171875e-05;0.0023229122161865234;1693163460.656805
request;45;1693163460.670794
result;43;-1;0.0006299018859863281;0.0009720325469970703;6.198883056640625e-05;0.002135038375854492;1693163460.672793
request;46;1693163460.68612
result;44;-1;0.0006449222564697266;0.0005960464477539062;6.103515625e-05;0.001708984375;1693163460.70411
request;47;1693163460.717166
result;45;-1;0.0006449222564697266;0.00019311904907226562;4.887580871582031e-05;0.0013239383697509766;1693163460.719665
request;48;1693163460.733172
result;46;-1;0.0007319450378417969;0.0009579658508300781;7.796287536621094e-05;0.0022737979888916016;1693163460.736017
request;49;1693163460.749103
request;50;1693163460.76389
result;47;-1;0.0005891323089599609;0.000949859619140625;6.914138793945312e-05;0.0020439624786376953;1693163460.766894
result;48;-1;0.0006220340728759766;0.00014710426330566406;5.1975250244140625e-05;0.0012309551239013672;1693163460.782702
request;51;1693163460.794833
result;49;-1;0.0006170272827148438;0.0009291172027587891;6.103515625e-05;0.002056121826171875;1693163460.798887
request;52;1693163460.810639
result;50;-1;0.0006439685821533203;0.0009441375732421875;5.602836608886719e-05;0.002022981643676758;1693163460.814046
request;53;1693163460.8262
result;51;-1;0.0006470680236816406;0.0009341239929199219;5.698204040527344e-05;0.002067089080810547;1693163460.844515
request;54;1693163460.856321
result;52;-1;0.0005948543548583984;0.0002110004425048828;5.507469177246094e-05;0.0012319087982177734;1693163460.860335
request;55;1693163460.872065
result;53;-1;0.0005509853363037109;0.0003981590270996094;5.1975250244140625e-05;0.0013360977172851562;1693163460.875358
request;56;1693163460.887765
request;57;1693163460.903262
result;54;-1;0.0006859302520751953;0.0003769397735595703;5.412101745605469e-05;0.0015017986297607422;1693163460.905741
result;55;-1;0.0006520748138427734;0.00020885467529296875;5.817413330078125e-05;0.0013680458068847656;1693163460.922019
request;58;1693163460.935132
result;56;-1;0.0006809234619140625;0.0009350776672363281;6.29425048828125e-05;0.0020868778228759766;1693163460.9381
request;59;1693163460.950307
result;57;-1;0.0006361007690429688;0.0009059906005859375;5.3882598876953125e-05;0.002023935317993164;1693163460.952863
request;60;1693163460.966431
result;58;-1;0.0007240772247314453;0.0009410381317138672;7.295608520507812e-05;0.002189159393310547;1693163460.985695
request;61;1693163460.997258
result;59;-1;0.0006158351898193359;0.00023412704467773438;5.1975250244140625e-05;0.001338958740234375;1693163460.999262
request;62;1693163461.012609
result;60;-1;0.000614166259765625;0.0009799003601074219;6.103515625e-05;0.002087116241455078;1693163461.016574
request;63;1693163461.028445
request;64;1693163461.044259
result;61;-1;0.0006999969482421875;0.0009348392486572266;5.7220458984375e-05;0.0021250247955322266;1693163461.048686
result;62;-1;0.0006799697875976562;0.0009319782257080078;6.103515625e-05;0.002165079116821289;1693163461.062386
request;65;1693163461.076255
result;63;-1;0.0007731914520263672;0.0009458065032958984;6.413459777832031e-05;0.0022971630096435547;1693163461.078384
request;66;1693163461.091738
result;64;-1;0.0007228851318359375;0.0005021095275878906;5.698204040527344e-05;0.0017609596252441406;1693163461.093929
request;67;1693163461.10754
request;68;1693163461.123254
result;65;-1;0.0006000995635986328;0.0006220340728759766;5.2928924560546875e-05;0.0016810894012451172;1693163461.125898
result;66;-1;0.0006310939788818359;4.38690185546875e-05;4.9114227294921875e-05;0.001110076904296875;1693163461.140581
request;69;1693163461.154262
result;67;-1;0.0007159709930419922;0.0005509853363037109;7.295608520507812e-05;0.0018448829650878906;1693163461.158147
request;70;1693163461.170078
result;68;-1;0.0007810592651367188;0.0009319782257080078;7.390975952148438e-05;0.0022580623626708984;1693163461.173167
request;71;1693163461.185736
result;69;-1;0.0007171630859375;0.0009508132934570312;6.508827209472656e-05;0.0022101402282714844;1693163461.204855
request;72;1693163461.216948
result;70;-1;0.0007369518280029297;0.00092315673828125;7.700920104980469e-05;0.0022881031036376953;1693163461.220163
request;73;1693163461.232136
result;71;-1;0.0006740093231201172;0.0009539127349853516;6.794929504394531e-05;0.002293825149536133;1693163461.23596
request;74;1693163461.248252
request;75;1693163461.263559
result;72;-1;0.0006508827209472656;0.00011301040649414062;5.1021575927734375e-05;0.0012018680572509766;1693163461.26638
result;73;-1;0.0007441043853759766;3.886222839355469e-05;6.318092346191406e-05;0.001299142837524414;1693163461.28223
request;76;1693163461.294961
result;74;-1;0.0006699562072753906;9.417533874511719e-05;5.078315734863281e-05;0.0012049674987792969;1693163461.297565
request;77;1693163461.31076
result;75;-1;0.0006940364837646484;0.0005180835723876953;6.29425048828125e-05;0.0018219947814941406;1693163461.313301
request;78;1693163461.326628
request;79;1693163461.342091
result;76;-1;0.0007641315460205078;0.000453948974609375;6.604194641113281e-05;0.001753091812133789;1693163461.344508
result;77;-1;0.0006768703460693359;9.202957153320312e-05;5.698204040527344e-05;0.0012428760528564453;1693163461.360638
request;80;1693163461.374254
result;78;-1;0.0006170272827148438;0.0009570121765136719;6.389617919921875e-05;0.002065896987915039;1693163461.376514
request;81;1693163461.389713
result;79;-1;0.0006458759307861328;0.0009520053863525391;6.699562072753906e-05;0.0020699501037597656;1693163461.392704
request;82;1693163461.405256
result;80;-1;0.0006461143493652344;4.982948303222656e-05;6.318092346191406e-05;0.00109100341796875;1693163461.423396
request;83;1693163461.436704
result;81;-1;0.0006740093231201172;0.0009491443634033203;6.389617919921875e-05;0.0022110939025878906;1693163461.439632
request;84;1693163461.452136
result;82;-1;0.0006198883056640625;0.0009450912475585938;6.604194641113281e-05;0.002031087875366211;1693163461.455273
request;85;1693163461.468044
request;86;1693163461.483282
result;83;-1;0.0006489753723144531;0.0009448528289794922;6.103515625e-05;0.002028942108154297;1693163461.486575
result;84;-1;0.0005819797515869141;3.910064697265625e-05;5.602836608886719e-05;0.0011069774627685547;1693163461.501273
request;87;1693163461.51426
result;85;-1;0.0006439685821533203;0.0005819797515869141;5.888938903808594e-05;0.0017180442810058594;1693163461.518089
request;88;1693163461.52987
result;86;-1;0.0006508827209472656;0.0005440711975097656;5.412101745605469e-05;0.0015668869018554688;1693163461.532617
request;89;1693163461.545259
result;87;-1;0.0006158351898193359;0.0002720355987548828;5.91278076171875e-05;0.001306772232055664;1693163461.564026
request;90;1693163461.577255
result;88;-1;0.0006430149078369141;4.506111145019531e-05;7.200241088867188e-05;0.0011670589447021484;1693163461.579277
request;91;1693163461.593258
result;89;-1;0.0006580352783203125;3.910064697265625e-05;5.507469177246094e-05;0.0011172294616699219;1693163461.594156
request;92;1693163461.609255
request;93;1693163461.625257
result;90;-1;0.0005421638488769531;0.000370025634765625;5.5789947509765625e-05;0.001310110092163086;1693163461.627535
result;91;-1;0.0006940364837646484;0.0009357929229736328;6.318092346191406e-05;0.0021119117736816406;1693163461.643724
request;94;1693163461.656256
result;92;-1;0.0006501674652099609;0.00028395652770996094;5.1975250244140625e-05;0.001322031021118164;1693163461.658775
request;95;1693163461.671971
result;93;-1;0.0007121562957763672;0.0009520053863525391;7.486343383789062e-05;0.0021941661834716797;1693163461.675228
request;96;1693163461.687685
request;97;1693163461.70326
result;94;-1;0.000640869140625;0.0005919933319091797;5.507469177246094e-05;0.0016598701477050781;1693163461.705461
result;95;-1;0.0006239414215087891;0.00020194053649902344;5.2928924560546875e-05;0.0012478828430175781;1693163461.720945
request;98;1693163461.734172
result;96;-1;0.0007109642028808594;0.0009369850158691406;5.3882598876953125e-05;0.0020589828491210938;1693163461.737225
request;99;1693163461.75023
result;97;-1;0.0007488727569580078;0.0009210109710693359;7.414817810058594e-05;0.0022008419036865234;1693163461.753038
request;100;1693163461.766258
result;98;-1;0.0006630420684814453;0.0009419918060302734;5.1975250244140625e-05;0.0020508766174316406;1693163461.784573
request;101;1693163461.797084
result;99;-1;0.0005998611450195312;3.0040740966796875e-05;4.696846008300781e-05;0.0010809898376464844;1693163461.799618
request;102;1693163461.813255
result;100;-1;0.0005929470062255859;0.0005729198455810547;5.412101745605469e-05;0.0016469955444335938;1693163461.816423
request;103;1693163461.828638
request;104;1693163461.844257
result;101;-1;0.0007297992706298828;5.0067901611328125e-05;7.295608520507812e-05;0.0012459754943847656;1693163461.845968
result;102;-1;0.0006611347198486328;0.0002880096435546875;5.888938903808594e-05;0.0013859272003173828;1693163461.862961
request;105;1693163461.875223
result;103;-1;0.0005781650543212891;0.00040078163146972656;6.103515625e-05;0.0013890266418457031;1693163461.877345
request;106;1693163461.890663
result;104;-1;0.0006508827209472656;0.0009360313415527344;6.008148193359375e-05;0.0020339488983154297;1693163461.89457
request;107;1693163461.906256
result;105;-1;0.0007140636444091797;0.0003619194030761719;5.1021575927734375e-05;0.001522064208984375;1693163461.925065
request;108;1693163461.937784
result;106;-1;0.0006330013275146484;0.0004799365997314453;7.319450378417969e-05;0.0015609264373779297;1693163461.940533
request;109;1693163461.953262
result;107;-1;0.0007081031799316406;0.0003829002380371094;5.698204040527344e-05;0.0015811920166015625;1693163461.95606
request;110;1693163461.968512
request;111;1693163461.984239
result;108;-1;0.0006220340728759766;0.00023412704467773438;5.2928924560546875e-05;0.001260995864868164;1693163461.987416
result;109;-1;0.0006270408630371094;0.00020194053649902344;5.1975250244140625e-05;0.0012731552124023438;1693163462.002483
request;112;1693163462.01526
result;110;-1;0.0006868839263916016;3.0040740966796875e-05;4.696846008300781e-05;0.0011169910430908203;1693163462.017923
request;113;1693163462.030906
result;111;-1;0.0006802082061767578;0.0009579658508300781;7.605552673339844e-05;0.0022101402282714844;1693163462.035306
request;114;1693163462.046255
result;112;-1;0.0006871223449707031;0.0004417896270751953;7.510185241699219e-05;0.001667022705078125;1693163462.065232
request;115;1693163462.077255
result;113;-1;0.000640869140625;0.0003399848937988281;5.698204040527344e-05;0.0014579296112060547;1693163462.080533
request;116;1693163462.093252
result;114;-1;0.0006389617919921875;3.0994415283203125e-05;4.9114227294921875e-05;0.0011758804321289062;1693163462.096553
request;117;1693163462.109262
request;118;1693163462.125256
result;115;-1;0.0007190704345703125;0.0009198188781738281;5.1021575927734375e-05;0.002084016799926758;1693163462.127273
result;116;-1;0.0007138252258300781;0.00024008750915527344;5.0067901611328125e-05;0.0013728141784667969;1693163462.142762
request;119;1693163462.156259
result;117;-1;0.0006279945373535156;8.893013000488281e-05;5.0067901611328125e-05;0.0011339187622070312;1693163462.15812
request;120;1693163462.171766
result;118;-1;0.0006239414215087891;0.0004601478576660156;6.29425048828125e-05;0.0015981197357177734;1693163462.175135
request;121;1693163462.187016
request;122;1693163462.202136
result;119;-1;0.0006499290466308594;0.00010395050048828125;5.2928924560546875e-05;0.0011239051818847656;1693163462.205068
result;120;-1;0.0009229183197021484;0.00030612945556640625;7.700920104980469e-05;0.0032989978790283203;1693163462.223961
request;123;1693163462.233258
result;121;-1;0.0007178783416748047;0.0009350776672363281;6.794929504394531e-05;0.0021309852600097656;1693163462.237004
request;124;1693163462.249249
result;122;-1;0.0006399154663085938;0.0009191036224365234;5.2928924560546875e-05;0.0019741058349609375;1693163462.251136
request;125;1693163462.2648
result;123;-1;0.0006129741668701172;0.00025010108947753906;7.009506225585938e-05;0.0013170242309570312;1693163462.282756
request;126;1693163462.296209
result;124;-1;0.0006740093231201172;2.6941299438476562e-05;4.887580871582031e-05;0.0011289119720458984;1693163462.298565
request;127;1693163462.312002
result;125;-1;0.0006580352783203125;0.0009090900421142578;6.4849853515625e-05;0.002087116241455078;1693163462.314994
request;128;1693163462.327262
request;129;1693163462.343257
result;126;-1;0.000698089599609375;0.0009179115295410156;6.29425048828125e-05;0.002126932144165039;1693163462.34677
result;127;-1;0.0005898475646972656;0.0006010532379150391;5.412101745605469e-05;0.0015540122985839844;1693163462.362035
request;130;1693163462.374261
result;128;-1;0.0006060600280761719;0.00038886070251464844;7.510185241699219e-05;0.0014190673828125;1693163462.378609
request;131;1693163462.389614
result;129;-1;0.000640869140625;0.0009479522705078125;5.7220458984375e-05;0.0020220279693603516;1693163462.393667
request;132;1693163462.405381
result;130;-1;0.0006630420684814453;0.000370025634765625;6.29425048828125e-05;0.0015041828155517578;1693163462.424135
request;133;1693163462.436571
result;131;-1;0.0006198883056640625;0.00041794776916503906;5.412101745605469e-05;0.0014979839324951172;1693163462.439205
request;134;1693163462.452137
result;132;-1;0.0005838871002197266;0.0001010894775390625;5.1021575927734375e-05;0.0010750293731689453;1693163462.454492
request;135;1693163462.467952
request;136;1693163462.483256
result;133;-1;0.000637054443359375;7.295608520507812e-05;5.412101745605469e-05;0.0010890960693359375;1693163462.485315
result;134;-1;0.0005898475646972656;0.0009481906890869141;5.698204040527344e-05;0.0019559860229492188;1693163462.502019
request;137;1693163462.514255
result;135;-1;0.0006151199340820312;0.0006000995635986328;5.888938903808594e-05;0.0016391277313232422;1693163462.51751
request;138;1693163462.529715
result;136;-1;0.0007410049438476562;0.00011706352233886719;5.412101745605469e-05;0.00177001953125;1693163462.533034
request;139;1693163462.545257
result;137;-1;0.0005741119384765625;0.0005259513854980469;5.507469177246094e-05;0.0014979839324951172;1693163462.564426
request;140;1693163462.577255
result;138;-1;0.0005950927734375;0.000576019287109375;7.796287536621094e-05;0.0016341209411621094;1693163462.579074
request;141;1693163462.593257
result;139;-1;0.0006120204925537109;0.0004138946533203125;6.103515625e-05;0.001428842544555664;1693163462.595001
request;142;1693163462.609256
request;143;1693163462.625255
result;140;-1;0.0005691051483154297;0.0009708404541015625;7.605552673339844e-05;0.001993894577026367;1693163462.62721
result;141;-1;0.0006351470947265625;0.0008800029754638672;5.507469177246094e-05;0.001936197280883789;1693163462.645013
request;144;1693163462.656254
result;142;-1;0.0005729198455810547;0.0002949237823486328;6.508827209472656e-05;0.0013129711151123047;1693163462.658527
request;145;1693163462.672134
result;143;-1;0.0006000995635986328;0.000431060791015625;6.4849853515625e-05;0.0014979839324951172;1693163462.675155
request;146;1693163462.687586
request;147;1693163462.70326
result;144;-1;0.0006210803985595703;0.0009469985961914062;7.009506225585938e-05;0.0020041465759277344;1693163462.70629
result;145;-1;0.0005619525909423828;0.0009531974792480469;5.888938903808594e-05;0.001958131790161133;1693163462.722026
request;148;1693163462.734239
result;146;-1;0.0005941390991210938;0.00038695335388183594;5.2928924560546875e-05;0.0013880729675292969;1693163462.736908
request;149;1693163462.750141
result;147;-1;0.0006201267242431641;0.00011396408081054688;5.1021575927734375e-05;0.0011010169982910156;1693163462.752
request;150;1693163462.766255
result;148;-1;0.0006189346313476562;0.0005071163177490234;5.507469177246094e-05;0.0015499591827392578;1693163462.78446
request;151;1693163462.797204
result;149;-1;0.0006070137023925781;0.0009441375732421875;5.888938903808594e-05;0.0019450187683105469;1693163462.799984
request;152;1693163462.813255
result;150;-1;0.0005550384521484375;0.0009529590606689453;5.817413330078125e-05;0.0018939971923828125;1693163462.816214
request;153;1693163462.829257
request;154;1693163462.84525
result;151;-1;0.0006129741668701172;0.0009369850158691406;7.104873657226562e-05;0.0020189285278320312;1693163462.848008
result;152;-1;0.0005800724029541016;0.0009369850158691406;5.793571472167969e-05;0.0019240379333496094;1693163462.86582
request;155;1693163462.876214
result;153;-1;0.0005900859832763672;0.0009200572967529297;5.888938903808594e-05;0.0019102096557617188;1693163462.87922
request;156;1693163462.891565
result;154;-1;0.0005779266357421875;0.0003440380096435547;6.508827209472656e-05;0.0013270378112792969;1693163462.89507
request;157;1693163462.907257
request;158;1693163462.923253
result;155;-1;0.0006740093231201172;0.0009508132934570312;5.817413330078125e-05;0.002053976058959961;1693163462.926082
result;156;-1;0.0006389617919921875;0.0002808570861816406;5.412101745605469e-05;0.0012929439544677734;1693163462.940425
request;159;1693163462.954252
result;157;-1;0.0006649494171142578;0.0009710788726806641;6.079673767089844e-05;0.002112865447998047;1693163462.957784
request;160;1693163462.970238
result;158;-1;0.0007619857788085938;0.00029087066650390625;5.817413330078125e-05;0.001455068588256836;1693163462.972741
request;161;1693163462.985563
request;162;1693163463.00168
result;159;-1;0.0007059574127197266;7.200241088867188e-05;5.817413330078125e-05;0.0011870861053466797;1693163463.00351
result;160;-1;0.0005578994750976562;0.00045299530029296875;4.9114227294921875e-05;0.0013890266418457031;1693163463.019741
request;163;1693163463.033165
result;161;-1;0.0006389617919921875;0.0009050369262695312;5.1021575927734375e-05;0.0019249916076660156;1693163463.035272
request;164;1693163463.049168
result;162;-1;0.0006420612335205078;0.0009198188781738281;5.1021575927734375e-05;0.002031087875366211;1693163463.052018
request;165;1693163463.065169
result;163;-1;0.0005559921264648438;0.0009958744049072266;6.508827209472656e-05;0.0020198822021484375;1693163463.082981
request;166;1693163463.096168
result;164;-1;0.0005578994750976562;0.0009770393371582031;5.91278076171875e-05;0.0019829273223876953;1693163463.099259
request;167;1693163463.111289
result;165;-1;0.0005729198455810547;0.0002200603485107422;5.2928924560546875e-05;0.001210927963256836;1693163463.114039
request;168;1693163463.126169
result;166;-1;0.0007159709930419922;0.0009260177612304688;7.581710815429688e-05;0.002216815948486328;1693163463.146827
request;169;1693163463.157179
result;167;-1;0.0007200241088867188;0.0009350776672363281;9.393692016601562e-05;0.0022821426391601562;1693163463.162017
request;170;1693163463.172625
result;168;-1;0.0007898807525634766;0.00047898292541503906;7.200241088867188e-05;0.0018260478973388672;1693163463.175928
request;171;1693163463.187916
request;172;1693163463.203257
result;169;-1;0.00061798095703125;0.0001270771026611328;6.794929504394531e-05;0.0013110637664794922;1693163463.207124
result;170;-1;0.0006020069122314453;0.00018095970153808594;8.416175842285156e-05;0.001207113265991211;1693163463.222018
request;173;1693163463.234245
result;171;-1;0.0006160736083984375;2.5987625122070312e-05;6.413459777832031e-05;0.0010631084442138672;1693163463.236364
request;174;1693163463.25014
result;172;-1;0.0006878376007080078;9.107589721679688e-05;5.0067901611328125e-05;0.0011429786682128906;1693163463.2529
request;175;1693163463.265929
result;173;-1;0.0006861686706542969;0.0009219646453857422;6.890296936035156e-05;0.002093076705932617;1693163463.284175
request;176;1693163463.297255
result;174;-1;0.0005900859832763672;0.0004980564117431641;5.698204040527344e-05;0.0015361309051513672;1693163463.299907
request;177;1693163463.313258
result;175;-1;0.0006148815155029297;4.100799560546875e-05;5.412101745605469e-05;0.0010619163513183594;1693163463.314578
request;178;1693163463.328965
request;179;1693163463.344259
result;176;-1;0.0007519721984863281;5.412101745605469e-05;5.984306335449219e-05;0.001249074935913086;1693163463.346775
result;177;-1;0.0007150173187255859;0.0002608299255371094;5.507469177246094e-05;0.0013959407806396484;1693163463.362663
request;180;1693163463.376165
result;178;-1;0.0006170272827148438;0.00021195411682128906;5.412101745605469e-05;0.0012619495391845703;1693163463.377947
request;181;1693163463.391526
result;179;-1;0.0006189346313476562;9.107589721679688e-05;5.507469177246094e-05;0.0010769367218017578;1693163463.392793
request;182;1693163463.407257
request;183;1693163463.423256
result;180;-1;0.0005879402160644531;0.00047707557678222656;5.3882598876953125e-05;0.001405954360961914;1693163463.425902
result;181;-1;0.0006859302520751953;0.0005488395690917969;5.507469177246094e-05;0.0016438961029052734;1693163463.440939
request;184;1693163463.454263
result;182;-1;0.0005881786346435547;4.1961669921875e-05;5.4836273193359375e-05;0.0010061264038085938;1693163463.455885
request;185;1693163463.469892
result;183;-1;0.0008449554443359375;0.00030994415283203125;7.82012939453125e-05;0.0016639232635498047;1693163463.472988
request;186;1693163463.485477
result;184;-1;0.0006358623504638672;8.106231689453125e-05;5.3882598876953125e-05;0.0011110305786132812;1693163463.503079
request;187;1693163463.51626
result;185;-1;0.0006318092346191406;0.0006010532379150391;5.793571472167969e-05;0.0016798973083496094;1693163463.52012
request;188;1693163463.53245
result;186;-1;0.0006330013275146484;0.0005280971527099609;5.1975250244140625e-05;0.0015630722045898438;1693163463.534755
request;189;1693163463.548259
request;190;1693163463.564257
result;187;-1;0.0005810260772705078;8.58306884765625e-05;5.1021575927734375e-05;0.0010378360748291016;1693163463.56544
result;188;-1;0.0005500316619873047;0.0006289482116699219;4.9114227294921875e-05;0.0016210079193115234;1693163463.582266
request;191;1693163463.596257
result;189;-1;0.0005848407745361328;0.0009429454803466797;5.221366882324219e-05;0.0020029544830322266;1693163463.597892
request;192;1693163463.612134
result;190;-1;0.0005891323089599609;0.0004630088806152344;5.3882598876953125e-05;0.0014431476593017578;1693163463.613734
request;193;1693163463.627142
result;191;-1;0.0006270408630371094;0.0009090900421142578;5.793571472167969e-05;0.001983165740966797;1693163463.646563
request;194;1693163463.657259
result;192;-1;0.0006868839263916016;0.0009560585021972656;5.698204040527344e-05;0.0020608901977539062;1693163463.662464
request;195;1693163463.673258
result;193;-1;0.0005970001220703125;0.00016808509826660156;5.2928924560546875e-05;0.0011301040649414062;1693163463.67619
request;196;1693163463.688877
request;197;1693163463.704261
result;194;-1;0.0005970001220703125;0.0002391338348388672;4.696846008300781e-05;0.0012171268463134766;1693163463.706629
result;195;-1;0.0005769729614257812;0.0009469985961914062;5.412101745605469e-05;0.0019390583038330078;1693163463.722625
request;198;1693163463.735484
result;196;-1;0.0005879402160644531;0.0005080699920654297;4.792213439941406e-05;0.0014848709106445312;1693163463.738829
request;199;1693163463.751166
result;197;-1;0.0005700588226318359;0.00025081634521484375;6.699562072753906e-05;0.0011980533599853516;1693163463.752909
request;200;1693163463.766729
request;201;1693163463.782141
result;198;-1;0.0006148815155029297;0.0002071857452392578;4.887580871582031e-05;0.0011680126190185547;1693163463.78522
result;199;-1;0.0006349086761474609;0.0009429454803466797;5.0067901611328125e-05;0.0019268989562988281;1693163463.800975
request;202;1693163463.814259
result;200;-1;0.0005078315734863281;0.0004870891571044922;5.0067901611328125e-05;0.0013179779052734375;1693163463.815716
request;203;1693163463.830261
result;201;-1;0.0005660057067871094;0.00018286705017089844;4.9114227294921875e-05;0.0011179447174072266;1693163463.832263
request;204;1693163463.846259
result;202;-1;0.0005550384521484375;0.0002758502960205078;4.9114227294921875e-05;0.0012059211730957031;1693163463.864322
request;205;1693163463.877727
result;203;-1;0.0005898475646972656;0.0004200935363769531;5.3882598876953125e-05;0.001367807388305664;1693163463.880215
request;206;1693163463.893258
result;204;-1;0.0006680488586425781;8.893013000488281e-05;4.887580871582031e-05;0.0011348724365234375;1693163463.895555
request;207;1693163463.909266
request;208;1693163463.925289
result;205;-1;0.0007870197296142578;0.0009350776672363281;5.1975250244140625e-05;0.0021250247955322266;1693163463.928107
result;206;-1;0.0005340576171875;8.0108642578125e-05;4.792213439941406e-05;0.0009441375732421875;1693163463.942014
request;209;1693163463.956258
result;207;-1;0.0005590915679931641;0.0002899169921875;6.890296936035156e-05;0.0012049674987792969;1693163463.95863
request;210;1693163463.971832
result;208;-1;0.0005338191986083984;0.0005521774291992188;6.389617919921875e-05;0.001508951187133789;1693163463.974717
request;211;1693163463.987867
request;212;1693163464.002852
result;209;-1;0.0006191730499267578;0.00096893310546875;6.198883056640625e-05;0.0020110607147216797;1693163464.006521
result;210;-1;0.0005400180816650391;0.0006320476531982422;5.4836273193359375e-05;0.0015099048614501953;1693163464.020999
request;213;1693163464.034477
result;211;-1;0.0005168914794921875;0.0009450912475585938;5.2928924560546875e-05;0.0018470287322998047;1693163464.038726
request;214;1693163464.050137
result;212;-1;0.0005278587341308594;0.0006079673767089844;5.1021575927734375e-05;0.00152587890625;1693163464.052139
request;215;1693163464.065583
result;213;-1;0.0005929470062255859;9.799003601074219e-05;6.914138793945312e-05;0.001074075698852539;1693163464.084082
request;216;1693163464.097195
result;214;-1;0.0005259513854980469;0.00021696090698242188;5.1021575927734375e-05;0.0010960102081298828;1693163464.099621
request;217;1693163464.112445
result;215;-1;0.0005948543548583984;0.000553131103515625;5.1975250244140625e-05;0.0015609264373779297;1693163464.115647
request;218;1693163464.128169
request;219;1693163464.144168
result;216;-1;0.0006210803985595703;0.0002288818359375;7.605552673339844e-05;0.0013680458068847656;1693163464.14683
result;217;-1;0.0006468296051025391;0.00011014938354492188;6.699562072753906e-05;0.0011858940124511719;1693163464.160988
request;220;1693163464.175315
result;218;-1;0.0006709098815917969;0.0009381771087646484;6.4849853515625e-05;0.0021190643310546875;1693163464.178489
request;221;1693163464.190728
result;219;-1;0.0006349086761474609;0.0002541542053222656;5.793571472167969e-05;0.0013470649719238281;1693163464.193689
request;222;1693163464.206167
result;220;-1;0.0006492137908935547;0.00019884109497070312;4.9114227294921875e-05;0.001226186752319336;1693163464.224342
request;223;1693163464.237606
result;221;-1;0.0007128715515136719;9.703636169433594e-05;9.989738464355469e-05;0.0012829303741455078;1693163464.240363
request;224;1693163464.253256
result;222;-1;0.0006411075592041016;0.00018095970153808594;8.20159912109375e-05;0.0013439655303955078;1693163464.255033
request;225;1693163464.268782
request;226;1693163464.284261
result;223;-1;0.0006580352783203125;0.00022602081298828125;5.1975250244140625e-05;0.001291036605834961;1693163464.287182
result;224;[2];0.0006182193756103516;2.7894973754882812e-05;0.0035181045532226562;0.004642009735107422;1693163464.306272
request;227;1693163464.315258
result;225;[2];0.0005261898040771484;0.0003349781036376953;0.0009999275207519531;0.002232074737548828;1693163464.319055
request;228;1693163464.331256
result;226;[2];0.0006508827209472656;0.0009300708770751953;0.001135110855102539;0.003139019012451172;1693163464.335113
request;229;1693163464.347141
result;227;[2];0.0007069110870361328;0.00047397613525390625;0.0010559558868408203;0.0026488304138183594;1693163464.36634
request;230;1693163464.377728
result;228;[3];0.0006439685821533203;0.0009589195251464844;0.0010640621185302734;0.003103971481323242;1693163464.382136
request;231;1693163464.393257
result;229;[3];0.0006079673767089844;0.00023293495178222656;0.001129150390625;0.0024008750915527344;1693163464.398965
request;232;1693163464.409257
request;233;1693163464.425252
result;230;[3];0.0005838871002197266;0.00026416778564453125;0.001210927963256836;0.002460956573486328;1693163464.428351
result;231;[3];0.0006830692291259766;3.0994415283203125e-05;0.0011169910430908203;0.0022420883178710938;1693163464.443924
request;234;1693163464.456261
result;232;[3];0.0006039142608642578;0.0004799365997314453;0.0010001659393310547;0.002530813217163086;1693163464.459896
request;235;1693163464.47176
result;233;[3];0.0005910396575927734;0.0009369850158691406;0.0010919570922851562;0.0030181407928466797;1693163464.476212
request;236;1693163464.487419
request;237;1693163464.503256
result;234;[3];0.0006160736083984375;0.0009448528289794922;0.001087188720703125;0.003077983856201172;1693163464.507724
result;235;[3];0.0005397796630859375;2.7179718017578125e-05;0.0010178089141845703;0.0019609928131103516;1693163464.522125
request;238;1693163464.534239
result;236;[3];0.0005888938903808594;0.0009479522705078125;0.0011601448059082031;0.003081798553466797;1693163464.537743
request;239;1693163464.550134
result;237;[0];0.0006561279296875;0.0002429485321044922;0.0011229515075683594;0.002460002899169922;1693163464.554403
request;240;1693163464.565251
result;238;[0];0.0005910396575927734;0.0009429454803466797;0.0010111331939697266;0.002927064895629883;1693163464.586337
request;241;1693163464.59726
result;239;[0];0.0005850791931152344;9.608268737792969e-05;0.0010449886322021484;0.002061128616333008;1693163464.600568
request;242;1693163464.613253
result;240;[0];0.0007739067077636719;3.314018249511719e-05;0.0012488365173339844;0.002557992935180664;1693163464.61616
request;243;1693163464.629162
request;244;1693163464.645259
result;241;[0];0.0006189346313476562;0.0009391307830810547;0.0010590553283691406;0.003056049346923828;1693163464.648501
result;242;[0];0.0006749629974365234;0.000946044921875;0.0010030269622802734;0.0030100345611572266;1693163464.664534
request;245;1693163464.677271
result;243;[0];0.0005769729614257812;0.0005459785461425781;0.0010750293731689453;0.0026230812072753906;1693163464.67934
request;246;1693163464.69326
result;244;[0];0.0006341934204101562;0.0009369850158691406;0.0011708736419677734;0.003134012222290039;1693163464.696482
request;247;1693163464.70926
request;248;1693163464.725252
result;245;[0];0.0006558895111083984;0.00034308433532714844;0.0009930133819580078;0.0024309158325195312;1693163464.727251
result;246;[0];0.0006070137023925781;0.00055694580078125;0.0010650157928466797;0.0027070045471191406;1693163464.74436
request;249;1693163464.756258
result;247;[0];0.0005860328674316406;0.0009369850158691406;0.0012159347534179688;0.0031499862670898438;1693163464.76063
request;250;1693163464.77173
result;248;[0];0.0005929470062255859;0.0001728534698486328;0.0010151863098144531;0.0022177696228027344;1693163464.775744
request;251;1693163464.787585
request;252;1693163464.803261
result;249;[0];0.0006189346313476562;0.0009438991546630859;0.0010211467742919922;0.0029599666595458984;1693163464.806801
result;250;[0];0.0005781650543212891;0.0004978179931640625;0.0010690689086914062;0.0026140213012695312;1693163464.822027
request;253;1693163464.834338
result;251;[0];0.0006468296051025391;0.0009520053863525391;0.0010352134704589844;0.0030410289764404297;1693163464.838875
request;254;1693163464.849935
result;252;[1];0.0006511211395263672;0.0003578662872314453;0.0010840892791748047;0.002429962158203125;1693163464.853843
request;255;1693163464.865261
result;253;[1];0.0005328655242919922;0.0002579689025878906;0.0009469985961914062;0.002070903778076172;1693163464.885361
request;256;1693163464.896318
result;254;[1];0.0005230903625488281;8.797645568847656e-05;0.0009851455688476562;0.0019240379333496094;1693163464.900522
request;257;1693163464.912134
result;255;[1];0.0005240440368652344;0.00039196014404296875;0.0009529590606689453;0.002207040786743164;1693163464.916185
request;258;1693163464.928258
request;259;1693163464.944261
result;256;[1];0.0005359649658203125;0.00012683868408203125;0.0009829998016357422;0.0020079612731933594;1693163464.946519
result;257;[1];0.0005471706390380859;0.0003108978271484375;0.0010521411895751953;0.0022640228271484375;1693163464.962736
request;260;1693163464.976082
result;258;[1];0.0005300045013427734;0.0005190372467041016;0.0010170936584472656;0.0024712085723876953;1693163464.979137
request;261;1693163464.991365
result;259;[1];0.000553131103515625;0.0009570121765136719;0.0009808540344238281;0.0028460025787353516;1693163464.995302
request;262;1693163465.007144
request;263;1693163465.022374
result;260;[1];0.0005970001220703125;0.00013709068298339844;0.0010149478912353516;0.0021390914916992188;1693163465.026779
result;261;[1];0.0006020069122314453;0.0009379386901855469;0.001049041748046875;0.003016948699951172;1693163465.042628
request;264;1693163465.05326
result;262;[1];0.0006718635559082031;0.00010704994201660156;0.0009379386901855469;0.002023935317993164;1693163465.057326
request;265;1693163465.068705
result;263;[1];0.0005869865417480469;3.504753112792969e-05;0.0011069774627685547;0.002113819122314453;1693163465.07272
request;266;1693163465.084448
result;264;[1];0.0006279945373535156;0.00025391578674316406;0.0010001659393310547;0.0022330284118652344;1693163465.103875
request;267;1693163465.11567
result;265;[2];0.0005829334259033203;9.894371032714844e-05;0.0010421276092529297;0.002073049545288086;1693163465.118928
request;268;1693163465.131259
result;266;[2];0.0005660057067871094;0.00034880638122558594;0.0010662078857421875;0.002357959747314453;1693163465.13491
request;269;1693163465.147258
request;270;1693163465.163259
result;267;[2];0.0005700588226318359;0.0004949569702148438;0.0010530948638916016;0.0024979114532470703;1693163465.166264
result;268;[2];0.0006871223449707031;0.0009679794311523438;0.0011239051818847656;0.0031671524047851562;1693163465.182806
request;271;1693163465.194261
result;269;[2];0.0007939338684082031;0.00011420249938964844;0.0010819435119628906;0.002437114715576172;1693163465.198258
request;272;1693163465.210416
result;270;[2];0.0006830692291259766;8.988380432128906e-05;0.0010509490966796875;0.0022509098052978516;1693163465.213828
request;273;1693163465.226256
result;271;[2];0.0005919933319091797;0.0009438991546630859;0.001116037368774414;0.0030319690704345703;1693163465.24561
request;274;1693163465.257257
result;272;[2];0.0005679130554199219;9.322166442871094e-05;0.0011029243469238281;0.0021560192108154297;1693163465.26083
request;275;1693163465.273251
result;273;[2];0.0005729198455810547;9.989738464355469e-05;0.0010650157928466797;0.0020999908447265625;1693163465.277018
request;276;1693163465.288717
request;277;1693163465.304261
result;274;[2];0.0007328987121582031;0.0009160041809082031;0.0010669231414794922;0.0031659603118896484;1693163465.308331
result;275;[2];0.0005660057067871094;0.00028705596923828125;0.0010089874267578125;0.002218961715698242;1693163465.323539
request;278;1693163465.335446
result;276;[2];0.0005588531494140625;0.0009419918060302734;0.001001119613647461;0.002950906753540039;1693163465.339972
request;279;1693163465.35101
result;277;[2];0.0006029605865478516;0.00032806396484375;0.0011408329010009766;0.0025048255920410156;1693163465.355043
request;280;1693163465.366261
result;278;[3];0.0006768703460693359;0.0004100799560546875;0.00102996826171875;0.0024979114532470703;1693163465.386257
request;281;1693163465.397259
result;279;[3];0.0006849765777587891;0.000102996826171875;0.0014920234680175781;0.0027680397033691406;1693163465.402024
request;282;1693163465.41326
result;280;[3];0.0006389617919921875;0.0004742145538330078;0.0010077953338623047;0.0025451183319091797;1693163465.417179
request;283;1693163465.429265
request;284;1693163465.445259
result;281;[3];0.0005919933319091797;0.0009379386901855469;0.0011029243469238281;0.003034830093383789;1693163465.448741
result;282;[3];0.0005900859832763672;0.0002810955047607422;0.0009748935699462891;0.0022110939025878906;1693163465.463215
request;285;1693163465.4768
result;283;[3];0.0005958080291748047;0.0002989768981933594;0.0009851455688476562;0.0022459030151367188;1693163465.479646
request;286;1693163465.492134
result;284;[3];0.0006420612335205078;0.0002760887145996094;0.0010058879852294922;0.002351045608520508;1693163465.495837
request;287;1693163465.507258
request;288;1693163465.523257
result;285;[3];0.0006129741668701172;0.00025200843811035156;0.0011868476867675781;0.002452850341796875;1693163465.527259
result;286;[3];0.0006191730499267578;3.0994415283203125e-05;0.0011479854583740234;0.002309083938598633;1693163465.542128
request;289;1693163465.555259
result;287;[3];0.0006239414215087891;0.00020813941955566406;0.0009839534759521484;0.0022249221801757812;1693163465.557692
request;290;1693163465.570656
result;288;[3];0.0006420612335205078;0.00026798248291015625;0.001004934310913086;0.0023169517517089844;1693163465.573978
request;291;1693163465.586355
result;289;[3];0.0006349086761474609;0.0009491443634033203;0.0009908676147460938;0.0030050277709960938;1693163465.606309
request;292;1693163465.617173
result;290;[3];0.0005929470062255859;0.0004839897155761719;0.0011169910430908203;0.002613067626953125;1693163465.620698
request;293;1693163465.63319
result;291;[3];0.0005538463592529297;0.0005280971527099609;0.001071929931640625;0.0025658607482910156;1693163465.636882
request;294;1693163465.649264
request;295;1693163465.665255
result;292;[3];0.0006220340728759766;0.0009510517120361328;0.001277923583984375;0.0032470226287841797;1693163465.668775
result;293;[3];0.0006289482116699219;0.00019693374633789062;0.0010221004486083984;0.002354860305786133;1693163465.683919
request;296;1693163465.697256
result;294;[3];0.0006110668182373047;0.0004949569702148438;0.0009899139404296875;0.00257110595703125;1693163465.700371
request;297;1693163465.713265
result;295;[3];0.0005960464477539062;0.0005440711975097656;0.0010149478912353516;0.0025548934936523438;1693163465.715627
request;298;1693163465.729253
request;299;1693163465.745258
result;296;[0];0.0006108283996582031;0.001001119613647461;0.0011849403381347656;0.003271818161010742;1693163465.748593
result;297;[0];0.0005738735198974609;0.0004010200500488281;0.0010211467742919922;0.0024089813232421875;1693163465.763582
request;300;1693163465.777249
result;298;[0];0.0006349086761474609;0.0002028942108154297;0.0010750293731689453;0.002363920211791992;1693163465.779272
request;301;1693163465.793258
result;299;[0];0.0006439685821533203;0.0005068778991699219;0.0011610984802246094;0.002713918685913086;1693163465.795802
request;302;1693163465.808724
request;303;1693163465.824255
result;300;[0];0.0006189346313476562;6.198883056640625e-05;0.0013051033020019531;0.002519845962524414;1693163465.828184
result;301;[0];0.0006718635559082031;0.000946044921875;0.001708984375;0.003871917724609375;1693163465.845593
request;304;1693163465.85626
result;302;[0];0.0006470680236816406;0.0002181529998779297;0.0010797977447509766;0.0023610591888427734;1693163465.859305
request;305;1693163465.871633
result;303;[0];0.0005850791931152344;0.0001900196075439453;0.0009958744049072266;0.0021910667419433594;1693163465.874027
request;306;1693163465.887326
request;307;1693163465.903261
result;304;[0];0.0005590915679931641;0.000537872314453125;0.0010881423950195312;0.002577066421508789;1693163465.906789
result;305;[0];0.0005829334259033203;3.0040740966796875e-05;0.0010690689086914062;0.0020928382873535156;1693163465.922022
request;308;1693163465.934256
result;306;[0];0.0005738735198974609;0.0003840923309326172;0.0011761188507080078;0.002476930618286133;1693163465.937843
request;309;1693163465.94983
result;307;[0];0.0006148815155029297;0.00017905235290527344;0.0009529590606689453;0.002112865447998047;1693163465.952959
request;310;1693163465.965259
result;308;[0];0.0006308555603027344;0.0004451274871826172;0.0009620189666748047;0.0024569034576416016;1693163465.985914
request;311;1693163465.996256
result;309;[0];0.0005469322204589844;0.0003159046173095703;0.0010170936584472656;0.002238035202026367;1693163466.000018
request;312;1693163466.012137
result;310;[0];0.0005970001220703125;0.00028014183044433594;0.0010509490966796875;0.002335071563720703;1693163466.015773
request;313;1693163466.027414
request;314;1693163466.042595
result;311;[1];0.0006470680236816406;0.0009360313415527344;0.0010478496551513672;0.003092050552368164;1693163466.047574
result;312;[1];0.0007441043853759766;9.584426879882812e-05;0.0011780261993408203;0.0023889541625976562;1693163466.062115
request;315;1693163466.074168
result;313;[1];0.0006020069122314453;0.00011110305786132812;0.0012259483337402344;0.0023190975189208984;1693163466.077643
request;316;1693163466.089419
result;314;[1];0.0006270408630371094;0.0004639625549316406;0.001074075698852539;0.0026121139526367188;1693163466.092018
request;317;1693163466.105167
result;315;[1];0.0006089210510253906;0.00024700164794921875;0.0011539459228515625;0.002415895462036133;1693163466.125064
request;318;1693163466.136394
result;316;[1];0.0006101131439208984;0.0003800392150878906;0.0012187957763671875;0.002650022506713867;1693163466.139395
request;319;1693163466.151935
result;317;[1];0.0007328987121582031;0.0009260177612304688;0.001528024673461914;0.003756999969482422;1693163466.156847
request;320;1693163466.167212
request;321;1693163466.18314
result;318;[1];0.0006380081176757812;0.0009229183197021484;0.0010669231414794922;0.003098011016845703;1693163466.187473
result;319;[1];0.0005738735198974609;0.00043201446533203125;0.001199960708618164;0.0026290416717529297;1693163466.202771
request;322;1693163466.214252
result;320;[1];0.0006377696990966797;0.0009341239929199219;0.0012869834899902344;0.003290891647338867;1693163466.21885
request;323;1693163466.230256
result;321;[1];0.0006377696990966797;0.0005261898040771484;0.0010290145874023438;0.0025818347930908203;1693163466.234133
request;324;1693163466.245878
result;322;[1];0.0005681514739990234;0.00013399124145507812;0.001088857650756836;0.002237081527709961;1693163466.264865
request;325;1693163466.277254
result;323;[1];0.0006029605865478516;0.0004031658172607422;0.001096963882446289;0.0025131702423095703;1693163466.280918
request;326;1693163466.293257
result;324;[1];0.0005860328674316406;0.00026106834411621094;0.0010390281677246094;0.002371072769165039;1693163466.296394
request;327;1693163466.308847
request;328;1693163466.324257
result;325;[1];0.0007519721984863281;0.0009891986846923828;0.0011739730834960938;0.0033931732177734375;1693163466.328963
result;326;[2];0.0006098747253417969;0.0005509853363037109;0.001196146011352539;0.0028128623962402344;1693163466.344993
request;329;1693163466.355259
result;327;[2];0.0006151199340820312;8.296966552734375e-05;0.0011060237884521484;0.002254962921142578;1693163466.359439
request;330;1693163466.370576
result;328;[2];0.0006442070007324219;0.00027489662170410156;0.0010159015655517578;0.0023441314697265625;1693163466.374679
request;331;1693163466.386237
result;329;[2];0.0006420612335205078;0.00017309188842773438;0.0010819435119628906;0.002287149429321289;1693163466.408005
request;332;1693163466.417215
result;330;[2];0.0006110668182373047;0.0004220008850097656;0.0010199546813964844;0.0024280548095703125;1693163466.420702
request;333;1693163466.433137
result;331;[2];0.0005869865417480469;7.915496826171875e-05;0.0010809898376464844;0.002128124237060547;1693163466.436306
request;334;1693163466.46426
request;335;1693163466.46426
result;332;[2];0.0006031990051269531;0.0009298324584960938;0.0010581016540527344;0.003014087677001953;1693163466.469401
result;333;[2];0.0005950927734375;8.893013000488281e-05;0.0010881423950195312;0.0023109912872314453;1693163466.483104
request;336;1693163466.49526
request;337;1693163466.51126
result;334;[2];0.0005929470062255859;8.893013000488281e-05;0.001230001449584961;0.00226593017578125;1693163466.515126
result;335;[2];0.0004911422729492188;0.0008170604705810547;0.0008399486541748047;0.0024080276489257812;1693163466.515761
request;338;1693163466.527254
request;339;1693163466.54312
result;336;[2];0.0007109642028808594;0.00011301040649414062;0.0013861656188964844;0.0026619434356689453;1693163466.545563
result;337;[2];0.0006990432739257812;0.0003910064697265625;0.0012478828430175781;0.002769947052001953;1693163466.562862
request;340;1693163466.575257
result;338;[3];0.0006899833679199219;0.00017118453979492188;0.0011010169982910156;0.002371072769165039;1693163466.578745
request;341;1693163466.590595
result;339;[3];0.0006971359252929688;0.0005080699920654297;0.0010228157043457031;0.002596139907836914;1693163466.595358
request;342;1693163466.606253
result;340;[3];0.0005998611450195312;9.608268737792969e-05;0.0009579658508300781;0.0020530223846435547;1693163466.626661
request;343;1693163466.63744
result;341;[3];0.0006239414215087891;4.1961669921875e-05;0.0010690689086914062;0.0021789073944091797;1693163466.640793
request;344;1693163466.653172
result;342;[3];0.000762939453125;0.0008909702301025391;0.001068115234375;0.0031249523162841797;1693163466.6575
request;345;1693163466.668506
request;346;1693163466.684206
result;343;[3];0.0006000995635986328;0.001024007797241211;0.0011258125305175781;0.0032629966735839844;1693163466.68897
result;344;[3];0.0006649494171142578;0.0009400844573974609;0.0011830329895019531;0.0033190250396728516;1693163466.707011
request;347;1693163466.715253
result;345;[3];0.0006730556488037109;0.0009350776672363281;0.0010499954223632812;0.003222942352294922;1693163466.71945
request;348;1693163466.731258
result;346;[3];0.000659942626953125;0.0009191036224365234;0.0011870861053466797;0.0033380985260009766;1693163466.735706
request;349;1693163466.747381
request;350;1693163466.763256
result;347;[3];0.0006761550903320312;0.00028395652770996094;0.0009899139404296875;0.002382040023803711;1693163466.765658
result;348;[3];0.0006120204925537109;8.797645568847656e-05;0.0009679794311523438;0.0020809173583984375;1693163466.781118
request;351;1693163466.794323
result;349;[3];0.0005769729614257812;0.00010800361633300781;0.0009799003601074219;0.002077817916870117;1693163466.797167
request;352;1693163466.809969
result;350;[3];0.0006730556488037109;0.0009570121765136719;0.0010318756103515625;0.0031239986419677734;1693163466.815287
request;353;1693163466.825253
result;351;[3];0.0006301403045654297;0.0004069805145263672;0.0011000633239746094;0.0025780200958251953;1693163466.846042
request;354;1693163466.857214
result;352;[3];0.0006442070007324219;0.000186920166015625;0.0016698837280273438;0.002991199493408203;1693163466.860514
request;355;1693163466.873255
result;353;[3];0.0006239414215087891;0.0001239776611328125;0.0011849403381347656;0.0023250579833984375;1693163466.876706
request;356;1693163466.888531
request;357;1693163466.90427
result;354;[3];0.0006229877471923828;2.7179718017578125e-05;0.0011098384857177734;0.0021791458129882812;1693163466.907299
result;355;[0];0.0005960464477539062;0.0009520053863525391;0.0011849403381347656;0.0031080245971679688;1693163466.924601
request;358;1693163466.935181
result;356;[0];0.0005609989166259766;0.0009729862213134766;0.0011119842529296875;0.003081083297729492;1693163466.939863
request;359;1693163466.95052
result;357;[0];0.0006339550018310547;0.0009300708770751953;0.0010881423950195312;0.003072977066040039;1693163466.955333
request;360;1693163466.966256
result;358;[0];0.0006029605865478516;0.00010704994201660156;0.0009570121765136719;0.0020799636840820312;1693163466.985473
request;361;1693163466.997259
result;359;[0];0.0005471706390380859;0.0009419918060302734;0.000982046127319336;0.0028340816497802734;1693163467.001025
request;362;1693163467.013256
result;360;[0];0.0005688667297363281;9.608268737792969e-05;0.0011310577392578125;0.0021619796752929688;1693163467.015863
request;363;1693163467.029256
request;364;1693163467.044688
result;361;[0];0.0005779266357421875;0.00033402442932128906;0.0010280609130859375;0.0022881031036376953;1693163467.047522
result;362;[0];0.0005750656127929688;0.0004608631134033203;0.0009760856628417969;0.002471923828125;1693163467.063974
request;365;1693163467.076253
result;363;[0];0.0005750656127929688;0.0005028247833251953;0.0010831356048583984;0.002552032470703125;1693163467.079506
request;366;1693163467.091571
result;364;[0];0.0005729198455810547;0.0002760887145996094;0.000982046127319336;0.0022149085998535156;1693163467.098763
request;367;1693163467.107261
request;368;1693163467.123255
result;365;[0];0.0005638599395751953;0.00043702125549316406;0.0010499954223632812;0.002975940704345703;1693163467.12706
result;366;[0];0.0006299018859863281;4.8160552978515625e-05;0.0014598369598388672;0.0025529861450195312;1693163467.14216
request;369;1693163467.154264
result;367;[0];0.000576019287109375;0.00027489662170410156;0.0010030269622802734;0.0022089481353759766;1693163467.159942
request;370;1693163467.169869
result;368;[0];0.0005290508270263672;0.0004899501800537109;0.0009779930114746094;0.002315044403076172;1693163467.173506
request;371;1693163467.185156
result;369;[1];0.0006890296936035156;0.0009400844573974609;0.0009829998016357422;0.003081083297729492;1693163467.205633
request;372;1693163467.216258
result;370;[1];0.0006170272827148438;0.0002560615539550781;0.0010409355163574219;0.002334117889404297;1693163467.219978
request;373;1693163467.232089
result;371;[1];0.0006129741668701172;0.0002830028533935547;0.0010039806365966797;0.002254009246826172;1693163467.235246
request;374;1693163467.247553
request;375;1693163467.26326
result;372;[1];0.0005929470062255859;0.000926971435546875;0.0010280609130859375;0.002964019775390625;1693163467.26637
result;373;[1];0.0006189346313476562;0.00010395050048828125;0.001051187515258789;0.002212047576904297;1693163467.282136
request;376;1693163467.294451
result;374;[1];0.0006511211395263672;0.0005338191986083984;0.0009911060333251953;0.0025899410247802734;1693163467.298262
request;377;1693163467.310117
result;375;[1];0.0006568431854248047;0.00011920928955078125;0.0010387897491455078;0.0022039413452148438;1693163467.31325
request;378;1693163467.325251
result;376;[1];0.0005810260772705078;0.00028514862060546875;0.0010008811950683594;0.0022711753845214844;1693163467.34512
request;379;1693163467.356259
result;377;[1];0.0005891323089599609;0.0005409717559814453;0.0011229515075683594;0.0026400089263916016;1693163467.360517
request;380;1693163467.371851
result;378;[1];0.0006880760192871094;0.0009670257568359375;0.0014369487762451172;0.003462076187133789;1693163467.376838
request;381;1693163467.387859
request;382;1693163467.403266
result;379;[1];0.0005669593811035156;0.0004489421844482422;0.001116037368774414;0.002660036087036133;1693163467.407338
result;380;[1];0.0005860328674316406;0.0009469985961914062;0.0010249614715576172;0.002995014190673828;1693163467.422906
request;383;1693163467.434135
result;381;[1];0.0005300045013427734;0.0003330707550048828;0.0010619163513183594;0.002407073974609375;1693163467.438244
request;384;1693163467.449699
result;382;[1];0.0006549358367919922;0.0009398460388183594;0.0010101795196533203;0.003052949905395508;1693163467.454312
request;385;1693163467.465256
result;383;[1];0.0005629062652587891;9.298324584960938e-05;0.0011401176452636719;0.002310037612915039;1693163467.486747
request;386;1693163467.496497
result;384;[2];0.0005400180816650391;0.0009529590606689453;0.0009911060333251953;0.002888917922973633;1693163467.500681
request;387;1693163467.512134
result;385;[2];0.0005459785461425781;0.0003788471221923828;0.0010042190551757812;0.0024318695068359375;1693163467.515791
request;388;1693163467.528252
request;389;1693163467.544255
result;386;[2];0.0005738735198974609;0.00012111663818359375;0.0010619163513183594;0.002154827117919922;1693163467.546243
result;387;[2];0.0005369186401367188;0.0005860328674316406;0.0011019706726074219;0.002627849578857422;1693163467.563011
request;390;1693163467.576252
result;388;[2];0.0005979537963867188;0.0009400844573974609;0.0009829998016357422;0.0029218196868896484;1693163467.579738
request;391;1693163467.591503
result;389;[2];0.0005578994750976562;0.000946044921875;0.0010211467742919922;0.0029549598693847656;1693163467.595441
request;392;1693163467.607261
request;393;1693163467.62326
result;390;[2];0.0006561279296875;0.00012302398681640625;0.0010118484497070312;0.0022110939025878906;1693163467.626235
result;391;[2];0.0005850791931152344;0.0009000301361083984;0.0010399818420410156;0.0029380321502685547;1693163467.643438
request;394;1693163467.654263
result;392;[2];0.0006229877471923828;3.719329833984375e-05;0.0009708404541015625;0.0020780563354492188;1693163467.6567
request;395;1693163467.669828
result;393;[2];0.0006420612335205078;0.0009379386901855469;0.0010449886322021484;0.0030591487884521484;1693163467.673715
request;396;1693163467.685107
result;394;[2];0.000637054443359375;0.0009148120880126953;0.0010881423950195312;0.003053903579711914;1693163467.705449
request;397;1693163467.716262
result;395;[2];0.0005822181701660156;4.887580871582031e-05;0.001032114028930664;0.002026081085205078;1693163467.719911
request;398;1693163467.732133
result;396;[2];0.0005509853363037109;8.392333984375e-05;0.0011489391326904297;0.002126932144165039;1693163467.735605
request;399;1693163467.747624
request;400;1693163467.763251
result;397;[2];0.0006461143493652344;8.58306884765625e-05;0.0010311603546142578;0.0021419525146484375;1693163467.76707
result;398;[3];0.0006201267242431641;0.0009169578552246094;0.001049041748046875;0.002969980239868164;1693163467.783455
request;401;1693163467.79457
result;399;[3];0.0006000995635986328;0.0009379386901855469;0.0010881423950195312;0.0031011104583740234;1693163467.798544
request;402;1693163467.810244
result;400;[3];0.0006101131439208984;8.988380432128906e-05;0.0010449886322021484;0.0021309852600097656;1693163467.813247
request;403;1693163467.826239
result;401;[3];0.0006170272827148438;0.0009341239929199219;0.0010418891906738281;0.003100156784057617;1693163467.846104
request;404;1693163467.857211
result;402;[3];0.0005519390106201172;0.0009911060333251953;0.0010690689086914062;0.0031080245971679688;1693163467.861034
request;405;1693163467.873253
result;403;[3];0.0005648136138916016;7.104873657226562e-05;0.0010521411895751953;0.0020728111267089844;1693163467.876801
request;406;1693163467.889131
request;407;1693163467.905257
result;404;[3];0.000659942626953125;0.0009319782257080078;0.0010709762573242188;0.003083944320678711;1693163467.908436
result;405;[3];0.000614166259765625;0.0009138584136962891;0.0009889602661132812;0.0028879642486572266;1693163467.92433
request;408;1693163467.936084
result;406;[3];0.0008437633514404297;8.821487426757812e-05;0.0010688304901123047;0.0023729801177978516;1693163467.939579
request;409;1693163467.95176
result;407;[3];0.00061798095703125;0.00037598609924316406;0.0010480880737304688;0.0025110244750976562;1693163467.955873
request;410;1693163467.967253
request;411;1693163467.982703
result;408;[3];0.0006029605865478516;8.916854858398438e-05;0.0010099411010742188;0.002089977264404297;1693163467.986284
result;409;[3];0.0006148815155029297;0.00041413307189941406;0.0010449886322021484;0.0025069713592529297;1693163468.002633
request;412;1693163468.014264
result;410;[3];0.0006401538848876953;0.0009379386901855469;0.0013680458068847656;0.0033621788024902344;1693163468.018935
request;413;1693163468.030176
result;411;[0];0.0006570816040039062;0.0009388923645019531;0.0011029243469238281;0.0031468868255615234;1693163468.033957
request;414;1693163468.045776
result;412;[0];0.0006051063537597656;0.0002720355987548828;0.001071929931640625;0.0023441314697265625;1693163468.064923
request;415;1693163468.077169
result;413;[0];0.0006060600280761719;0.0009670257568359375;0.0011529922485351562;0.0031709671020507812;1693163468.081662
request;416;1693163468.093168
result;414;[0];0.0006527900695800781;0.0003910064697265625;0.0010521411895751953;0.0025119781494140625;1693163468.096551
request;417;1693163468.10917
request;418;1693163468.125166
result;415;[0];0.0007731914520263672;0.00019478797912597656;0.0014500617980957031;0.003049135208129883;1693163468.128936
result;416;[0];0.0005929470062255859;2.8848648071289062e-05;0.0011401176452636719;0.0021507740020751953;1693163468.143246
request;419;1693163468.157166
result;417;[0];0.000579833984375;0.00022101402282714844;0.0009989738464355469;0.0022499561309814453;1693163468.159566
request;420;1693163468.173167
result;418;[0];0.0005810260772705078;0.0002880096435546875;0.0009720325469970703;0.0022630691528320312;1693163468.175162
request;421;1693163468.188938
request;422;1693163468.204265
result;419;[0];0.0006191730499267578;0.0011289119720458984;0.0014870166778564453;0.0039081573486328125;1693163468.209258
result;420;[0];0.0006310939788818359;0.0009570121765136719;0.0010919570922851562;0.003111124038696289;1693163468.224491
request;423;1693163468.235055
result;421;[0];0.0006101131439208984;0.00048804283142089844;0.0010750293731689453;0.0026471614837646484;1693163468.23966
request;424;1693163468.250735
result;422;[0];0.0006380081176757812;0.0005609989166259766;0.0012538433074951172;0.002902984619140625;1693163468.254454
request;425;1693163468.266327
result;423;[0];0.0006241798400878906;0.00022602081298828125;0.0009980201721191406;0.002248048782348633;1693163468.285461
request;426;1693163468.297813
result;424;[0];0.0007369518280029297;3.409385681152344e-05;0.0010750293731689453;0.0023450851440429688;1693163468.300782
request;427;1693163468.313254
result;425;[1];0.0006248950958251953;0.00043010711669921875;0.0010089874267578125;0.002485990524291992;1693163468.317272
request;428;1693163468.329255
request;429;1693163468.345256
result;426;[1];0.0007460117340087891;0.0003619194030761719;0.001188039779663086;0.0027151107788085938;1693163468.34827
result;427;[1];0.0006051063537597656;0.0002830028533935547;0.0012710094451904297;0.0026001930236816406;1693163468.363554
request;430;1693163468.37726
result;428;[1];0.0006380081176757812;0.0003459453582763672;0.0010590553283691406;0.002415895462036133;1693163468.380265
request;431;1693163468.393258
result;429;[1];0.00074005126953125;0.0009109973907470703;0.0011029243469238281;0.003197908401489258;1693163468.396003
request;432;1693163468.409259
request;433;1693163468.425266
result;430;[1];0.0005731582641601562;0.0004987716674804688;0.0010111331939697266;0.002602100372314453;1693163468.427477
result;431;[1];0.0005879402160644531;3.1948089599609375e-05;0.001194000244140625;0.0022449493408203125;1693163468.443176
request;434;1693163468.457258
result;432;[1];0.0006630420684814453;9.107589721679688e-05;0.0010209083557128906;0.0023310184478759766;1693163468.460001
request;435;1693163468.473255
result;433;[1];0.0006518363952636719;0.0009481906890869141;0.0011568069458007812;0.0032339096069335938;1693163468.476054
request;436;1693163468.489253
request;437;1693163468.505259
result;434;[1];0.0005748271942138672;0.00047016143798828125;0.0010640621185302734;0.0026259422302246094;1693163468.507731
result;435;[1];0.0005638599395751953;0.0002930164337158203;0.0009801387786865234;0.0022459030151367188;1693163468.523468
request;438;1693163468.536021
result;436;[1];0.0005571842193603516;0.0009489059448242188;0.0010628700256347656;0.003072977066040039;1693163468.540388
request;439;1693163468.551708
result;437;[1];0.0006051063537597656;0.00011897087097167969;0.0012369155883789062;0.0024080276489257812;1693163468.555987
request;440;1693163468.567261
request;441;1693163468.583157
result;438;[1];0.0006000995635986328;0.0009419918060302734;0.0010809898376464844;0.0031201839447021484;1693163468.587492
result;439;[1];0.0007040500640869141;0.0002498626708984375;0.0011250972747802734;0.0025620460510253906;1693163468.602026
request;442;1693163468.615268
result;440;[2];0.0006458759307861328;0.0009369850158691406;0.0011370182037353516;0.0031850337982177734;1693163468.619109
request;443;1693163468.631259
result;441;[2];0.0006349086761474609;4.220008850097656e-05;0.0010058879852294922;0.0020799636840820312;1693163468.632698
request;444;1693163468.646756
request;445;1693163468.662135
result;442;[2];0.0007262229919433594;0.00012087821960449219;0.0016889572143554688;0.0031080245971679688;1693163468.665924
result;443;[2];0.0006470680236816406;0.0009009838104248047;0.0011448860168457031;0.0031239986419677734;1693163468.683728
request;446;1693163468.694262
result;444;[2];0.0006260871887207031;0.0009448528289794922;0.0010151863098144531;0.0030629634857177734;1693163468.697714
request;447;1693163468.710263
result;445;[2];0.0005888938903808594;7.510185241699219e-05;0.0011219978332519531;0.002171039581298828;1693163468.711996
request;448;1693163468.72626
result;446;[2];0.0007078647613525391;0.0009369850158691406;0.001177072525024414;0.0032978057861328125;1693163468.74542
request;449;1693163468.757254
result;447;[2];0.0006649494171142578;0.0009760856628417969;0.0010378360748291016;0.003137826919555664;1693163468.762099
request;450;1693163468.772134
result;448;[2];0.0005910396575927734;0.0009391307830810547;0.000985860824584961;0.0029489994049072266;1693163468.77761
request;451;1693163468.78801
request;452;1693163468.803263
result;449;[2];0.0006918907165527344;0.0009491443634033203;0.0012028217315673828;0.0033369064331054688;1693163468.808103
result;450;[2];0.0006611347198486328;0.0009138584136962891;0.0010271072387695312;0.0030019283294677734;1693163468.823569
request;453;1693163468.833891
result;451;[2];0.0006120204925537109;0.0009348392486572266;0.0011332035064697266;0.0031020641326904297;1693163468.839318
request;454;1693163468.849545
result;452;[3];0.0006759166717529297;0.0009350776672363281;0.000982046127319336;0.003056049346923828;1693163468.854233
request;455;1693163468.865258
result;453;[3];0.0006270408630371094;0.0009400844573974609;0.0010628700256347656;0.0030269622802734375;1693163468.885078
request;456;1693163468.897259
result;454;[3];0.0006189346313476562;8.988380432128906e-05;0.001001119613647461;0.002324819564819336;1693163468.900195
request;457;1693163468.913259
result;455;[3];0.0006639957427978516;0.0003910064697265625;0.0009829998016357422;0.00257110595703125;1693163468.9156
request;458;1693163468.929255
request;459;1693163468.945256
result;456;[3];0.0006580352783203125;0.0009310245513916016;0.001065969467163086;0.0030870437622070312;1693163468.948514
result;457;[3];0.0007431507110595703;0.00011801719665527344;0.0009620189666748047;0.0022830963134765625;1693163468.964055
request;460;1693163468.977254
result;458;[3];0.0005869865417480469;0.0003581047058105469;0.0009620189666748047;0.002341032028198242;1693163468.979659
request;461;1693163468.993257
result;459;[3];0.0005860328674316406;0.00039696693420410156;0.0009918212890625;0.002434968948364258;1693163468.99588
request;462;1693163469.009255
request;463;1693163469.025262
result;460;[3];0.0005979537963867188;0.0009479522705078125;0.0010650157928466797;0.003014802932739258;1693163469.028187
result;461;[3];0.0005919933319091797;0.0009419918060302734;0.0010669231414794922;0.0029768943786621094;1693163469.044494
request;464;1693163469.056262
result;462;[3];0.0007569789886474609;0.00011396408081054688;0.001032114028930664;0.002418994903564453;1693163469.059266
request;465;1693163469.07169
result;463;[2];0.0005640983581542969;0.0004677772521972656;0.0009779930114746094;0.0024030208587646484;1693163469.075048
request;466;1693163469.087124
request;467;1693163469.103261
result;464;[2];0.0006229877471923828;0.000537872314453125;0.0011131763458251953;0.002660989761352539;1693163469.10706
result;465;[2];0.0006520748138427734;0.0004589557647705078;0.0014290809631347656;0.0029129981994628906;1693163469.123345
request;468;1693163469.13397
result;466;[2];0.0005850791931152344;8.678436279296875e-05;0.000942230224609375;0.001962900161743164;1693163469.137735
request;469;1693163469.149213
result;467;[2];0.0006270408630371094;0.0009360313415527344;0.0009729862213134766;0.002933979034423828;1693163469.153685
request;470;1693163469.165256
result;468;[2];0.0007228851318359375;3.218650817871094e-05;0.0011777877807617188;0.0025339126586914062;1693163469.184852
request;471;1693163469.197258
result;469;[2];0.0008029937744140625;0.0009601116180419922;0.001470804214477539;0.0038290023803710938;1693163469.201021
request;472;1693163469.21326
result;470;[2];0.0006289482116699219;9.417533874511719e-05;0.0010898113250732422;0.0021750926971435547;1693163469.215614
request;473;1693163469.229283
request;474;1693163469.245258
result;471;[3];0.0005660057067871094;0.0004711151123046875;0.0009889602661132812;0.0024390220642089844;1693163469.247255
result;472;[3];0.0006189346313476562;0.0009510517120361328;0.0011930465698242188;0.003114938735961914;1693163469.26461
request;475;1693163469.277256
result;473;[3];0.0005548000335693359;0.0003001689910888672;0.0010190010070800781;0.0022368431091308594;1693163469.27966
request;476;1693163469.293259
result;474;[3];0.0005731582641601562;0.00033092498779296875;0.0011129379272460938;0.0024712085723876953;1693163469.295691
request;477;1693163469.30861
request;478;1693163469.324257
result;475;[3];0.0005879402160644531;0.0004930496215820312;0.0010249614715576172;0.0025789737701416016;1693163469.328179
result;476;[3];0.0005621910095214844;0.000949859619140625;0.0010840892791748047;0.0030090808868408203;1693163469.344646
request;479;1693163469.356255
result;477;[3];0.0005841255187988281;0.0009388923645019531;0.0009579658508300781;0.0028810501098632812;1693163469.35926
request;480;1693163469.371663
result;478;[3];0.0005240440368652344;0.0006070137023925781;0.0013070106506347656;0.0029230117797851562;1693163469.375187
request;481;1693163469.386935
request;482;1693163469.401993
result;479;[3];0.0007359981536865234;0.0009379386901855469;0.000993967056274414;0.003081083297729492;1693163469.406855
result;480;[3];0.0005819797515869141;0.00027298927307128906;0.0010030269622802734;0.0023279190063476562;1693163469.422035
request;483;1693163469.433142
result;481;[3];0.0005719661712646484;0.0004849433898925781;0.0011029243469238281;0.002549886703491211;1693163469.437366
request;484;1693163469.448347
result;482;[3];0.0006198883056640625;0.0005350112915039062;0.0010399818420410156;0.002585887908935547;1693163469.452031
request;485;1693163469.464261
result;483;[3];0.0006000995635986328;0.0006461143493652344;0.0010018348693847656;0.002765178680419922;1693163469.483595
request;486;1693163469.495624
result;484;[3];0.0005609989166259766;0.0002899169921875;0.001077890396118164;0.002313852310180664;1693163469.499333
request;487;1693163469.51126
result;485;[3];0.0005419254302978516;0.0006198883056640625;0.001065969467163086;0.002640962600708008;1693163469.514494
request;488;1693163469.527257
request;489;1693163469.543257
result;486;[3];0.0005750656127929688;0.00026798248291015625;0.0009810924530029297;0.0023419857025146484;1693163469.546295
result;487;[3];0.0007028579711914062;0.0009272098541259766;0.0011467933654785156;0.0032050609588623047;1693163469.562094
request;490;1693163469.575254
result;488;[3];0.0006151199340820312;8.082389831542969e-05;0.000993967056274414;0.0020470619201660156;1693163469.577513
request;491;1693163469.591407
result;489;[3];0.0005741119384765625;9.799003601074219e-05;0.0013620853424072266;0.0024771690368652344;1693163469.594925
request;492;1693163469.60726
result;490;[3];0.000682830810546875;0.00010895729064941406;0.0010042190551757812;0.002185821533203125;1693163469.625723
request;493;1693163469.637214
result;491;[3];0.0006210803985595703;0.0010118484497070312;0.0010311603546142578;0.0032079219818115234;1693163469.643426
request;494;1693163469.653255
result;492;[3];0.0007059574127197266;0.0009429454803466797;0.000965118408203125;0.003108978271484375;1693163469.65833
request;495;1693163469.66863
request;496;1693163469.683916
result;493;[3];0.0006279945373535156;0.0009570121765136719;0.0010809898376464844;0.003214120864868164;1693163469.688876
result;494;[3];0.0007328987121582031;0.0008990764617919922;0.0014438629150390625;0.003574848175048828;1693163469.704509
request;497;1693163469.715257
result;495;[3];0.0006880760192871094;3.790855407714844e-05;0.0015730857849121094;0.0028569698333740234;1693163469.719234
request;498;1693163469.73126
result;496;[3];0.0006711483001708984;0.0009248256683349609;0.001371145248413086;0.0034520626068115234;1693163469.735561
request;499;1693163469.747286
request;500;1693163469.763258
result;497;[3];0.0006570816040039062;0.0005609989166259766;0.0009770393371582031;0.0026350021362304688;1693163469.765918
result;498;[3];0.0005950927734375;9.703636169433594e-05;0.0010519027709960938;0.0021419525146484375;1693163469.782021
request;501;1693163469.795256
result;499;[3];0.0006189346313476562;0.0009539127349853516;0.001219034194946289;0.0034139156341552734;1693163469.798912
request;502;1693163469.810734
result;500;[3];0.0006890296936035156;0.0006079673767089844;0.0010149478912353516;0.0027549266815185547;1693163469.814345
request;503;1693163469.826252
result;501;[3];0.0006589889526367188;9.202957153320312e-05;0.0009670257568359375;0.002115964889526367;1693163469.844908
request;504;1693163469.85722
result;502;[3];0.0006740093231201172;0.0005409717559814453;0.0011069774627685547;0.002805948257446289;1693163469.862018
request;505;1693163469.873263
result;503;[3];0.0006031990051269531;0.0006279945373535156;0.001069784164428711;0.0027801990509033203;1693163469.876816
request;506;1693163469.888404
request;507;1693163469.904262
result;504;[3];0.0006108283996582031;0.00061798095703125;0.001007080078125;0.0028100013732910156;1693163469.90757
result;505;[3];0.0006029605865478516;0.0009529590606689453;0.0011670589447021484;0.0031740665435791016;1693163469.924594
request;508;1693163469.93489
result;506;[3];0.0007200241088867188;0.0009369850158691406;0.001085042953491211;0.003159046173095703;1693163469.940109
request;509;1693163469.950626
result;507;[3];0.0006132125854492188;0.0006079673767089844;0.0010478496551513672;0.002686023712158203;1693163469.955188
request;510;1693163469.966139
result;508;[3];0.0006718635559082031;0.0001270771026611328;0.0012011528015136719;0.002438068389892578;1693163469.985854
request;511;1693163469.997258
result;509;[3];0.0006308555603027344;0.0009400844573974609;0.00096893310546875;0.002975940704345703;1693163470.001037
request;512;1693163470.013255
result;510;[3];0.0005669593811035156;0.0009570121765136719;0.0010089874267578125;0.002978086471557617;1693163470.017143
request;513;1693163470.029251
request;514;1693163470.045259
result;511;[3];0.0007138252258300781;0.00010418891906738281;0.0009949207305908203;0.0022568702697753906;1693163470.047717
result;512;[3];0.0006580352783203125;0.0005481243133544922;0.0009808540344238281;0.002663135528564453;1693163470.064088
request;515;1693163470.077262
result;513;[3];0.000701904296875;0.0005362033843994141;0.0010068416595458984;0.002624988555908203;1693163470.079796
request;516;1693163470.092863
result;514;[3];0.0006699562072753906;0.0009441375732421875;0.0011219978332519531;0.003314971923828125;1693163470.096639
request;517;1693163470.10824
request;518;1693163470.124257
result;515;[3];0.0006549358367919922;0.0009121894836425781;0.0011599063873291016;0.0031571388244628906;1693163470.127678
result;516;[3];0.0006189346313476562;0.0005879402160644531;0.0010051727294921875;0.002691984176635742;1693163470.143469
request;519;1693163470.15526
result;517;[3];0.0007090568542480469;0.0004999637603759766;0.0011661052703857422;0.0028650760650634766;1693163470.158677
request;520;1693163470.170593
result;518;[3];0.0006999969482421875;0.0009508132934570312;0.0011191368103027344;0.0032608509063720703;1693163470.175142
request;521;1693163470.185856
result;519;[3];0.0007100105285644531;0.0005490779876708984;0.0009829998016357422;0.0026891231536865234;1693163470.206168
request;522;1693163470.21721
result;520;[3];0.0007288455963134766;9.512901306152344e-05;0.0012328624725341797;0.0025680065155029297;1693163470.221069
request;523;1693163470.233138
result;521;[3];0.000698089599609375;0.0005350112915039062;0.001096963882446289;0.002849102020263672;1693163470.236318
request;524;1693163470.249259
result;522;[3];0.0007600784301757812;0.0009329319000244141;0.0012421607971191406;0.003489971160888672;1693163470.268315
result;523;[3];0.0006470680236816406;0.0005819797515869141;0.0011620521545410156;0.002877950668334961;1693163470.283723
result;524;[3];0.0008490085601806641;0.0004241466522216797;0.0013499259948730469;0.0032341480255126953;1693163470.300838
