request;0;375462.298665
request;1;375462.299796
request;2;375462.339402
request;3;375462.340568
result;0;-1;0.0006260871887207031;0.00042891502380371094;0.00012803077697753906;0.001631021499633789;375462.385422
request;4;375462.394148
request;5;375462.395885
request;6;375462.430019
request;7;375462.431329
request;8;375462.431745
result;1;-1;0.0007920265197753906;0.00025200843811035156;5.888938903808594e-05;0.0016829967498779297;375462.469332
result;3;-1;0.001535177230834961;0.0005497932434082031;6.103515625e-05;0.0025320053100585938;375462.470260
result;2;-1;0.0011818408966064453;0.0010650157928466797;1.5974044799804688e-05;0.002682924270629883;375462.471141
request;9;375462.475019
request;10;375462.476586
request;11;375462.520952
request;12;375462.522309
result;5;-1;0.0007679462432861328;0.00015401840209960938;6.103515625e-05;0.0014109611511230469;375462.554817
result;4;-1;0.0006439685821533203;0.0005729198455810547;1.5974044799804688e-05;0.0018877983093261719;375462.555784
result;8;-1;0.002146005630493164;4.696846008300781e-05;4.100799560546875e-05;0.002546072006225586;375462.556894
result;7;-1;0.0019478797912597656;0.0003571510314941406;1.4066696166992188e-05;0.002665996551513672;375462.557838
result;6;-1;0.0015778541564941406;0.0007691383361816406;1.0967254638671875e-05;0.002701997756958008;375462.558721
request;13;375462.566673
request;14;375462.567947
request;15;375462.568477
request;16;375462.610579
request;17;375462.611995
result;9;-1;0.0006139278411865234;0.0004019737243652344;6.103515625e-05;0.0016210079193115234;375462.627665
result;12;-1;0.001786947250366211;0.00034499168395996094;3.504753112792969e-05;0.002526998519897461;375462.628297
result;11;-1;0.0015649795532226562;0.0006740093231201172;1.4066696166992188e-05;0.00273895263671875;375462.629177
result;10;-1;0.001146078109741211;0.0011410713195800781;1.5020370483398438e-05;0.002794981002807617;375462.629922
request;18;375462.655334
request;19;375462.656763
request;20;375462.702297
request;21;375462.703631
result;17;-1;0.0014231204986572266;3.600120544433594e-05;6.29425048828125e-05;0.002157926559448242;375462.706975
result;16;-1;0.0012340545654296875;0.00038504600524902344;1.9788742065429688e-05;0.0023729801177978516;375462.708878
result;15;-1;0.0010690689086914062;0.0006020069122314453;1.3113021850585938e-05;0.0024170875549316406;375462.709661
result;14;-1;0.0008759498596191406;0.0008389949798583984;1.4066696166992188e-05;0.0024340152740478516;375462.710421
result;13;-1;0.0006999969482421875;0.0011899471282958984;1.2874603271484375e-05;0.002580881118774414;375462.711126
request;22;375462.744228
request;23;375462.745398
request;24;375462.746306
result;19;-1;0.001341104507446289;0.00037789344787597656;9.417533874511719e-05;0.002479076385498047;375462.790150
result;18;-1;0.0009138584136962891;0.0011699199676513672;4.00543212890625e-05;0.0027267932891845703;375462.790536
request;25;375462.791460
request;26;375462.792810
request;27;375462.836694
request;28;375462.837979
result;24;-1;0.0013279914855957031;9.608268737792969e-05;6.198883056640625e-05;0.002062082290649414;375462.866802
result;23;-1;0.0011451244354248047;0.0004410743713378906;1.8835067749023438e-05;0.002273082733154297;375462.878622
result;22;-1;0.0009779930114746094;0.0006589889526367188;1.4066696166992188e-05;0.002332925796508789;375462.880572
result;21;-1;0.0007679462432861328;0.0009169578552246094;1.1920928955078125e-05;0.002351045608520508;375462.880911
result;20;-1;0.000659942626953125;0.001207113265991211;1.1920928955078125e-05;0.0025119781494140625;375462.881853
request;29;375462.882719
request;30;375462.884199
request;31;375462.884614
request;32;375462.925063
request;33;375462.926399
result;27;-1;0.0013420581817626953;0.00017905235290527344;6.4849853515625e-05;0.002073049545288086;375462.947759
result;26;-1;0.001116037368774414;0.0005769729614257812;1.71661376953125e-05;0.0025250911712646484;375462.948763
result;25;-1;0.0007240772247314453;0.0011370182037353516;1.4066696166992188e-05;0.0027751922607421875;375462.949698
result;28;-1;0.002302885055541992;0.0005309581756591797;5.91278076171875e-05;0.0031249523162841797;375462.950538
request;34;375462.969762
request;35;375462.970922
request;36;375463.015757
request;37;375463.017190
result;33;-1;0.0014488697052001953;4.601478576660156e-05;6.198883056640625e-05;0.0021338462829589844;375463.026512
result;32;-1;0.0012171268463134766;0.00044083595275878906;2.09808349609375e-05;0.0022399425506591797;375463.027290
result;31;-1;0.0010418891906738281;0.0006749629974365234;1.3113021850585938e-05;0.0023818016052246094;375463.028317
result;30;-1;0.0008280277252197266;0.0009348392486572266;1.3113021850585938e-05;0.002434968948364258;375463.029436
result;29;-1;0.0006048679351806641;0.0013210773468017578;1.3113021850585938e-05;0.0025720596313476562;375463.030307
request;38;375463.061679
request;39;375463.062989
request;40;375463.063380
request;41;375463.105793
request;42;375463.106132
result;37;-1;0.0013608932495117188;0.00013399124145507812;6.413459777832031e-05;0.0022308826446533203;375463.107348
result;36;-1;0.001085042953491211;0.0005700588226318359;2.288818359375e-05;0.0023279190063476562;375463.108281
result;35;-1;0.0008759498596191406;0.0008571147918701172;2.193450927734375e-05;0.0024580955505371094;375463.109241
result;34;-1;0.0007140636444091797;0.001210927963256836;1.4066696166992188e-05;0.0026280879974365234;375463.110109
request;43;375463.178294
request;44;375463.179252
result;40;-1;0.0010528564453125;0.00041294097900390625;7.009506225585938e-05;0.0021049976348876953;375463.190986
result;39;-1;0.0008039474487304688;0.0008449554443359375;1.6927719116210938e-05;0.0022869110107421875;375463.191714
result;38;-1;0.0006651878356933594;0.0011608600616455078;1.4066696166992188e-05;0.0024580955505371094;375463.192914
request;45;375463.195908
request;46;375463.197407
request;47;375463.197790
request;48;375463.240269
request;49;375463.241360
result;44;-1;0.0013391971588134766;0.00010085105895996094;7.414817810058594e-05;0.0020940303802490234;375463.258055
result;43;-1;0.0011219978332519531;0.0005071163177490234;2.7894973754882812e-05;0.0023071765899658203;375463.258694
result;42;-1;0.0008900165557861328;0.000820159912109375;2.09808349609375e-05;0.002376079559326172;375463.259461
result;41;-1;0.0006971359252929688;0.001210927963256836;1.9073486328125e-05;0.002532958984375;375463.260526
request;50;375463.285735
request;51;375463.287062
request;52;375463.331987
request;53;375463.333368
result;48;-1;0.0013358592987060547;0.0001881122589111328;6.389617919921875e-05;0.002173900604248047;375463.338576
result;47;-1;0.0011391639709472656;0.0005409717559814453;1.7881393432617188e-05;0.002292156219482422;375463.339736
result;46;-1;0.0009398460388183594;0.0007941722869873047;1.2874603271484375e-05;0.002418994903564453;375463.341083
result;45;-1;0.0006890296936035156;0.0012030601501464844;1.2874603271484375e-05;0.0025730133056640625;375463.342094
result;49;-1;0.001840829849243164;0.0010251998901367188;4.792213439941406e-05;0.0031499862670898438;375463.343044
request;54;375463.375329
request;55;375463.376732
request;56;375463.377145
result;51;-1;0.0008559226989746094;0.0006680488586425781;0.0001239776611328125;0.0022249221801757812;375463.401248
result;50;-1;0.000698089599609375;0.0011870861053466797;2.193450927734375e-05;0.0024611949920654297;375463.410790
request;57;375463.435303
request;58;375463.436865
request;59;375463.462199
request;60;375463.463246
result;52;-1;0.0006899833679199219;0.00024509429931640625;6.389617919921875e-05;0.001363992691040039;375463.476790
result;55;-1;0.0021109580993652344;2.5987625122070312e-05;5.2928924560546875e-05;0.0025908946990966797;375463.477379
result;54;-1;0.001847982406616211;0.0004410743713378906;1.4781951904296875e-05;0.002755880355834961;375463.477968
result;53;-1;0.001497030258178711;0.0008420944213867188;1.2874603271484375e-05;0.0028009414672851562;375463.478483
result;56;-1;0.0026640892028808594;0.0007610321044921875;4.982948303222656e-05;0.0037369728088378906;375463.478962
request;61;375463.510166
request;62;375463.511500
request;63;375463.511914
result;60;-1;0.0012950897216796875;0.00012493133544921875;7.796287536621094e-05;0.0021419525146484375;375463.545385
result;59;-1;0.0010571479797363281;0.0005688667297363281;3.409385681152344e-05;0.0022430419921875;375463.546317
result;58;-1;0.0008411407470703125;0.0008800029754638672;2.384185791015625e-05;0.002359151840209961;375463.547179
result;57;-1;0.0006971359252929688;0.0012409687042236328;2.002716064453125e-05;0.002552032470703125;375463.547897
request;64;375463.553720
request;65;375463.554746
request;66;375463.600308
request;67;375463.601674
result;63;-1;0.0013418197631835938;0.00015306472778320312;6.413459777832031e-05;0.002107858657836914;375463.626577
result;62;-1;0.0009860992431640625;0.0006878376007080078;2.4080276489257812e-05;0.0023500919342041016;375463.627485
result;61;-1;0.0007300376892089844;0.0011510848999023438;2.002716064453125e-05;0.002552032470703125;375463.628598
request;68;375463.645342
request;69;375463.646728
request;70;375463.691060
request;71;375463.692484
request;72;375463.692913
result;67;-1;0.0014410018920898438;7.390975952148438e-05;6.413459777832031e-05;0.002145051956176758;375463.710257
result;66;-1;0.0012278556823730469;0.00044798851013183594;1.811981201171875e-05;0.0022530555725097656;375463.711140
result;65;-1;0.0009429454803466797;0.0007870197296142578;1.811981201171875e-05;0.002393960952758789;375463.712196
result;64;-1;0.0007228851318359375;0.0011720657348632812;2.002716064453125e-05;0.002552032470703125;375463.713154
request;73;375463.735224
request;74;375463.736624
request;75;375463.782139
request;76;375463.782481
result;71;-1;0.0013878345489501953;0.0001900196075439453;8.0108642578125e-05;0.0022008419036865234;375463.782808
result;70;-1;0.0011990070343017578;0.0005550384521484375;1.9073486328125e-05;0.002576112747192383;375463.783278
result;69;-1;0.0009088516235351562;0.0008990764617919922;1.5974044799804688e-05;0.0027070045471191406;375463.783530
result;68;-1;0.0006940364837646484;0.0012841224670410156;1.3828277587890625e-05;0.0029239654541015625;375463.784698
result;72;-1;0.0023860931396484375;0.0005550384521484375;6.198883056640625e-05;0.0033249855041503906;375463.785639
request;77;375463.825470
request;78;375463.826790
result;74;-1;0.0009620189666748047;0.00023603439331054688;6.890296936035156e-05;0.0017960071563720703;375463.858782
result;73;-1;0.0007510185241699219;0.0007648468017578125;1.811981201171875e-05;0.002110004425048828;375463.859436
request;79;375463.915678
request;80;375463.917293
request;81;375463.917716
result;77;-1;0.0014739036560058594;9.298324584960938e-05;6.699562072753906e-05;0.0024209022521972656;375463.936777
result;76;-1;0.0011539459228515625;0.0006041526794433594;3.886222839355469e-05;0.0026509761810302734;375463.937683
result;75;-1;0.000823974609375;0.001168966293334961;1.621246337890625e-05;0.0028510093688964844;375463.938768
result;78;-1;0.002173185348510742;0.0007698535919189453;7.104873657226562e-05;0.003390073776245117;375463.939861
request;82;375463.960240
request;83;375463.961558
request;84;375464.006663
request;85;375464.008534
result;81;-1;0.0010280609130859375;0.00044989585876464844;9.512901306152344e-05;0.0021500587463378906;375464.019636
result;80;-1;0.0008139610290527344;0.0008740425109863281;2.002716064453125e-05;0.0022919178009033203;375464.020567
result;79;-1;0.0006899833679199219;0.0011780261993408203;1.5974044799804688e-05;0.0025451183319091797;375464.021466
request;86;375464.053264
request;87;375464.055024
request;88;375464.055476
request;89;375464.096934
request;90;375464.097311
result;82;-1;0.0006318092346191406;0.0003101825714111328;7.200241088867188e-05;0.0014188289642333984;375464.097733
result;84;-1;0.0018129348754882812;0.00022983551025390625;5.507469177246094e-05;0.002574920654296875;375464.098040
result;83;-1;0.0014729499816894531;0.0007069110870361328;2.6941299438476562e-05;0.0027229785919189453;375464.099086
result;85;-1;0.0023071765899658203;0.0010008811950683594;4.601478576660156e-05;0.0035910606384277344;375464.099894
request;91;375464.141311
request;92;375464.142973
result;88;-1;0.0013179779052734375;0.00018596649169921875;6.604194641113281e-05;0.0020940303802490234;375464.182134
result;87;-1;0.0010271072387695312;0.0006368160247802734;1.71661376953125e-05;0.0022039413452148438;375464.182280
result;86;-1;0.0006878376007080078;0.0011379718780517578;1.4066696166992188e-05;0.0023348331451416016;375464.182530
request;93;375464.185051
request;94;375464.186890
request;95;375464.187279
request;96;375464.229769
request;97;375464.231169
result;89;-1;0.0006628036499023438;0.00023412704467773438;6.29425048828125e-05;0.001378774642944336;375464.235421
result;92;-1;0.0015370845794677734;0.00043702125549316406;3.886222839355469e-05;0.00238800048828125;375464.242063
result;91;-1;0.0013010501861572266;0.0007867813110351562;2.1219253540039062e-05;0.0025298595428466797;375464.242837
result;90;-1;0.0009808540344238281;0.0011680126190185547;1.4066696166992188e-05;0.002585887908935547;375464.243779
request;98;375464.277079
request;99;375464.278461
result;94;-1;0.0007290840148925781;0.0002319812774658203;6.413459777832031e-05;0.0015571117401123047;375464.299909
result;93;-1;0.0005939006805419922;0.0006380081176757812;1.811981201171875e-05;0.0017690658569335938;375464.300897
result;95;-1;0.001230001449584961;0.0010099411010742188;5.602836608886719e-05;0.002613067626953125;375464.311403
request;100;375464.321061
request;101;375464.322358
request;102;375464.368207
request;103;375464.369466
request;104;375464.369837
result;99;-1;0.0013918876647949219;6.890296936035156e-05;6.318092346191406e-05;0.002077817916870117;375464.376967
result;98;-1;0.0009710788726806641;0.0006439685821533203;1.7881393432617188e-05;0.002177000045776367;375464.377724
result;97;-1;0.0007710456848144531;0.0008990764617919922;2.09808349609375e-05;0.0023071765899658203;375464.378463
result;96;-1;0.0006470680236816406;0.0012078285217285156;1.811981201171875e-05;0.0024929046630859375;375464.379021
request;105;375464.409217
request;106;375464.410237
request;107;375464.457210
request;108;375464.457502
result;101;-1;0.0008280277252197266;0.0006389617919921875;6.604194641113281e-05;0.0020439624786376953;375464.458401
result;100;-1;0.0006380081176757812;0.0011219978332519531;1.9788742065429688e-05;0.0023119449615478516;375464.459290
request;109;375464.499841
request;110;375464.501338
request;111;375464.501693
result;106;-1;0.0013699531555175781;8.797645568847656e-05;7.510185241699219e-05;0.0021691322326660156;375464.537684
result;105;-1;0.0011680126190185547;0.0004680156707763672;2.47955322265625e-05;0.0022728443145751953;375464.545887
request;112;375464.546806
request;113;375464.547164
result;104;-1;0.0009989738464355469;0.0006959438323974609;1.5020370483398438e-05;0.002396106719970703;375464.547512
result;103;-1;0.0008149147033691406;0.0009300708770751953;1.3113021850585938e-05;0.002438068389892578;375464.547808
result;102;-1;0.000659942626953125;0.0012350082397460938;1.4066696166992188e-05;0.002561807632446289;375464.548330
request;114;375464.590420
request;115;375464.591683
result;109;-1;0.0012640953063964844;0.00022482872009277344;6.604194641113281e-05;0.002146005630493164;375464.618531
result;108;-1;0.0009810924530029297;0.0006830692291259766;1.7881393432617188e-05;0.0022640228271484375;375464.619555
result;107;-1;0.0006959438323974609;0.0011529922485351562;1.5020370483398438e-05;0.00249481201171875;375464.620772
result;111;-1;0.002196073532104492;0.0006148815155029297;6.508827209472656e-05;0.003264904022216797;375464.621749
result;110;-1;0.0017809867858886719;0.0011899471282958984;1.71661376953125e-05;0.0033469200134277344;375464.622440
request;116;375464.635207
request;117;375464.636603
request;118;375464.680297
request;119;375464.681663
request;120;375464.682064
result;115;-1;0.0012040138244628906;0.0002319812774658203;6.413459777832031e-05;0.0020470619201660156;375464.686961
result;114;-1;0.0010001659393310547;0.0006070137023925781;1.8835067749023438e-05;0.002231121063232422;375464.689859
result;113;-1;0.0008070468902587891;0.000865936279296875;1.5020370483398438e-05;0.002290010452270508;375464.690825
result;112;-1;0.0006508827209472656;0.0011839866638183594;1.4066696166992188e-05;0.0024209022521972656;375464.691531
request;121;375464.725906
request;122;375464.727065
result;117;-1;0.000993967056274414;0.0005130767822265625;6.103515625e-05;0.0020589828491210938;375464.748715
result;116;-1;0.0007240772247314453;0.001074075698852539;1.7881393432617188e-05;0.0022890567779541016;375464.749660
request;123;375464.770501
request;124;375464.771725
request;125;375464.817636
request;126;375464.818539
request;127;375464.818898
result;122;-1;0.0013959407806396484;4.100799560546875e-05;6.413459777832031e-05;0.0020198822021484375;375464.819247
result;121;-1;0.0011529922485351562;0.00043892860412597656;1.5974044799804688e-05;0.0021288394927978516;375464.819531
result;120;-1;0.0009810924530029297;0.0006580352783203125;1.5020370483398438e-05;0.0022449493408203125;375464.822081
result;119;-1;0.0007848739624023438;0.000904083251953125;1.3113021850585938e-05;0.002290964126586914;375464.823601
result;118;-1;0.0006661415100097656;0.0012290477752685547;1.2874603271484375e-05;0.0024750232696533203;375464.824510
request;128;375464.860934
request;129;375464.862228
request;130;375464.905324
request;131;375464.906646
result;124;-1;0.0008928775787353516;0.0005500316619873047;6.914138793945312e-05;0.0019788742065429688;375464.911099
result;123;-1;0.0006330013275146484;0.0011010169982910156;2.3126602172851562e-05;0.002187967300415039;375464.911820
request;132;375464.950374
request;133;375464.951643
result;128;-1;0.0012021064758300781;0.00028705596923828125;8.392333984375e-05;0.002462148666381836;375464.987411
result;127;-1;0.0010290145874023438;0.0006899833679199219;4.315376281738281e-05;0.0025751590728759766;375464.989205
result;126;-1;0.0008320808410644531;0.000993967056274414;2.3126602172851562e-05;0.002698183059692383;375464.989571
result;125;-1;0.0006549358367919922;0.0013470649719238281;2.5033950805664062e-05;0.002853870391845703;375464.990812
result;129;-1;0.0020508766174316406;0.0009741783142089844;5.1975250244140625e-05;0.0032958984375;375464.991174
request;134;375464.995877
request;135;375464.997348
request;136;375464.998274
request;137;375465.040712
request;138;375465.042135
result;130;-1;0.0009930133819580078;2.6941299438476562e-05;5.698204040527344e-05;0.0014529228210449219;375465.054740
result;133;-1;0.0015859603881835938;6.4849853515625e-05;4.7206878662109375e-05;0.0021219253540039062;375465.055505
result;132;-1;0.001386880874633789;0.00038814544677734375;1.5974044799804688e-05;0.0022079944610595703;375465.056723
result;131;-1;0.001146078109741211;0.0006959438323974609;1.4066696166992188e-05;0.0023241043090820312;375465.057463
request;139;375465.086171
request;140;375465.087547
result;134;-1;0.0006558895111083984;0.00032806396484375;6.890296936035156e-05;0.001569986343383789;375465.127344
result;138;-1;0.0020699501037597656;5.507469177246094e-05;5.3882598876953125e-05;0.002749919891357422;375465.128450
result;137;-1;0.0018129348754882812;0.00045013427734375;2.5033950805664062e-05;0.002866029739379883;375465.129713
result;136;-1;0.0015590190887451172;0.0007770061492919922;2.288818359375e-05;0.0030128955841064453;375465.132487
result;135;-1;0.001071929931640625;0.0013251304626464844;2.5987625122070312e-05;0.003058910369873047;375465.132848
request;141;375465.133537
request;142;375465.134852
request;143;375465.183351
request;144;375465.184366
request;145;375465.184553
result;140;-1;0.0010371208190917969;0.0005249977111816406;7.104873657226562e-05;0.0020911693572998047;375465.193817
result;139;-1;0.0007898807525634766;0.0010721683502197266;1.6927719116210938e-05;0.002363920211791992;375465.194739
request;146;375465.220203
request;147;375465.221452
request;148;375465.265399
request;149;375465.265728
result;144;-1;0.0013499259948730469;0.0001430511474609375;6.508827209472656e-05;0.002070903778076172;375465.267952
result;143;-1;0.0011281967163085938;0.0005228519439697266;1.71661376953125e-05;0.0021669864654541016;375465.270565
result;142;-1;0.0009300708770751953;0.0007760524749755859;1.4066696166992188e-05;0.002286195755004883;375465.271313
result;141;-1;0.0007069110870361328;0.0011529922485351562;1.4066696166992188e-05;0.0024368762969970703;375465.271964
request;150;375465.311505
request;151;375465.312934
request;152;375465.313304
result;145;-1;0.0006930828094482422;0.00011992454528808594;0.00010013580322265625;0.0013570785522460938;375465.335152
result;147;-1;0.0017080307006835938;0.00018906593322753906;6.29425048828125e-05;0.002415180206298828;375465.335876
result;146;-1;0.0013790130615234375;0.0007090568542480469;2.5987625122070312e-05;0.0025911331176757812;375465.336930
request;153;375465.356248
request;154;375465.357517
request;155;375465.400497
request;156;375465.401808
result;152;-1;0.0015070438385009766;3.814697265625e-05;6.389617919921875e-05;0.0021681785583496094;375465.406849
result;151;-1;0.0013010501861572266;0.00039696693420410156;1.7881393432617188e-05;0.002268075942993164;375465.408870
result;150;-1;0.0011138916015625;0.000637054443359375;1.4066696166992188e-05;0.002402067184448242;375465.409751
result;149;-1;0.0008821487426757812;0.0009148120880126953;1.4066696166992188e-05;0.002444028854370117;375465.415282
result;148;-1;0.0007069110870361328;0.0012450218200683594;1.4066696166992188e-05;0.0025758743286132812;375465.415651
request;157;375465.444356
request;158;375465.445516
result;154;-1;0.0009260177612304688;0.0005300045013427734;6.198883056640625e-05;0.001970052719116211;375465.474152
result;153;-1;0.0006620883941650391;0.0010819435119628906;2.4080276489257812e-05;0.0022211074829101562;375465.474658
request;159;375465.490290
request;160;375465.491477
request;161;375465.491898
request;162;375465.535612
request;163;375465.537006
result;158;-1;0.0012919902801513672;0.00020503997802734375;7.104873657226562e-05;0.002228975296020508;375465.547362
result;157;-1;0.0010600090026855469;0.0006139278411865234;3.2901763916015625e-05;0.002341032028198242;375465.548168
result;156;-1;0.0008761882781982422;0.0008859634399414062;2.5033950805664062e-05;0.002582073211669922;375465.549195
result;155;-1;0.0007171630859375;0.0012209415435791016;2.3126602172851562e-05;0.0027561187744140625;375465.549995
request;164;375465.580219
request;165;375465.581597
result;159;-1;0.0007460117340087891;3.981590270996094e-05;8.320808410644531e-05;0.0013790130615234375;375465.616185
result;162;-1;0.0017971992492675781;0.00014781951904296875;5.0067901611328125e-05;0.002526998519897461;375465.626014
result;161;-1;0.0015649795532226562;0.0005538463592529297;2.09808349609375e-05;0.0026760101318359375;375465.626771
result;160;-1;0.0013370513916015625;0.0008649826049804688;1.4066696166992188e-05;0.002752065658569336;375465.627667
request;166;375465.629053
request;167;375465.630239
request;168;375465.630584
result;163;-1;0.0023288726806640625;0.0009560585021972656;5.2928924560546875e-05;0.003609895706176758;375465.630931
request;169;375465.670269
request;170;375465.671411
result;165;-1;0.001032114028930664;0.0005280971527099609;9.393692016601562e-05;0.0023331642150878906;375465.675787
result;164;-1;0.0007469654083251953;0.0011601448059082031;3.600120544433594e-05;0.002563953399658203;375465.676764
request;171;375465.715102
request;172;375465.716647
request;173;375465.760125
request;174;375465.761338
result;168;-1;0.0011179447174072266;0.00033402442932128906;6.604194641113281e-05;0.0021131038665771484;375465.770192
result;167;-1;0.000843048095703125;0.0007801055908203125;2.6941299438476562e-05;0.002398967742919922;375465.770927
result;166;-1;0.0006442070007324219;0.0011630058288574219;1.5974044799804688e-05;0.002566099166870117;375465.771723
request;175;375465.805729
request;176;375465.807748
request;177;375465.808258
request;178;375465.851388
request;179;375465.851684
result;171;-1;0.0013720989227294922;0.00020003318786621094;8.082389831542969e-05;0.0023620128631591797;375465.852132
result;170;-1;0.001004934310913086;0.0007600784301757812;5.888938903808594e-05;0.002489805221557617;375465.852465
result;169;-1;0.0006849765777587891;0.0012960433959960938;1.6927719116210938e-05;0.0027260780334472656;375465.852692
result;173;-1;0.002363920211791992;0.0005888938903808594;6.103515625e-05;0.003361940383911133;375465.853506
result;172;-1;0.0019540786743164062;0.00115203857421875;1.5974044799804688e-05;0.003481149673461914;375465.854430
request;180;375465.894942
request;181;375465.896269
result;177;-1;0.0018990039825439453;2.9087066650390625e-05;6.29425048828125e-05;0.002691984176635742;375465.927641
result;176;-1;0.0012421607971191406;0.0008537769317626953;3.600120544433594e-05;0.0028700828552246094;375465.928636
result;175;-1;0.0009989738464355469;0.0011980533599853516;2.193450927734375e-05;0.0029001235961914062;375465.929400
result;174;-1;0.0007140636444091797;0.0016758441925048828;1.4066696166992188e-05;0.003226041793823242;375465.930165
request;182;375465.941001
request;183;375465.942186
request;184;375465.942529
request;185;375465.990618
request;186;375465.991882
result;181;-1;0.0014238357543945312;6.413459777832031e-05;6.4849853515625e-05;0.002151012420654297;375465.995062
result;180;-1;0.0011839866638183594;0.0004699230194091797;1.5974044799804688e-05;0.0022690296173095703;375465.995519
result;179;-1;0.0008912086486816406;0.0008289813995361328;1.5020370483398438e-05;0.002418994903564453;375465.997329
result;178;-1;0.000698089599609375;0.0012140274047851562;1.4066696166992188e-05;0.002604961395263672;375465.997693
request;187;375466.029688
request;188;375466.030894
request;189;375466.075937
request;190;375466.077261
result;184;-1;0.0012068748474121094;0.00023412704467773438;6.699562072753906e-05;0.00214385986328125;375466.081575
result;183;-1;0.0009188652038574219;0.0007719993591308594;3.0994415283203125e-05;0.002260923385620117;375466.082242
result;182;-1;0.0007469654083251953;0.001210927963256836;1.811981201171875e-05;0.002550840377807617;375466.083521
request;191;375466.122231
request;192;375466.123520
request;193;375466.123958
request;194;375466.182093
request;195;375466.182892
result;188;-1;0.0012059211730957031;0.0002269744873046875;6.413459777832031e-05;0.0020439624786376953;375466.183133
result;187;-1;0.0009968280792236328;0.0005960464477539062;1.811981201171875e-05;0.002132892608642578;375466.183236
result;186;-1;0.0007741451263427734;0.0008718967437744141;1.5020370483398438e-05;0.0022389888763427734;375466.183348
result;185;-1;0.0005829334259033203;0.001216888427734375;1.4066696166992188e-05;0.00238800048828125;375466.183432
request;196;375466.209110
request;197;375466.210241
result;192;-1;0.0013949871063232422;0.0001850128173828125;7.796287536621094e-05;0.0023369789123535156;375466.243724
result;191;-1;0.0011341571807861328;0.0006439685821533203;3.504753112792969e-05;0.0028281211853027344;375466.244458
result;190;-1;0.0008771419525146484;0.000993967056274414;2.384185791015625e-05;0.0030040740966796875;375466.245146
result;189;-1;0.0006911754608154297;0.0013549327850341797;2.288818359375e-05;0.0031850337982177734;375466.245794
result;193;-1;0.002562999725341797;0.0005369186401367188;5.91278076171875e-05;0.003468036651611328;375466.246284
request;198;375466.254872
request;199;375466.256457
request;200;375466.256963
request;201;375466.300207
request;202;375466.301763
result;197;-1;0.0013899803161621094;7.295608520507812e-05;7.200241088867188e-05;0.00222015380859375;375466.316852
result;196;-1;0.0011320114135742188;0.0005011558532714844;3.981590270996094e-05;0.0023360252380371094;375466.327062
result;195;-1;0.0008769035339355469;0.0008480548858642578;1.5020370483398438e-05;0.0023720264434814453;375466.327584
result;194;-1;0.0006618499755859375;0.0012691020965576172;1.9073486328125e-05;0.002518892288208008;375466.328315
request;203;375466.344725
request;204;375466.345674
result;198;-1;0.0006558895111083984;0.0002970695495605469;6.604194641113281e-05;0.0015299320220947266;375466.387380
request;205;375466.390262
request;206;375466.391340
result;201;-1;0.001833200454711914;0.0002980232238769531;4.982948303222656e-05;0.002660036087036133;375466.394627
result;200;-1;0.0015430450439453125;0.0007219314575195312;1.5974044799804688e-05;0.002810955047607422;375466.395366
result;199;-1;0.001065969467163086;0.0012531280517578125;1.4781951904296875e-05;0.0028650760650634766;375466.401429
result;202;-1;0.0023810863494873047;0.0010340213775634766;5.888938903808594e-05;0.003879070281982422;375466.401826
request;207;375466.434427
request;208;375466.435579
request;209;375466.435887
result;204;-1;0.0008699893951416016;0.0006070137023925781;7.200241088867188e-05;0.0020389556884765625;375466.453899
result;203;-1;0.0006639957427978516;0.0011250972747802734;1.8835067749023438e-05;0.002270936965942383;375466.454816
request;210;375466.479723
request;211;375466.480928
request;212;375466.526118
request;213;375466.526475
result;209;-1;0.001300811767578125;0.00010609626770019531;6.103515625e-05;0.00202178955078125;375466.527460
result;208;-1;0.0011219978332519531;0.0004401206970214844;3.0994415283203125e-05;0.002198934555053711;375466.528311
result;207;-1;0.0009789466857910156;0.0006659030914306641;1.4066696166992188e-05;0.0022568702697753906;375466.531218
result;206;-1;0.0007901191711425781;0.0009219646453857422;1.5020370483398438e-05;0.0022771358489990234;375466.532135
result;205;-1;0.0006508827209472656;0.0012240409851074219;1.1920928955078125e-05;0.0024068355560302734;375466.533063
request;214;375466.570375
request;215;375466.571625
request;216;375466.572346
result;211;-1;0.0008971691131591797;0.0005970001220703125;8.082389831542969e-05;0.0021262168884277344;375466.587750
result;210;-1;0.0006670951843261719;0.0011589527130126953;3.695487976074219e-05;0.002346038818359375;375466.587998
request;217;375466.615569
request;218;375466.616948
request;219;375466.660868
request;220;375466.661737
result;216;-1;0.0014810562133789062;3.910064697265625e-05;6.580352783203125e-05;0.002254962921142578;375466.665456
result;215;-1;0.0012660026550292969;0.0004220008850097656;2.002716064453125e-05;0.002460002899169922;375466.666228
result;214;-1;0.0010828971862792969;0.000659942626953125;1.5020370483398438e-05;0.002502918243408203;375466.666773
result;213;-1;0.0008599758148193359;0.0009291172027587891;1.3828277587890625e-05;0.0025229454040527344;375466.667654
result;212;-1;0.0006930828094482422;0.0012559890747070312;1.2874603271484375e-05;0.0026509761810302734;375466.668789
request;221;375466.705368
request;222;375466.706546
result;218;-1;0.0008788108825683594;0.0006041526794433594;7.700920104980469e-05;0.002209901809692383;375466.748111
result;217;-1;0.0007331371307373047;0.0011670589447021484;3.3855438232421875e-05;0.0025031566619873047;375466.748858
request;223;375466.750512
request;224;375466.751568
request;225;375466.751834
result;219;-1;0.0006289482116699219;6.604194641113281e-05;6.604194641113281e-05;0.0011150836944580078;375466.827445
result;222;-1;0.0015599727630615234;0.00024199485778808594;5.2928924560546875e-05;0.002254962921142578;375466.828437
result;221;-1;0.0013341903686523438;0.000598907470703125;1.6927719116210938e-05;0.0024111270904541016;375466.829199
result;220;-1;0.0010690689086914062;0.0009241104125976562;1.3828277587890625e-05;0.0024700164794921875;375466.829878
request;226;375466.840591
request;227;375466.841732
request;228;375466.885034
request;229;375466.886286
result;225;-1;0.001219034194946289;0.00023293495178222656;7.104873657226562e-05;0.0021958351135253906;375466.898199
result;224;-1;0.0009539127349853516;0.0006830692291259766;2.5987625122070312e-05;0.0023360252380371094;375466.898797
result;223;-1;0.0007131099700927734;0.0011370182037353516;2.5033950805664062e-05;0.0024881362915039062;375466.899636
request;230;375466.930389
request;231;375466.931632
request;232;375466.931975
request;233;375466.975158
request;234;375466.975479
result;229;-1;0.001444101333618164;6.508827209472656e-05;6.580352783203125e-05;0.0021021366119384766;375466.978092
result;228;-1;0.0012140274047851562;0.00045800209045410156;1.8835067749023438e-05;0.00220489501953125;375466.980759
result;227;-1;0.0009591579437255859;0.0007679462432861328;1.4066696166992188e-05;0.0023140907287597656;375466.981498
result;226;-1;0.0007288455963134766;0.001157999038696289;1.4066696166992188e-05;0.0024709701538085938;375466.982210
request;235;375467.020411
request;236;375467.021657
result;230;-1;0.0007619857788085938;0.0004229545593261719;9.298324584960938e-05;0.002007007598876953;375467.045882
result;232;-1;0.002032041549682617;0.0003631114959716797;8.082389831542969e-05;0.0029680728912353516;375467.046636
result;231;-1;0.001425027847290039;0.001177072525024414;3.504753112792969e-05;0.003133058547973633;375467.047138
request;237;375467.068001
request;238;375467.070015
request;239;375467.070646
request;240;375467.111344
request;241;375467.112868
result;236;-1;0.0014820098876953125;6.389617919921875e-05;6.508827209472656e-05;0.0021660327911376953;375467.117278
result;235;-1;0.0012631416320800781;0.00044798851013183594;2.193450927734375e-05;0.0022771358489990234;375467.118575
result;234;-1;0.0010311603546142578;0.0007359981536865234;1.5974044799804688e-05;0.002398967742919922;375467.119604
result;233;-1;0.0007750988006591797;0.0011448860168457031;1.4066696166992188e-05;0.0025510787963867188;375467.120533
request;242;375467.185927
request;243;375467.186812
result;239;-1;0.0011320114135742188;0.000102996826171875;8.20159912109375e-05;0.0018608570098876953;375467.198602
result;238;-1;0.0009229183197021484;0.0005052089691162109;2.09808349609375e-05;0.0019659996032714844;375467.199667
result;237;-1;0.0007870197296142578;0.0008108615875244141;1.4066696166992188e-05;0.0021729469299316406;375467.200772
request;244;375467.201597
request;245;375467.202765
request;246;375467.245408
request;247;375467.246572
request;248;375467.246894
result;241;-1;0.000865936279296875;0.00023603439331054688;6.389617919921875e-05;0.0016849040985107422;375467.277154
result;240;-1;0.0006279945373535156;0.0007600784301757812;1.7881393432617188e-05;0.0019080638885498047;375467.277787
result;243;-1;0.0017161369323730469;0.0006530284881591797;4.792213439941406e-05;0.0026950836181640625;375467.278381
result;242;-1;0.0013699531555175781;0.0011339187622070312;1.71661376953125e-05;0.0027930736541748047;375467.279035
request;249;375467.289591
request;250;375467.290646
request;251;375467.335430
request;252;375467.337022
result;247;-1;0.00131988525390625;0.0001850128173828125;6.699562072753906e-05;0.002132892608642578;375467.342727
result;246;-1;0.001093149185180664;0.0005688667297363281;1.71661376953125e-05;0.002534151077270508;375467.343683
result;245;-1;0.00080108642578125;0.0009291172027587891;1.3828277587890625e-05;0.0026810169219970703;375467.344798
result;244;-1;0.0006480216979980469;0.0012540817260742188;1.2874603271484375e-05;0.002849102020263672;375467.345597
result;248;-1;0.0023469924926757812;0.0004968643188476562;5.1021575927734375e-05;0.0031158924102783203;375467.346385
request;253;375467.380892
request;254;375467.382127
request;255;375467.384162
request;256;375467.425780
request;257;375467.426334
result;250;-1;0.0008759498596191406;0.0005850791931152344;7.510185241699219e-05;0.002017974853515625;375467.428173
result;249;-1;0.0006940364837646484;0.0011301040649414062;1.7881393432617188e-05;0.002296924591064453;375467.433997
request;258;375467.469351
request;259;375467.470586
result;253;-1;0.0010271072387695312;4.00543212890625e-05;6.794929504394531e-05;0.0018200874328613281;375467.506770
result;252;-1;0.0008449554443359375;0.0004200935363769531;2.193450927734375e-05;0.002235889434814453;375467.507259
result;251;-1;0.0006699562072753906;0.000759124755859375;1.5020370483398438e-05;0.002546072006225586;375467.507662
result;255;-1;0.0024061203002929688;0.00029587745666503906;5.507469177246094e-05;0.003117084503173828;375467.511097
result;254;-1;0.0020329952239990234;0.0008008480072021484;1.71661376953125e-05;0.0031898021697998047;375467.511734
request;260;375467.514080
request;261;375467.515207
request;262;375467.559659
request;263;375467.561081
request;264;375467.561463
result;256;-1;0.0007970333099365234;0.0001010894775390625;6.794929504394531e-05;0.001844167709350586;375467.583780
result;258;-1;0.0019190311431884766;0.00022792816162109375;6.914138793945312e-05;0.002814054489135742;375467.587222
result;257;-1;0.001550912857055664;0.0007710456848144531;1.5974044799804688e-05;0.0029120445251464844;375467.587853
result;259;-1;0.0024650096893310547;0.0009980201721191406;6.389617919921875e-05;0.003915071487426758;375467.588610
request;265;375467.604806
request;266;375467.605966
request;267;375467.650126
request;268;375467.651269
result;260;-1;0.0007190704345703125;0.00023603439331054688;6.580352783203125e-05;0.0013930797576904297;375467.655342
result;263;-1;0.0019299983978271484;0.00014901161193847656;5.1021575927734375e-05;0.0027010440826416016;375467.656717
result;262;-1;0.001728057861328125;0.0004940032958984375;3.0040740966796875e-05;0.002790212631225586;375467.657620
result;261;-1;0.00144195556640625;0.0008599758148193359;2.193450927734375e-05;0.0028917789459228516;375467.658305
result;264;-1;0.0024111270904541016;0.0010139942169189453;5.4836273193359375e-05;0.003734111785888672;375467.658939
request;269;375467.695435
request;270;375467.696773
request;271;375467.697124
result;266;-1;0.0009381771087646484;0.0006129741668701172;7.700920104980469e-05;0.002145051956176758;375467.722782
result;265;-1;0.0007600784301757812;0.0011110305786132812;1.6927719116210938e-05;0.002396106719970703;375467.723119
request;272;375467.740423
request;273;375467.741568
request;274;375467.784968
request;275;375467.786123
result;270;-1;0.0014300346374511719;4.291534423828125e-05;6.413459777832031e-05;0.0021300315856933594;375467.814590
result;269;-1;0.0011680126190185547;0.00047516822814941406;1.7881393432617188e-05;0.0022430419921875;375467.815450
result;268;-1;0.0008919239044189453;0.0008111000061035156;1.5020370483398438e-05;0.002379894256591797;375467.816177
result;267;-1;0.0006911754608154297;0.0011749267578125;1.4066696166992188e-05;0.002540111541748047;375467.817370
result;271;-1;0.002148151397705078;0.0006740093231201172;6.580352783203125e-05;0.003213167190551758;375467.818029
request;276;375467.830109
request;277;375467.831419
request;278;375467.875465
request;279;375467.877020
request;280;375467.877384
result;275;-1;0.0014598369598388672;4.315376281738281e-05;6.794929504394531e-05;0.002109050750732422;375467.894467
result;274;-1;0.0012021064758300781;0.00046181678771972656;1.811981201171875e-05;0.002218961715698242;375467.894983
result;273;-1;0.0009109973907470703;0.0008189678192138672;1.5020370483398438e-05;0.002515077590942383;375467.895668
result;272;-1;0.0007021427154541016;0.0012159347534179688;1.4066696166992188e-05;0.0027260780334472656;375467.896616
request;281;375467.920266
request;282;375467.921602
request;283;375467.964824
request;284;375467.966004
result;279;-1;0.0013949871063232422;4.8160552978515625e-05;6.699562072753906e-05;0.002346038818359375;375467.977200
result;278;-1;0.0011599063873291016;0.0005109310150146484;2.4080276489257812e-05;0.0029168128967285156;375467.978049
result;277;-1;0.0008859634399414062;0.0008549690246582031;1.621246337890625e-05;0.0031480789184570312;375467.978718
result;276;-1;0.0007119178771972656;0.0012018680572509766;1.5020370483398438e-05;0.0033609867095947266;375467.979557
result;280;-1;0.0025680065155029297;0.0006861686706542969;6.794929504394531e-05;0.0036699771881103516;375467.980473
request;285;375468.010584
request;286;375468.012105
request;287;375468.012557
request;288;375468.056802
request;289;375468.058212
result;284;-1;0.0013740062713623047;8.678436279296875e-05;7.009506225585938e-05;0.002087831497192383;375468.069232
result;283;-1;0.001132965087890625;0.0004980564117431641;2.002716064453125e-05;0.002237081527709961;375468.069597
result;282;-1;0.0008261203765869141;0.0008618831634521484;1.71661376953125e-05;0.002393960952758789;375468.070678
result;281;-1;0.000701904296875;0.0011680126190185547;1.5020370483398438e-05;0.0025758743286132812;375468.070979
request;290;375468.100746
request;291;375468.102342
request;292;375468.146914
request;293;375468.147499
result;288;-1;0.0013179779052734375;0.00016689300537109375;6.508827209472656e-05;0.0020580291748046875;375468.147862
result;287;-1;0.001110076904296875;0.0005459785461425781;2.09808349609375e-05;0.0023529529571533203;375468.148402
result;286;-1;0.0008230209350585938;0.0009050369262695312;1.3828277587890625e-05;0.0024878978729248047;375468.150856
result;285;-1;0.0006840229034423828;0.0012409687042236328;1.4066696166992188e-05;0.0026810169219970703;375468.152555
result;289;-1;0.002209901809692383;0.0006361007690429688;4.696846008300781e-05;0.0031380653381347656;375468.153258
request;294;375468.193242
request;295;375468.194863
request;296;375468.195311
result;290;-1;0.0007669925689697266;3.1948089599609375e-05;6.389617919921875e-05;0.0013129711151123047;375468.209373
result;291;-1;0.0014560222625732422;0.0004470348358154297;5.1975250244140625e-05;0.0022780895233154297;375468.214525
request;297;375468.234231
request;298;375468.235280
request;299;375468.280189
request;300;375468.281512
result;295;-1;0.0012860298156738281;0.00015997886657714844;6.699562072753906e-05;0.002212047576904297;375468.288976
result;294;-1;0.0010859966278076172;0.0005199909210205078;1.71661376953125e-05;0.002398967742919922;375468.289687
result;293;-1;0.0008339881896972656;0.0008289813995361328;1.71661376953125e-05;0.0024471282958984375;375468.290312
result;292;-1;0.0006649494171142578;0.0011730194091796875;1.5020370483398438e-05;0.0025911331176757812;375468.290995
result;296;-1;0.0017979145050048828;0.0009961128234863281;5.412101745605469e-05;0.003077983856201172;375468.291629
result;298;-1;0.0008947849273681641;0.0005500316619873047;0.00010204315185546875;0.0020809173583984375;375468.368119
result;297;-1;0.0006668567657470703;0.0011169910430908203;2.002716064453125e-05;0.002330780029296875;375468.368709
result;299;-1;0.0006558895111083984;0.00011515617370605469;6.794929504394531e-05;0.0013279914855957031;375468.445104
result;300;[3];0.0012679100036621094;0.0006189346313476562;0.003930091857910156;0.006381988525390625;375468.449759
