request;0;1692439596.401844
request;1;1692439596.433636
request;2;1692439596.44964
result;0;-1;0.0017049312591552734;0.0008130073547363281;0.0003139972686767578;0.004026889801025391;0.005223989486694336;1692439596.455883
request;3;1692439596.464962
result;1;-1;0.00156402587890625;0.0008130073547363281;0.00014901161193847656;0.0036330223083496094;0.005095005035400391;1692439596.481465
request;4;1692439596.496563
result;2;-1;0.0015311241149902344;0.00022602081298828125;0.0001480579376220703;0.0030012130737304688;0.0041961669921875;1692439596.497363
request;5;1692439596.512639
result;3;-1;0.0015549659729003906;0.0008091926574707031;0.00014495849609375;0.003612995147705078;0.00498199462890625;1692439596.517504
request;6;1692439596.52864
result;4;-1;0.0016999244689941406;0.0008070468902587891;0.00016307830810546875;0.0038690567016601562;0.0053479671478271484;1692439596.533531
request;7;1692439596.54467
result;5;-1;0.001611948013305664;0.0008058547973632812;0.00016117095947265625;0.0038819313049316406;0.005254030227661133;1692439596.557514
result;6;-1;0.001611948013305664;0.0007970333099365234;0.00015997886657714844;0.0038340091705322266;0.005281925201416016;1692439596.573573
request;8;1692439596.576561
request;9;1692439596.591917
result;7;-1;0.0015950202941894531;0.0008020401000976562;0.0001571178436279297;0.0038640499114990234;0.005287885665893555;1692439596.593474
request;10;1692439596.607638
result;8;-1;0.0015530586242675781;0.00011491775512695312;0.00016188621520996094;0.0031719207763671875;0.004641056060791016;1692439596.621542
request;11;1692439596.623617
result;9;-1;0.001889944076538086;0.0007970333099365234;0.0001590251922607422;0.004097938537597656;0.005342960357666016;1692439596.633499
request;12;1692439596.65462
result;10;-1;0.0020999908447265625;0.0007460117340087891;0.00018405914306640625;0.004527091979980469;0.005920886993408203;1692439596.661504
request;13;1692439596.669816
request;14;1692439596.685078
result;11;-1;0.0018739700317382812;0.00012612342834472656;0.00017881393432617188;0.003679990768432617;0.005146026611328125;1692439596.686083
result;12;-1;0.0017368793487548828;0.0007851123809814453;0.00019097328186035156;0.0039670467376708984;0.005488872528076172;1692439596.70151
result;13;-1;0.001867055892944336;0.0007870197296142578;0.000186920166015625;0.004060983657836914;0.005321025848388672;1692439596.713508
request;15;1692439596.716586
request;16;1692439596.731965
result;14;-1;0.0015108585357666016;0.0008251667022705078;0.00016498565673828125;0.0036029815673828125;0.005037069320678711;1692439596.741517
request;17;1692439596.747639
result;15;-1;0.0015568733215332031;0.00011205673217773438;0.00016999244689941406;0.003139019012451172;0.005081892013549805;1692439596.753537
request;18;1692439596.763638
result;16;-1;0.001508951187133789;0.0008320808410644531;0.00016307830810546875;0.0036139488220214844;0.0049250125885009766;1692439596.773565
result;17;-1;0.0014801025390625;0.0008230209350585938;0.0001609325408935547;0.0035560131072998047;0.00469207763671875;1692439596.793483
request;19;1692439596.795561
request;20;1692439596.811642
result;18;-1;0.0014760494232177734;0.0008258819580078125;0.000164031982421875;0.0036249160766601562;0.0047228336334228516;1692439596.821445
request;21;1692439596.827642
result;19;-1;0.0016629695892333984;0.0007960796356201172;0.0001780986785888672;0.0038471221923828125;0.005320072174072266;1692439596.841619
request;22;1692439596.843696
result;20;-1;0.0016100406646728516;0.00080108642578125;0.00017786026000976562;0.0037949085235595703;0.005196094512939453;1692439596.853536
request;23;1692439596.875247
result;21;-1;0.0017330646514892578;0.0008089542388916016;0.00018906593322753906;0.003973960876464844;0.005249977111816406;1692439596.877249
result;22;-1;0.0015971660614013672;0.0007939338684082031;0.00018095970153808594;0.0037729740142822266;0.005326032638549805;1692439596.889523
request;24;1692439596.890532
request;25;1692439596.905974
result;23;-1;0.0016698837280273438;0.0007901191711425781;0.00017905235290527344;0.0038499832153320312;0.0050199031829833984;1692439596.925495
request;26;1692439596.937564
result;24;-1;0.0016598701477050781;0.0008091926574707031;0.00018095970153808594;0.0038509368896484375;0.0050580501556396484;1692439596.94161
result;25;-1;0.0016558170318603516;0.0007929801940917969;0.00017404556274414062;0.0038847923278808594;0.005059957504272461;1692439596.949482
request;27;1692439596.953538
request;28;1692439596.969641
request;29;1692439596.984911
result;26;-1;0.0015828609466552734;0.0008091926574707031;0.0002338886260986328;0.003840923309326172;0.005140781402587891;1692439596.985934
result;27;-1;0.0016460418701171875;0.0002510547637939453;0.00018286705017089844;0.0032820701599121094;0.0049932003021240234;1692439597.005544
result;28;-1;0.0016510486602783203;0.0007929801940917969;0.00017690658569335938;0.0038139820098876953;0.005543947219848633;1692439597.013416
request;30;1692439597.016897
request;31;1692439597.03264
result;29;-1;0.0016779899597167969;0.0008029937744140625;0.00017786026000976562;0.0038788318634033203;0.005574941635131836;1692439597.0379
request;32;1692439597.048638
request;33;1692439597.064597
result;30;-1;0.001589059829711914;0.0008039474487304688;0.0001761913299560547;0.0037620067596435547;0.005252838134765625;1692439597.065602
result;31;-1;0.0017099380493164062;0.000804901123046875;0.0001800060272216797;0.003895998001098633;0.005641937255859375;1692439597.085543
result;32;-1;0.0015869140625;0.0007979869842529297;0.00017595291137695312;0.0037779808044433594;0.005464076995849609;1692439597.093595
request;34;1692439597.096559
request;35;1692439597.11264
result;33;-1;0.0017158985137939453;0.0008020401000976562;0.00017786026000976562;0.003896951675415039;0.005120038986206055;1692439597.117481
request;36;1692439597.128646
request;37;1692439597.143916
result;34;-1;0.001664876937866211;0.0008039474487304688;0.00017905235290527344;0.0038678646087646484;0.005609035491943359;1692439597.145508
result;35;-1;0.0016031265258789062;0.0007908344268798828;0.00017595291137695312;0.003757953643798828;0.005455970764160156;1692439597.165574
result;36;-1;0.0016040802001953125;0.00012183189392089844;0.0001800060272216797;0.003283977508544922;0.0046880245208740234;1692439597.173498
request;38;1692439597.175571
request;39;1692439597.190869
result;37;-1;0.0016689300537109375;0.0007870197296142578;0.00017905235290527344;0.003834962844848633;0.005531787872314453;1692439597.19348
request;40;1692439597.206558
request;41;1692439597.222618
result;38;-1;0.0016589164733886719;0.0002510547637939453;0.0001800060272216797;0.0033049583435058594;0.004670143127441406;1692439597.225537
result;39;-1;0.0016260147094726562;0.00011897087097167969;0.0001780986785888672;0.0032939910888671875;0.005070924758911133;1692439597.238147
request;42;1692439597.253641
result;40;-1;0.001645803451538086;0.0007932186126708984;0.00017499923706054688;0.0038008689880371094;0.005513191223144531;1692439597.257981
request;43;1692439597.269641
result;41;-1;0.0016040802001953125;0.00024700164794921875;0.00018095970153808594;0.0032591819763183594;0.004730224609375;1692439597.274053
request;44;1692439597.284644
result;42;-1;0.0016329288482666016;0.0008029937744140625;0.00017905235290527344;0.0038118362426757812;0.005548954010009766;1692439597.305456
result;43;-1;0.0015997886657714844;0.0007960796356201172;0.0001780986785888672;0.0037958621978759766;0.005541801452636719;1692439597.31354
request;45;1692439597.315621
result;44;-1;0.0015969276428222656;0.0007970333099365234;0.00017905235290527344;0.003756999969482422;0.005557060241699219;1692439597.329501
request;46;1692439597.331576
request;47;1692439597.347639
request;48;1692439597.363129
result;45;-1;0.00167083740234375;0.0007929801940917969;0.0001761913299560547;0.003834962844848633;0.00557708740234375;1692439597.365466
result;46;-1;0.0016129016876220703;0.0008001327514648438;0.00017690658569335938;0.0037779808044433594;0.005215883255004883;1692439597.373494
request;49;1692439597.393866
result;47;-1;0.001817941665649414;0.000804901123046875;0.00018215179443359375;0.004019021987915039;0.0054759979248046875;1692439597.397565
request;50;1692439597.408637
result;48;-1;0.0016379356384277344;0.00013518333435058594;0.00019598007202148438;0.003389120101928711;0.00516200065612793;1692439597.413523
request;51;1692439597.424209
result;49;-1;0.001631021499633789;0.00022292137145996094;0.0001971721649169922;0.0035240650177001953;0.00467991828918457;1692439597.433571
result;50;-1;0.0016050338745117188;0.00013589859008789062;0.00019216537475585938;0.0033941268920898438;0.004630088806152344;1692439597.454675
request;52;1692439597.455674
request;53;1692439597.471473
result;51;-1;0.001634836196899414;0.0001289844512939453;0.0001881122589111328;0.003304004669189453;0.005090951919555664;1692439597.473472
request;54;1692439597.487562
request;55;1692439597.50285
result;52;-1;0.001603841781616211;0.00013208389282226562;0.0001900196075439453;0.003345966339111328;0.004724025726318359;1692439597.51357
result;53;-1;0.00160980224609375;0.00013113021850585938;0.00019097328186035156;0.0033550262451171875;0.004664182662963867;1692439597.521576
request;56;1692439597.534643
result;54;-1;0.00162506103515625;0.0002510547637939453;0.00019598007202148438;0.0033500194549560547;0.0048940181732177734;1692439597.541473
result;55;-1;0.0014891624450683594;0.00011491775512695312;0.00017595291137695312;0.0033240318298339844;0.004638195037841797;1692439597.549493
request;57;1692439597.550496
request;58;1692439597.56571
result;56;-1;0.0016109943389892578;0.0008060932159423828;0.0001709461212158203;0.0037279129028320312;0.005750179290771484;1692439597.585537
result;57;-1;0.0018320083618164062;0.0001220703125;0.00017786026000976562;0.003454923629760742;0.00567317008972168;1692439597.59354
request;59;1692439597.596563
request;60;1692439597.612639
result;58;-1;0.0015637874603271484;0.0008151531219482422;0.00017189979553222656;0.003796815872192383;0.005668163299560547;1692439597.617586
request;61;1692439597.627639
request;62;1692439597.643238
result;59;-1;0.001650094985961914;0.0007650852203369141;0.00016999244689941406;0.0037300586700439453;0.005486011505126953;1692439597.653518
result;60;-1;0.0021080970764160156;0.00015687942504882812;0.00022292137145996094;0.004211902618408203;0.006453037261962891;1692439597.669475
request;63;1692439597.673508
result;61;-1;0.0019168853759765625;0.00016617774963378906;0.00019288063049316406;0.0039479732513427734;0.006084918975830078;1692439597.677635
result;62;-1;0.0018219947814941406;0.000125885009765625;0.00017905235290527344;0.003362894058227539;0.005301952362060547;1692439597.685625
request;64;1692439597.689231
request;65;1692439597.704767
result;63;-1;0.0014870166778564453;0.0008139610290527344;0.00016999244689941406;0.0035810470581054688;0.005362987518310547;1692439597.721536
request;66;1692439597.736354
result;64;-1;0.0014450550079345703;0.00010991096496582031;0.00016808509826660156;0.002981901168823242;0.004527091979980469;1692439597.738053
request;67;1692439597.751638
result;65;-1;0.0015490055084228516;0.00010991096496582031;0.00017499923706054688;0.003139019012451172;0.004618167877197266;1692439597.761594
request;68;1692439597.767634
result;66;-1;0.0014908313751220703;0.0008311271667480469;0.00017189979553222656;0.003599882125854492;0.005342006683349609;1692439597.781606
request;69;1692439597.783645
result;67;-1;0.0014910697937011719;0.0008368492126464844;0.00016498565673828125;0.003587007522583008;0.0052759647369384766;1692439597.801568
result;68;-1;0.0015349388122558594;0.00010609626770019531;0.0001690387725830078;0.0030651092529296875;0.004612922668457031;1692439597.813617
request;70;1692439597.815668
request;71;1692439597.83164
result;69;-1;0.0015130043029785156;0.00011610984802246094;0.00017189979553222656;0.0030791759490966797;0.004812955856323242;1692439597.833503
request;72;1692439597.847637
request;73;1692439597.863229
result;70;-1;0.001722097396850586;0.0001289844512939453;0.0001919269561767578;0.0034329891204833984;0.0051991939544677734;1692439597.873544
result;71;-1;0.0017189979553222656;0.0007901191711425781;0.00019502639770507812;0.004050016403198242;0.005769014358520508;1692439597.881708
result;72;-1;0.0016908645629882812;0.0001220703125;0.0001900196075439453;0.0034198760986328125;0.005079984664916992;1692439597.889505
request;74;1692439597.894533
request;75;1692439597.909639
request;76;1692439597.925162
result;73;-1;0.0016438961029052734;0.0008099079132080078;0.00019216537475585938;0.003973960876464844;0.00574803352355957;1692439597.926166
result;74;-1;0.0016150474548339844;0.0007958412170410156;0.0001900196075439453;0.0040130615234375;0.005799055099487305;1692439597.945535
result;75;-1;0.0016009807586669922;0.00011491775512695312;0.00019216537475585938;0.0033359527587890625;0.004722118377685547;1692439597.953576
request;77;1692439597.955654
request;78;1692439597.971505
result;76;-1;0.001705169677734375;0.00012183189392089844;0.0001971721649169922;0.0034530162811279297;0.005034208297729492;1692439597.978212
request;79;1692439597.987582
request;80;1692439598.003198
result;77;-1;0.0017080307006835938;0.0008099079132080078;0.00018906593322753906;0.004046916961669922;0.005632877349853516;1692439598.013619
result;78;-1;0.0016109943389892578;0.0008039474487304688;0.000186920166015625;0.003968000411987305;0.0055501461029052734;1692439598.017877
request;81;1692439598.034637
result;79;-1;0.0016930103302001953;0.00080108642578125;0.0001850128173828125;0.003998994827270508;0.0057220458984375;1692439598.045504
request;82;1692439598.050572
result;80;-1;0.0015780925750732422;0.0008158683776855469;0.0001881122589111328;0.0038881301879882812;0.005377769470214844;1692439598.057565
request;83;1692439598.065639
result;81;-1;0.0016481876373291016;0.0008008480072021484;0.0001850128173828125;0.0039751529693603516;0.005741119384765625;1692439598.085565
result;82;-1;0.0016770362854003906;0.0008101463317871094;0.0001819133758544922;0.00398707389831543;0.0053119659423828125;1692439598.093492
request;84;1692439598.097643
request;85;1692439598.113639
result;83;-1;0.0016481876373291016;0.00024199485778808594;0.0001888275146484375;0.003390073776245117;0.005135059356689453;1692439598.118098
request;86;1692439598.129638
request;87;1692439598.145207
result;84;-1;0.0017559528350830078;0.0008020401000976562;0.00018906593322753906;0.0040891170501708984;0.005882978439331055;1692439598.14621
result;85;-1;0.0017077922821044922;0.0008060932159423828;0.000186920166015625;0.004017829895019531;0.0057489871978759766;1692439598.165542
result;86;-1;0.0015959739685058594;0.0008149147033691406;0.00018405914306640625;0.003966808319091797;0.005327939987182617;1692439598.173474
request;88;1692439598.176558
request;89;1692439598.191876
result;87;-1;0.0016701221466064453;0.0007967948913574219;0.00018906593322753906;0.003964900970458984;0.005015134811401367;1692439598.19804
request;90;1692439598.207635
request;91;1692439598.223119
result;88;-1;0.0016520023345947266;0.0007979869842529297;0.0001888275146484375;0.003950834274291992;0.004950046539306641;1692439598.22557
result;89;-1;0.0015299320220947266;0.00024008750915527344;0.0001900196075439453;0.0033409595489501953;0.00431513786315918;1692439598.238117
request;92;1692439598.254625
result;90;-1;0.0016398429870605469;0.0008101463317871094;0.0001850128173828125;0.003968954086303711;0.004950046539306641;1692439598.261494
request;93;1692439598.270567
request;94;1692439598.28564
result;91;-1;0.0015819072723388672;0.0002460479736328125;0.000186920166015625;0.0035729408264160156;0.00452113151550293;1692439598.289625
result;92;-1;0.0016200542449951172;0.000125885009765625;0.0001900196075439453;0.0033600330352783203;0.0046558380126953125;1692439598.293615
request;95;1692439598.316558
result;93;-1;0.0016591548919677734;0.0007970333099365234;0.00018095970153808594;0.004019021987915039;0.005033016204833984;1692439598.317561
request;96;1692439598.332638
result;94;-1;0.0016980171203613281;0.00024700164794921875;0.0001900196075439453;0.0034592151641845703;0.005137920379638672;1692439598.341468
request;97;1692439598.348638
request;98;1692439598.36431
result;95;-1;0.0016820430755615234;0.0008099079132080078;0.0001850128173828125;0.003986835479736328;0.005506992340087891;1692439598.365383
result;96;-1;0.0016360282897949219;0.0008108615875244141;0.000186920166015625;0.00393986701965332;0.005671977996826172;1692439598.385404
result;97;-1;0.0016639232635498047;0.0007979869842529297;0.00017905235290527344;0.003941059112548828;0.005611896514892578;1692439598.393516
request;99;1692439598.395594
request;100;1692439598.411635
result;98;-1;0.0015721321105957031;0.00011897087097167969;0.0001900196075439453;0.0032930374145507812;0.0047419071197509766;1692439598.413485
request;101;1692439598.427636
result;99;-1;0.0016429424285888672;0.0008029937744140625;0.00018405914306640625;0.003943920135498047;0.00521397590637207;1692439598.441532
request;102;1692439598.443611
result;100;-1;0.0016260147094726562;0.00011610984802246094;0.000186920166015625;0.0033431053161621094;0.004537105560302734;1692439598.453527
request;103;1692439598.475406
result;101;-1;0.001583099365234375;0.00012087821960449219;0.00018715858459472656;0.003317117691040039;0.004753828048706055;1692439598.477475
result;102;-1;0.0016448497772216797;0.0008020401000976562;0.0001881122589111328;0.0039370059967041016;0.005631923675537109;1692439598.485519
request;104;1692439598.49156
request;105;1692439598.507638
result;103;-1;0.0016679763793945312;0.0008080005645751953;0.0001850128173828125;0.003963947296142578;0.0050580501556396484;1692439598.521539
request;106;1692439598.523613
result;104;-1;0.0016489028930664062;0.0008120536804199219;0.00018405914306640625;0.003957986831665039;0.00498509407043457;1692439598.541523
result;105;-1;0.0018448829650878906;0.0007810592651367188;0.00019288063049316406;0.0042459964752197266;0.005491018295288086;1692439598.549447
request;107;1692439598.554495
request;108;1692439598.56971
result;106;-1;0.0016601085662841797;0.0008080005645751953;0.00018596649169921875;0.003983974456787109;0.005004167556762695;1692439598.577514
request;109;1692439598.585561
result;107;-1;0.0016701221466064453;0.000804901123046875;0.0001881122589111328;0.0039691925048828125;0.004970073699951172;1692439598.601587
result;108;-1;0.0016291141510009766;0.00023889541625976562;0.00018596649169921875;0.003406047821044922;0.004369974136352539;1692439598.613439
request;110;1692439598.617633
request;111;1692439598.633452
result;109;-1;0.001622915267944336;0.000247955322265625;0.0001881122589111328;0.003376007080078125;0.004311084747314453;1692439598.634597
request;112;1692439598.648713
request;113;1692439598.664641
result;110;-1;0.0021600723266601562;0.002157926559448242;0.00024008750915527344;0.006108999252319336;0.00817418098449707;1692439598.678638
result;111;-1;0.0019237995147705078;0.0004410743713378906;0.0002110004425048828;0.0039408206939697266;0.006291866302490234;1692439598.690666
result;112;-1;0.00177001953125;0.0007760524749755859;0.00019502639770507812;0.004091978073120117;0.005703926086425781;1692439598.693645
request;114;1692439598.696558
result;113;-1;0.0017719268798828125;0.0007860660552978516;0.00019502639770507812;0.0040378570556640625;0.0059659481048583984;1692439598.701574
request;115;1692439598.712648
request;116;1692439598.728488
result;114;-1;0.0016789436340332031;0.0007929801940917969;0.00019598007202148438;0.003999948501586914;0.0057201385498046875;1692439598.733377
request;117;1692439598.743757
result;115;-1;0.001519918441772461;0.0008261203765869141;0.00016999244689941406;0.0036590099334716797;0.00521397590637207;1692439598.761512
request;118;1692439598.775104
result;116;-1;0.0014388561248779297;0.0002090930938720703;0.00016307830810546875;0.002897977828979492;0.004564046859741211;1692439598.785496
request;119;1692439598.790758
result;117;-1;0.00138092041015625;0.00010704994201660156;0.00016498565673828125;0.002836942672729492;0.0042150020599365234;1692439598.793438
request;120;1692439598.806419
result;118;-1;0.001425027847290039;9.918212890625e-05;0.00016689300537109375;0.0028781890869140625;0.00456690788269043;1692439598.825501
result;119;-1;0.0013241767883300781;0.0001049041748046875;0.00016188621520996094;0.0027730464935302734;0.004652976989746094;1692439598.833467
request;121;1692439598.838638
result;120;-1;0.0014951229095458984;0.0008208751678466797;0.00017595291137695312;0.003690958023071289;0.005194902420043945;1692439598.853402
request;122;1692439598.854407
request;123;1692439598.869639
request;124;1692439598.885643
result;121;-1;0.0014910697937011719;0.0008230209350585938;0.00017499923706054688;0.0036249160766601562;0.005131959915161133;1692439598.889455
result;122;-1;0.0015151500701904297;0.0008318424224853516;0.00017309188842773438;0.003654003143310547;0.0052947998046875;1692439598.897568
result;123;-1;0.001505136489868164;0.0008158683776855469;0.00016808509826660156;0.003589153289794922;0.004715919494628906;1692439598.913519
request;125;1692439598.917634
request;126;1692439598.933638
result;124;-1;0.0016570091247558594;0.0008060932159423828;0.0001659393310546875;0.003751993179321289;0.004818916320800781;1692439598.941496
request;127;1692439598.94964
result;125;-1;0.0016379356384277344;0.00012302398681640625;0.0002300739288330078;0.003370046615600586;0.004407167434692383;1692439598.961563
request;128;1692439598.965609
result;126;-1;0.0016219615936279297;0.0001239776611328125;0.000186920166015625;0.003312826156616211;0.004311084747314453;1692439598.981593
result;127;-1;0.001667022705078125;0.0007469654083251953;0.000186920166015625;0.003799915313720703;0.004756927490234375;1692439598.993513
request;129;1692439598.997639
request;130;1692439599.012381
result;128;-1;0.0015320777893066406;0.0001239776611328125;0.0001850128173828125;0.0032820701599121094;0.004256010055541992;1692439599.013399
request;131;1692439599.027642
result;129;-1;0.0016078948974609375;0.0008289813995361328;0.0001850128173828125;0.003824949264526367;0.0048868656158447266;1692439599.041448
request;132;1692439599.043523
result;130;-1;0.00177001953125;0.000125885009765625;0.00018715858459472656;0.0034389495849609375;0.0044710636138916016;1692439599.053568
request;133;1692439599.074014
result;131;-1;0.0016021728515625;0.000247955322265625;0.0001819133758544922;0.0032219886779785156;0.004945993423461914;1692439599.074014
request;134;1692439599.089687
result;132;-1;0.0016210079193115234;0.00011801719665527344;0.00018596649169921875;0.003319978713989258;0.0051479339599609375;1692439599.090692
request;135;1692439599.120116
result;133;-1;0.0015759468078613281;0.0001201629638671875;0.00018596649169921875;0.0033159255981445312;0.005120992660522461;1692439599.122121
result;134;-1;0.0015871524810791016;0.00011897087097167969;0.0001850128173828125;0.0032520294189453125;0.004927873611450195;1692439599.129485
request;136;1692439599.135544
request;137;1692439599.151638
result;135;-1;0.0016019344329833984;0.0008039474487304688;0.00018095970153808594;0.0037848949432373047;0.005197048187255859;1692439599.153493
request;138;1692439599.167635
request;139;1692439599.183637
result;136;-1;0.0016710758209228516;0.0007958412170410156;0.0001811981201171875;0.003860950469970703;0.005589008331298828;1692439599.185512
result;137;-1;0.0015959739685058594;0.0008051395416259766;0.0001800060272216797;0.0038170814514160156;0.005292177200317383;1692439599.193509
request;140;1692439599.215635
result;138;-1;0.0016109943389892578;0.0001220703125;0.0002079010009765625;0.003300905227661133;0.00495600700378418;1692439599.217583
result;139;-1;0.0015940666198730469;0.0008080005645751953;0.00018906593322753906;0.0038101673126220703;0.005159854888916016;1692439599.225466
request;141;1692439599.231725
request;142;1692439599.247638
request;143;1692439599.263639
result;140;-1;0.0016510486602783203;0.0007951259613037109;0.00018095970153808594;0.0038421154022216797;0.0053958892822265625;1692439599.265643
result;141;-1;0.0015499591827392578;0.0001220703125;0.0001819133758544922;0.0031909942626953125;0.0049800872802734375;1692439599.281608
result;142;-1;0.001608133316040039;0.0007979869842529297;0.0001800060272216797;0.003793001174926758;0.00506901741027832;1692439599.293557
request;144;1692439599.295637
request;145;1692439599.311634
result;143;-1;0.0016481876373291016;0.0008029937744140625;0.00018095970153808594;0.0038411617279052734;0.005134105682373047;1692439599.31749
request;146;1692439599.327638
request;147;1692439599.343109
result;144;-1;0.0016300678253173828;0.0008070468902587891;0.0001800060272216797;0.003818035125732422;0.005552053451538086;1692439599.345487
result;145;-1;0.0015118122100830078;0.0001239776611328125;0.00022721290588378906;0.0032188892364501953;0.00485992431640625;1692439599.353467
request;148;1692439599.374051
result;146;-1;0.0016710758209228516;0.0007929801940917969;0.00017881393432617188;0.0038368701934814453;0.005555868148803711;1692439599.377535
request;149;1692439599.38971
result;147;-1;0.0016980171203613281;0.00011897087097167969;0.00018596649169921875;0.003365039825439453;0.004704952239990234;1692439599.393449
request;150;1692439599.405089
result;148;-1;0.0016047954559326172;0.00024700164794921875;0.00018215179443359375;0.0032448768615722656;0.004271984100341797;1692439599.425693
result;149;-1;0.0016589164733886719;0.0008089542388916016;0.00018095970153808594;0.0038559436798095703;0.004960060119628906;1692439599.433443
request;151;1692439599.435519
request;152;1692439599.451638
result;150;-1;0.0015821456909179688;0.0001609325408935547;0.00018286705017089844;0.0032989978790283203;0.0043637752532958984;1692439599.457433
request;153;1692439599.466427
result;151;-1;0.0016410350799560547;0.00011897087097167969;0.000186920166015625;0.003283977508544922;0.004361152648925781;1692439599.485511
result;152;-1;0.0015900135040283203;0.0008020401000976562;0.00018095970153808594;0.003805875778198242;0.004856109619140625;1692439599.489329
request;154;1692439599.497638
request;155;1692439599.513611
result;153;-1;0.0017299652099609375;0.00011706352233886719;0.00019598007202148438;0.0035429000854492188;0.00477910041809082;1692439599.514613
request;156;1692439599.529034
request;157;1692439599.545122
result;154;-1;0.0016779899597167969;0.00012111663818359375;0.00019788742065429688;0.003401041030883789;0.004424095153808594;1692439599.546128
result;155;-1;0.0016868114471435547;0.0008020401000976562;0.00018715858459472656;0.003882884979248047;0.00486302375793457;1692439599.56552
result;156;-1;0.001638174057006836;0.000804901123046875;0.0001780986785888672;0.0038461685180664062;0.004951000213623047;1692439599.573481
request;158;1692439599.576555
request;159;1692439599.592092
result;157;-1;0.0015609264373779297;0.00012302398681640625;0.00018095970153808594;0.0032989978790283203;0.005033969879150391;1692439599.593409
request;160;1692439599.607637
result;158;-1;0.0015940666198730469;0.0007958412170410156;0.00017714500427246094;0.0038199424743652344;0.005510091781616211;1692439599.613504
request;161;1692439599.623567
result;159;-1;0.0015878677368164062;0.000247955322265625;0.00017714500427246094;0.003209829330444336;0.004931926727294922;1692439599.638017
result;160;-1;0.0016210079193115234;0.0007960796356201172;0.00018405914306640625;0.0038721561431884766;0.0056209564208984375;1692439599.653503
request;162;1692439599.654508
request;163;1692439599.670058
request;164;1692439599.685785
result;161;-1;0.0018658638000488281;0.0007641315460205078;0.00019407272338867188;0.004272937774658203;0.006000041961669922;1692439599.689614
result;162;-1;0.001725912094116211;0.0007870197296142578;0.0001990795135498047;0.003951072692871094;0.005691051483154297;1692439599.701588
request;165;1692439599.716558
result;163;-1;0.0017189979553222656;0.0007929801940917969;0.0001850128173828125;0.0038979053497314453;0.0056111812591552734;1692439599.725494
request;166;1692439599.731883
result;164;-1;0.0016660690307617188;0.0007929801940917969;0.00018405914306640625;0.0038509368896484375;0.0057909488677978516;1692439599.733488
request;167;1692439599.747636
request;168;1692439599.76364
result;165;-1;0.0016701221466064453;0.0008299350738525391;0.0001659393310546875;0.0037841796875;0.0051920413970947266;1692439599.765452
result;166;-1;0.0015189647674560547;0.0007860660552978516;0.00016379356384277344;0.003576993942260742;0.0047380924224853516;1692439599.773473
request;169;1692439599.795077
result;167;-1;0.0015239715576171875;0.0008280277252197266;0.0001621246337890625;0.003607034683227539;0.005934953689575195;1692439599.798081
request;170;1692439599.810634
result;168;-1;0.0014560222625732422;0.0002269744873046875;0.00016498565673828125;0.0029458999633789062;0.004717111587524414;1692439599.813446
request;171;1692439599.827298
result;169;-1;0.001605987548828125;0.0002529621124267578;0.0001811981201171875;0.003244161605834961;0.005024909973144531;1692439599.85421
request;172;1692439599.857283
result;170;-1;0.0016579627990722656;0.0007891654968261719;0.0003058910369873047;0.003979921340942383;0.005620002746582031;1692439599.86147
request;173;1692439599.873016
result;171;-1;0.0016331672668457031;0.0007898807525634766;0.00018596649169921875;0.0038971900939941406;0.0052568912506103516;1692439599.874021
request;174;1692439599.889055
request;175;1692439599.904245
result;172;-1;0.0016379356384277344;0.0002510547637939453;0.00017905235290527344;0.003278970718383789;0.004846096038818359;1692439599.905575
request;176;1692439599.935622
result;174;-1;0.002847909927368164;0.0001380443572998047;0.0002129077911376953;0.005908966064453125;0.00804591178894043;1692439599.937972
result;173;-1;0.0016939640045166016;0.002229928970336914;0.00014519691467285156;0.007035017013549805;0.008468151092529297;1692439599.938796
request;177;1692439599.950641
result;175;-1;0.0016100406646728516;0.0007860660552978516;0.00017380714416503906;0.0038030147552490234;0.00562596321105957;1692439599.957384
request;178;1692439599.966433
result;176;-1;0.0015411376953125;0.0008180141448974609;0.00017189979553222656;0.0037431716918945312;0.005436897277832031;1692439599.973471
result;177;-1;0.0015192031860351562;0.0008318424224853516;0.0001690387725830078;0.0037550926208496094;0.005418062210083008;1692439599.993494
request;179;1692439599.997636
request;180;1692439600.013411
result;178;-1;0.0015120506286621094;0.0008220672607421875;0.0001709461212158203;0.00372314453125;0.004953861236572266;1692439600.014416
request;181;1692439600.028633
request;182;1692439600.044199
result;179;-1;0.0017240047454833984;0.0001289844512939453;0.00019693374633789062;0.003651857376098633;0.005221843719482422;1692439600.057529
result;180;-1;0.003443002700805664;0.00011992454528808594;0.00019311904907226562;0.005212068557739258;0.0069599151611328125;1692439600.06157
request;183;1692439600.075002
result;181;-1;0.0016131401062011719;0.00025200843811035156;0.00019288063049316406;0.0034110546112060547;0.004689931869506836;1692439600.089486
request;184;1692439600.090493
result;182;-1;0.0015799999237060547;0.00012111663818359375;0.0001919269561767578;0.003428220748901367;0.004408121109008789;1692439600.097473
request;185;1692439600.106562
result;183;-1;0.0017349720001220703;0.0008060932159423828;0.0001888275146484375;0.004049062728881836;0.005032062530517578;1692439600.125483
result;184;-1;0.001641988754272461;0.00012087821960449219;0.00018596649169921875;0.0033860206604003906;0.004335880279541016;1692439600.133439
request;186;1692439600.137573
request;187;1692439600.15343
result;185;-1;0.001634836196899414;0.0008080005645751953;0.0001881122589111328;0.003942012786865234;0.004931926727294922;1692439600.15459
request;188;1692439600.168642
request;189;1692439600.18464
result;186;-1;0.0016350746154785156;0.0008070468902587891;0.000186920166015625;0.003946065902709961;0.00489497184753418;1692439600.193493
result;187;-1;0.0017201900482177734;0.0006968975067138672;0.0001850128173828125;0.003916025161743164;0.0048618316650390625;1692439600.205563
result;188;-1;0.0016019344329833984;0.0001201629638671875;0.00019097328186035156;0.0034210681915283203;0.004364013671875;1692439600.213442
request;190;1692439600.215518
result;189;-1;0.0016171932220458984;0.0007958412170410156;0.0001800060272216797;0.003920078277587891;0.004862070083618164;1692439600.221566
request;191;1692439600.231032
request;192;1692439600.246562
result;190;-1;0.0016598701477050781;0.0008111000061035156;0.00021600723266601562;0.004028797149658203;0.005003929138183594;1692439600.253429
request;193;1692439600.262633
result;191;-1;0.0016570091247558594;0.0008170604705810547;0.00019097328186035156;0.00397801399230957;0.0056171417236328125;1692439600.273428
request;194;1692439600.294325
result;192;-1;0.0017278194427490234;0.0008120536804199219;0.00018405914306640625;0.004048824310302734;0.005858898162841797;1692439600.29746
request;195;1692439600.309964
result;193;-1;0.001631021499633789;0.0007970333099365234;0.0001838207244873047;0.0039179325103759766;0.0054280757904052734;1692439600.313507
request;196;1692439600.325826
result;194;-1;0.001653909683227539;0.0008101463317871094;0.0001850128173828125;0.0039670467376708984;0.0059239864349365234;1692439600.353932
request;197;1692439600.356949
result;195;-1;0.0016222000122070312;0.00011801719665527344;0.00019288063049316406;0.0033521652221679688;0.005075931549072266;1692439600.36193
result;196;-1;0.0016160011291503906;0.00011897087097167969;0.0001881122589111328;0.003422975540161133;0.005280971527099609;1692439600.369458
request;198;1692439600.372539
request;199;1692439600.387553
result;197;-1;0.001589059829711914;0.0008168220520019531;0.0001862049102783203;0.003957033157348633;0.00571894645690918;1692439600.393529
request;200;1692439600.403575
result;198;-1;0.0016510486602783203;0.0008180141448974609;0.0001850128173828125;0.00396418571472168;0.005330085754394531;1692439600.433484
request;201;1692439600.434499
result;199;-1;0.0016579627990722656;0.0007998943328857422;0.00018405914306640625;0.003969907760620117;0.005105018615722656;1692439600.441395
result;200;-1;0.0015859603881835938;0.0008008480072021484;0.0001850128173828125;0.0040929317474365234;0.005948066711425781;1692439600.445415
request;202;1692439600.449393
request;203;1692439600.465028
result;201;-1;0.0018870830535888672;0.0008127689361572266;0.00017499923706054688;0.004086017608642578;0.0052950382232666016;1692439600.485451
request;204;1692439600.495991
result;202;-1;0.001641988754272461;0.00011301040649414062;0.00017189979553222656;0.0031859874725341797;0.004260063171386719;1692439600.497755
result;203;-1;0.0037720203399658203;0.00011086463928222656;0.00021004676818847656;0.0053920745849609375;0.006618022918701172;1692439600.502071
request;205;1692439600.526559
request;206;1692439600.526559
result;204;-1;0.0015189647674560547;0.0008180141448974609;0.00016808509826660156;0.00362396240234375;0.0045490264892578125;1692439600.545498
request;207;1692439600.557637
request;208;1692439600.572965
result;205;-1;0.001669168472290039;0.0007920265197753906;0.00018095970153808594;0.003856182098388672;0.004987955093383789;1692439600.577448
result;206;-1;0.0016129016876220703;0.0008101463317871094;0.00018095970153808594;0.003823995590209961;0.004739999771118164;1692439600.581532
request;209;1692439600.588977
request;210;1692439600.604636
result;207;-1;0.0016248226165771484;0.0008051395416259766;0.00018286705017089844;0.0038299560546875;0.005446195602416992;1692439600.605639
result;208;-1;0.0016031265258789062;0.0008099079132080078;0.0001819133758544922;0.0038089752197265625;0.005529880523681641;1692439600.625457
result;209;-1;0.001589059829711914;0.0002448558807373047;0.00018095970153808594;0.0032019615173339844;0.004940032958984375;1692439600.633493
request;211;1692439600.635569
request;212;1692439600.65164
result;210;-1;0.0016379356384277344;0.0001220703125;0.00026297569274902344;0.0033888816833496094;0.005133867263793945;1692439600.65346
request;213;1692439600.66763
request;214;1692439600.682855
result;211;-1;0.002042055130004883;0.00015091896057128906;0.0002238750457763672;0.004091978073120117;0.006161928176879883;1692439600.685446
result;212;-1;0.0018091201782226562;0.00013303756713867188;0.00019598007202148438;0.0035212039947509766;0.0050089359283447266;1692439600.693694
result;213;-1;0.00164794921875;0.00026106834411621094;0.000186920166015625;0.0033919811248779297;0.005079030990600586;1692439600.701501
result;214;-1;0.0016810894012451172;0.0001609325408935547;0.00018215179443359375;0.003481149673461914;0.004931926727294922;1692439600.713476
request;215;1692439600.714484
request;216;1692439600.729695
request;217;1692439600.760635
result;215;-1;0.001706838607788086;0.00016808509826660156;0.00017714500427246094;0.003412008285522461;0.0050890445709228516;1692439600.77365
result;216;-1;0.004050016403198242;0.00011992454528808594;0.00017404556274414062;0.005694866180419922;0.0076999664306640625;1692439600.774655
request;218;1692439600.776724
request;219;1692439600.791994
result;217;-1;0.0016181468963623047;0.00011992454528808594;0.00017189979553222656;0.0032379627227783203;0.004745960235595703;1692439600.801483
request;220;1692439600.807636
request;221;1692439600.822944
result;218;-1;0.001425027847290039;0.0002741813659667969;0.0001678466796875;0.0030241012573242188;0.004611015319824219;1692439600.8336
result;219;-1;0.003709077835083008;0.0007948875427246094;0.00016307830810546875;0.0058400630950927734;0.007471799850463867;1692439600.834608
result;220;-1;0.0016760826110839844;0.0002510547637939453;0.0001819133758544922;0.0032989978790283203;0.004996061325073242;1692439600.853505
request;222;1692439600.854512
request;223;1692439600.870209
result;221;-1;0.0016651153564453125;0.0008139610290527344;0.00017905235290527344;0.003857135772705078;0.0052111148834228516;1692439600.873425
request;224;1692439600.885637
result;222;-1;0.0016498565673828125;0.0002551078796386719;0.00017905235290527344;0.0032868385314941406;0.004359006881713867;1692439600.905499
result;223;-1;0.0016529560089111328;0.00011610984802246094;0.00018405914306640625;0.003351926803588867;0.004374027252197266;1692439600.909509
request;225;1692439600.917635
request;226;1692439600.933641
request;227;1692439600.949635
request;228;1692439600.965568
result;224;[2];0.0017578601837158203;0.0007760524749755859;0.04062390327453613;0.04503893852233887;0.04605388641357422;1692439600.977525
result;226;[2];0.002927064895629883;0.0036258697509765625;0.004923105239868164;0.013343095779418945;0.014438867568969727;1692439600.981646
result;225;[2];0.013324975967407227;0.010805845260620117;0.0049631595611572266;0.030325889587402344;0.03141593933105469;1692439600.989458
request;229;1692439600.9965
result;227;[2];0.0015139579772949219;0.0007801055908203125;0.00433802604675293;0.007899045944213867;0.00880885124206543;1692439601.001525
request;230;1692439601.012485
result;228;[3];0.001466989517211914;0.00011110305786132812;0.004469871520996094;0.007358074188232422;0.008300065994262695;1692439601.02149
request;231;1692439601.027664
request;232;1692439601.043386
result;229;[3];0.001463174819946289;0.00010991096496582031;0.004559040069580078;0.007384061813354492;0.009099960327148438;1692439601.049486
result;230;[3];0.0012040138244628906;0.0008711814880371094;0.0031728744506835938;0.006242036819458008;0.008103132247924805;1692439601.061698
result;231;[3];0.001055002212524414;8.392333984375e-05;0.003292083740234375;0.005435943603515625;0.0069620609283447266;1692439601.0698
request;233;1692439601.074882
result;232;[3];0.0011150836944580078;8.606910705566406e-05;0.0032618045806884766;0.0055730342864990234;0.00704503059387207;1692439601.085481
request;234;1692439601.090548
request;235;1692439601.10626
result;233;[3];0.0011081695556640625;0.00011396408081054688;0.0032508373260498047;0.005509138107299805;0.006454944610595703;1692439601.125473
result;234;[3];0.0010609626770019531;0.0002319812774658203;0.003123044967651367;0.005445003509521484;0.006295919418334961;1692439601.133442
request;236;1692439601.136513
request;237;1692439601.152642
result;235;[3];0.0011138916015625;0.00017023086547851562;0.0031158924102783203;0.005686044692993164;0.006585121154785156;1692439601.153428
request;238;1692439601.168638
request;239;1692439601.184638
result;236;[0];0.001405954360961914;0.000102996826171875;0.004103899002075195;0.006777048110961914;0.007931947708129883;1692439601.197573
result;237;[0];0.0013909339904785156;0.0008349418640136719;0.0041391849517822266;0.007562875747680664;0.00863194465637207;1692439601.205447
result;238;[0];0.0013759136199951172;0.0001010894775390625;0.005549907684326172;0.00869297981262207;0.00984811782836914;1692439601.221517
result;239;[0];0.0015730857849121094;0.0032639503479003906;0.004513978958129883;0.010547161102294922;0.011981010437011719;1692439601.225507
request;240;1692439601.229854
request;241;1692439601.229854
request;242;1692439601.26164
request;243;1692439601.277585
result;240;[0];0.0014030933380126953;9.679794311523438e-05;0.004892110824584961;0.008070945739746094;0.009199857711791992;1692439601.28543
result;241;[0];0.0029327869415283203;0.0032951831817626953;0.0044858455657958984;0.011952877044677734;0.013387918472290039;1692439601.289557
request;244;1692439601.293648
result;242;[0];0.001361846923828125;0.00021219253540039062;0.003919839859008789;0.0066568851470947266;0.007737874984741211;1692439601.305458
request;245;1692439601.309211
request;246;1692439601.324906
result;243;[0];0.0013759136199951172;0.00020503997802734375;0.003916025161743164;0.006703853607177734;0.007876873016357422;1692439601.329436
result;244;[0];0.0013079643249511719;0.0001010894775390625;0.00412297248840332;0.0067119598388671875;0.007811069488525391;1692439601.337806
request;247;1692439601.355585
result;245;[0];0.0014460086822509766;0.0008270740509033203;0.003921985626220703;0.007364034652709961;0.008542060852050781;1692439601.362028
request;248;1692439601.371259
result;246;[0];0.0013470649719238281;0.00010204315185546875;0.0041120052337646484;0.006749153137207031;0.007765054702758789;1692439601.381476
request;249;1692439601.386561
result;247;[0];0.0014150142669677734;9.202957153320312e-05;0.004127025604248047;0.006819963455200195;0.007807016372680664;1692439601.41762
request;250;1692439601.418585
result;248;[1];0.001374959945678711;0.0008349418640136719;0.0039751529693603516;0.008547067642211914;0.009675979614257812;1692439601.425914
result;249;[1];0.002190828323364258;0.0006999969482421875;0.004134178161621094;0.008244991302490234;0.009441852569580078;1692439601.430182
request;251;1692439601.434635
request;252;1692439601.449642
request;253;1692439601.465641
result;250;[1];0.001425027847290039;0.00010395050048828125;0.00410008430480957;0.006807088851928711;0.007798194885253906;1692439601.469574
result;251;[1];0.0013170242309570312;0.00010204315185546875;0.004110813140869141;0.006764888763427734;0.007798910140991211;1692439601.482204
request;254;1692439601.496109
result;252;[1];0.0013489723205566406;9.894371032714844e-05;0.004878044128417969;0.008037090301513672;0.009177207946777344;1692439601.506012
result;253;[1];0.003201007843017578;0.003270864486694336;0.0044591426849365234;0.012245893478393555;0.013364076614379883;1692439601.510084
request;255;1692439601.512162
request;256;1692439601.528071
request;257;1692439601.543486
result;254;[1];0.0013461112976074219;9.489059448242188e-05;0.00410914421081543;0.006789207458496094;0.007912158966064453;1692439601.553482
result;255;[1];0.0013651847839355469;0.0008389949798583984;0.0039060115814208984;0.007285118103027344;0.009084939956665039;1692439601.566504
result;256;[1];0.0013089179992675781;0.0008380413055419922;0.003916025161743164;0.007230043411254883;0.008710861206054688;1692439601.574209
request;258;1692439601.574209
result;257;[1];0.0013589859008789062;9.512901306152344e-05;0.004117012023925781;0.006766080856323242;0.008304834365844727;1692439601.597425
request;259;1692439601.604618
request;260;1692439601.604618
result;258;[1];0.001294851303100586;0.0002090930938720703;0.004011869430541992;0.00667881965637207;0.008074045181274414;1692439601.625998
request;261;1692439601.651648
request;262;1692439601.651648
result;259;[1];0.0013439655303955078;0.00020599365234375;0.003998994827270508;0.006752967834472656;0.008383989334106445;1692439601.657512
result;260;[1];0.0013680458068847656;0.00011491775512695312;0.005153179168701172;0.008094072341918945;0.009711027145385742;1692439601.66964
request;263;1692439601.682812
request;264;1692439601.682812
result;261;[1];0.001722097396850586;0.00011491775512695312;0.004294157028198242;0.007475137710571289;0.010200977325439453;1692439601.701397
request;265;1692439601.713902
result;262;[1];0.0014128684997558594;0.00010609626770019531;0.004745006561279297;0.0076389312744140625;0.008922100067138672;1692439601.713902
request;266;1692439601.729233
result;263;[1];0.0014770030975341797;0.00010991096496582031;0.004255056381225586;0.007086038589477539;0.008404970169067383;1692439601.737815
request;267;1692439601.745276
result;264;[2];0.0013780593872070312;0.0008420944213867188;0.004004955291748047;0.007609128952026367;0.009439945220947266;1692439601.749327
result;265;[2];0.0014948844909667969;0.00010395050048828125;0.004122018814086914;0.007387876510620117;0.008955001831054688;1692439601.76943
result;266;[2];0.0015311241149902344;0.00010585784912109375;0.004105091094970703;0.007038116455078125;0.008459091186523438;1692439601.773212
request;268;1692439601.776229
request;269;1692439601.791489
result;267;[2];0.001438140869140625;0.0008418560028076172;0.003993988037109375;0.007612943649291992;0.009122133255004883;1692439601.805271
request;270;1692439601.807348
result;268;[2];0.0013170242309570312;0.00020503997802734375;0.0039980411529541016;0.006845951080322266;0.008444786071777344;1692439601.817233
request;271;1692439601.82287
result;269;[2];0.0013949871063232422;0.0008409023284912109;0.00399017333984375;0.0075359344482421875;0.009070873260498047;1692439601.84535
request;272;1692439601.854528
result;270;[2];0.0013301372528076172;0.00010180473327636719;0.0041620731353759766;0.006919145584106445;0.008250951766967773;1692439601.857261
request;273;1692439601.870568
request;274;1692439601.885564
result;271;[2];0.0012950897216796875;0.0008490085601806641;0.0037000179290771484;0.006946086883544922;0.008591890335083008;1692439601.885564
request;275;1692439601.917639
result;272;[2];0.0012888908386230469;0.0001900196075439453;0.003679990768432617;0.006265878677368164;0.00780797004699707;1692439601.921469
request;276;1692439601.933225
result;273;[2];0.001230001449584961;0.0001850128173828125;0.0045871734619140625;0.007625102996826172;0.009246110916137695;1692439601.94195
result;274;[2];0.002950906753540039;0.0031719207763671875;0.004177093505859375;0.011435985565185547;0.013560056686401367;1692439601.942585
request;277;1692439601.948641
request;278;1692439601.964635
result;275;[3];0.001522064208984375;0.00078582763671875;0.004343986511230469;0.00793004035949707;0.00943613052368164;1692439601.969311
result;276;[3];0.001524209976196289;0.0008218288421630859;0.004405021667480469;0.00799703598022461;0.009257078170776367;1692439601.977308
result;277;[3];0.0014510154724121094;0.00010991096496582031;0.004539012908935547;0.0073888301849365234;0.008847951889038086;1692439601.99323
request;279;1692439601.996244
result;278;[3];0.001522064208984375;0.0008330345153808594;0.004366874694824219;0.008002996444702148;0.009307861328125;1692439602.021258
request;280;1692439602.027392
request;281;1692439602.027392
result;279;[3];0.0014920234680175781;0.00022912025451660156;0.004333972930908203;0.007336139678955078;0.008330106735229492;1692439602.049296
request;282;1692439602.057958
result;280;[3];0.0015001296997070312;0.0008358955383300781;0.003874063491821289;0.0074422359466552734;0.008347034454345703;1692439602.065281
request;283;1692439602.073245
result;281;[3];0.0013461112976074219;8.988380432128906e-05;0.0041201114654541016;0.006742954254150391;0.007598161697387695;1692439602.077339
request;284;1692439602.088859
request;285;1692439602.104527
result;282;[3];0.0014278888702392578;0.0008020401000976562;0.003920078277587891;0.007318973541259766;0.008210897445678711;1692439602.109333
result;283;[3];0.0013611316680908203;0.0008528232574462891;0.003951072692871094;0.007328033447265625;0.008381128311157227;1692439602.129341
request;286;1692439602.135426
result;284;[3];0.00133514404296875;0.0008499622344970703;0.0039408206939697266;0.0073010921478271484;0.008111000061035156;1692439602.13743
result;285;[3];0.0013430118560791016;0.0008399486541748047;0.004055023193359375;0.007441043853759766;0.008247852325439453;1692439602.145197
request;287;1692439602.151355
request;288;1692439602.166568
request;289;1692439602.18264
result;286;[3];0.0014529228210449219;0.0008449554443359375;0.00395512580871582;0.0074198246002197266;0.008329153060913086;1692439602.189222
result;287;[3];0.0013840198516845703;0.0008440017700195312;0.00397801399230957;0.007383108139038086;0.008414983749389648;1692439602.197565
result;288;[3];0.0013430118560791016;0.00084686279296875;0.00391697883605957;0.007324934005737305;0.008624076843261719;1692439602.205194
request;290;1692439602.213563
result;289;[3];0.0013458728790283203;0.0008490085601806641;0.003921031951904297;0.0072917938232421875;0.008913993835449219;1692439602.225207
request;291;1692439602.229363
request;292;1692439602.244455
result;290;[3];0.00150299072265625;0.000820159912109375;0.004361867904663086;0.008574962615966797;0.010215044021606445;1692439602.273253
request;293;1692439602.275266
result;291;[3];0.0015628337860107422;0.00011301040649414062;0.004575014114379883;0.007512807846069336;0.00919795036315918;1692439602.277256
request;294;1692439602.290853
request;295;1692439602.306169
result;292;[3];0.001477956771850586;0.0008320808410644531;0.004387855529785156;0.007949113845825195;0.009593963623046875;1692439602.309238
result;293;[3];0.0015289783477783203;0.0008211135864257812;0.004367828369140625;0.007982969284057617;0.00957798957824707;1692439602.329295
request;296;1692439602.337562
result;294;[0];0.00144195556640625;0.0008339881896972656;0.004342079162597656;0.007886886596679688;0.009840965270996094;1692439602.337562
request;297;1692439602.352937
result;295;[0];0.0014729499816894531;0.0008251667022705078;0.0043179988861083984;0.007940053939819336;0.009613990783691406;1692439602.362109
request;298;1692439602.368637
request;299;1692439602.384595
result;296;[0];0.0013110637664794922;0.0008640289306640625;0.0036449432373046875;0.00693511962890625;0.00811910629272461;1692439602.385597
result;297;[0];0.0014460086822509766;0.0001010894775390625;0.004015922546386719;0.006723165512084961;0.008590936660766602;1692439602.397395
request;300;1692439602.416541
result;298;[0];0.001316070556640625;0.0001888275146484375;0.0036821365356445312;0.006391048431396484;0.007959842681884766;1692439602.425452
request;301;1692439602.432605
result;299;[0];0.0013320446014404297;0.0008540153503417969;0.003654003143310547;0.006974935531616211;0.008623123168945312;1692439602.441551
request;302;1692439602.448635
request;303;1692439602.463638
result;300;[0];0.0013120174407958984;0.0008559226989746094;0.0038890838623046875;0.007360935211181641;0.008713960647583008;1692439602.469297
result;301;[0];0.0013730525970458984;9.894371032714844e-05;0.004146099090576172;0.0068111419677734375;0.007861852645874023;1692439602.477247
request;304;1692439602.494702
request;305;1692439602.510636
result;302;[0];0.0013189315795898438;0.000102996826171875;0.004160165786743164;0.0067670345306396484;0.008179903030395508;1692439602.513917
result;303;[0];0.0013921260833740234;0.0008399486541748047;0.003988981246948242;0.00739598274230957;0.00939321517944336;1692439602.514589
request;306;1692439602.525894
result;304;[0];0.001394033432006836;0.00084686279296875;0.003996133804321289;0.0073468685150146484;0.008445978164672852;1692439602.549698
request;307;1692439602.556563
result;305;[0];0.0018291473388671875;0.0008399486541748047;0.00392603874206543;0.007795095443725586;0.009784936904907227;1692439602.561316
request;308;1692439602.572208
result;306;[0];0.0013871192932128906;0.0008490085601806641;0.003983974456787109;0.0074100494384765625;0.008999824523925781;1692439602.585509
request;309;1692439602.587519
request;310;1692439602.603563
result;307;[1];0.0013539791107177734;0.0008509159088134766;0.003983974456787109;0.007351875305175781;0.008630990982055664;1692439602.609254
result;308;[1];0.0013899803161621094;0.0008509159088134766;0.003988027572631836;0.007399797439575195;0.008935928344726562;1692439602.62558
request;311;1692439602.633806
result;309;[1];0.0013611316680908203;0.0008428096771240234;0.004105091094970703;0.007498025894165039;0.009428024291992188;1692439602.633806
request;312;1692439602.649643
result;310;[1];0.0013141632080078125;0.00010204315185546875;0.0040819644927978516;0.006735086441040039;0.008362054824829102;1692439602.653408
request;313;1692439602.665651
result;311;[1];0.0016632080078125;0.0001239776611328125;0.004842042922973633;0.007949113845825195;0.009507894515991211;1692439602.690768
result;312;[1];0.0014088153839111328;0.0001010894775390625;0.0041351318359375;0.006857872009277344;0.00845193862915039;1692439602.693503
request;314;1692439602.697638
result;313;[1];0.0013539791107177734;0.0008399486541748047;0.003951072692871094;0.007317066192626953;0.008888959884643555;1692439602.709421
request;315;1692439602.713051
request;316;1692439602.728638
request;317;1692439602.744408
result;314;[1];0.0014619827270507812;0.0001010894775390625;0.0041539669036865234;0.0069539546966552734;0.008571147918701172;1692439602.757545
result;315;[1];0.001352071762084961;0.0008380413055419922;0.004024982452392578;0.007379055023193359;0.009307146072387695;1692439602.76546
request;318;1692439602.775194
result;316;[1];0.0013599395751953125;0.0008420944213867188;0.003922939300537109;0.007390022277832031;0.009190082550048828;1692439602.781518
request;319;1692439602.790411
result;317;[1];0.001302957534790039;0.0002040863037109375;0.003983974456787109;0.006762027740478516;0.00769495964050293;1692439602.797446
request;320;1692439602.806139
result;318;[1];0.001386880874633789;0.0008270740509033203;0.0039920806884765625;0.007375001907348633;0.00828695297241211;1692439602.817442
request;321;1692439602.837565
result;319;[1];0.0014209747314453125;0.0008401870727539062;0.003966808319091797;0.00739598274230957;0.008246898651123047;1692439602.837565
request;322;1692439602.853392
result;320;[1];0.0013439655303955078;0.0008471012115478516;0.003954887390136719;0.007317066192626953;0.008177042007446289;1692439602.858056
request;323;1692439602.868642
request;324;1692439602.88464
result;321;[1];0.0013308525085449219;0.00020503997802734375;0.004134178161621094;0.006877899169921875;0.007756948471069336;1692439602.885645
result;322;[1];0.0014209747314453125;0.0008339881896972656;0.0041351318359375;0.007520914077758789;0.008383035659790039;1692439602.909469
result;323;[1];0.0019268989562988281;0.0008301734924316406;0.003952980041503906;0.007906913757324219;0.009052038192749023;1692439602.913614
request;325;1692439602.915691
request;326;1692439602.930892
result;324;[2];0.0013141632080078125;0.0002529621124267578;0.003866910934448242;0.006674051284790039;0.007512092590332031;1692439602.937432
request;327;1692439602.946434
result;325;[2];0.0013840198516845703;0.0008509159088134766;0.004147052764892578;0.007587909698486328;0.009042024612426758;1692439602.965485
request;328;1692439602.97764
result;326;[2];0.001293182373046875;0.00016379356384277344;0.004088163375854492;0.006704092025756836;0.007955074310302734;1692439602.981657
request;329;1692439602.993408
result;327;[2];0.0013279914855957031;0.00020599365234375;0.003954887390136719;0.006661891937255859;0.008239030838012695;1692439603.001695
request;330;1692439603.008639
request;331;1692439603.023852
result;328;[2];0.0013990402221679688;0.0008280277252197266;0.003935813903808594;0.007342100143432617;0.009379863739013672;1692439603.029839
result;329;[2];0.0012919902801513672;0.00020599365234375;0.0038881301879882812;0.006601095199584961;0.007794857025146484;1692439603.045489
request;332;1692439603.054507
result;330;[2];0.0013310909271240234;0.000102996826171875;0.00409698486328125;0.00670313835144043;0.00828099250793457;1692439603.057451
request;333;1692439603.070044
request;334;1692439603.085585
result;331;[2];0.00138092041015625;0.0008380413055419922;0.004142045974731445;0.0075321197509765625;0.008890867233276367;1692439603.085585
result;332;[2];0.0013320446014404297;0.0008480548858642578;0.003981828689575195;0.007328987121582031;0.009031057357788086;1692439603.101578
request;335;1692439603.116559
result;333;[2];0.0014379024505615234;0.0008471012115478516;0.004064798355102539;0.0075190067291259766;0.008814811706542969;1692439603.121464
request;336;1692439603.131997
result;334;[2];0.0013239383697509766;0.00020599365234375;0.0039730072021484375;0.006667137145996094;0.008481979370117188;1692439603.137393
request;337;1692439603.147637
request;338;1692439603.163641
result;335;[2];0.001458883285522461;0.0008230209350585938;0.00430607795715332;0.007855892181396484;0.009453058242797852;1692439603.177569
result;336;[3];0.0014498233795166016;0.0008361339569091797;0.0044100284576416016;0.0080108642578125;0.00973200798034668;1692439603.189416
request;339;1692439603.195488
result;337;[3];0.0014269351959228516;0.00010895729064941406;0.004542112350463867;0.007402896881103516;0.009227991104125977;1692439603.197448
request;340;1692439603.210713
result;338;[3];0.0014431476593017578;0.00010991096496582031;0.004539012908935547;0.007364988327026367;0.009099960327148438;1692439603.217422
request;341;1692439603.226155
result;339;[3];0.0015120506286621094;0.0008308887481689453;0.004539012908935547;0.00810694694519043;0.009738922119140625;1692439603.241454
result;340;[3];0.0020148754119873047;0.00011301040649414062;0.0045070648193359375;0.007939815521240234;0.009578943252563477;1692439603.24942
request;342;1692439603.25656
request;343;1692439603.272085
result;341;[3];0.0012919902801513672;9.512901306152344e-05;0.003785848617553711;0.006279945373535156;0.0076220035552978516;1692439603.285455
request;344;1692439603.287491
request;345;1692439603.302722
result;342;[3];0.0012059211730957031;0.0001900196075439453;0.003710031509399414;0.006197929382324219;0.007850170135498047;1692439603.305445
result;343;[3];0.0012471675872802734;0.0008559226989746094;0.0036690235137939453;0.006880998611450195;0.008256196975708008;1692439603.317404
request;346;1692439603.334158
result;344;[3];0.0012011528015136719;0.00019097328186035156;0.0036678314208984375;0.00616002082824707;0.007943868637084961;1692439603.337371
request;347;1692439603.349641
result;345;[3];0.0014910697937011719;0.000102996826171875;0.0040318965911865234;0.006749868392944336;0.008725881576538086;1692439603.35744
request;348;1692439603.365346
result;346;[3];0.0015411376953125;0.00011801719665527344;0.00459599494934082;0.0075800418853759766;0.009673833847045898;1692439603.389518
request;349;1692439603.396556
result;347;[3];0.0014798641204833984;0.00011706352233886719;0.0045680999755859375;0.007462978363037109;0.009111881256103516;1692439603.397358
request;350;1692439603.411637
result;348;[3];0.0015299320220947266;0.00022721290588378906;0.00438690185546875;0.007442951202392578;0.00920414924621582;1692439603.417439
request;351;1692439603.427634
request;352;1692439603.443327
result;349;[3];0.0015039443969726562;0.0008249282836914062;0.004374027252197266;0.008131980895996094;0.0098419189453125;1692439603.449483
result;350;[3];0.0014789104461669922;0.0008180141448974609;0.004364967346191406;0.008122920989990234;0.00923013687133789;1692439603.465568
request;353;1692439603.474671
result;351;[3];0.0013861656188964844;0.0002110004425048828;0.003981828689575195;0.0068531036376953125;0.007955074310302734;1692439603.481758
request;354;1692439603.490058
result;352;[3];0.0013148784637451172;0.0008509159088134766;0.003996133804321289;0.007478952407836914;0.009093999862670898;1692439603.501463
request;355;1692439603.505428
result;353;[0];0.0013630390167236328;0.0008409023284912109;0.003976106643676758;0.007534027099609375;0.008795976638793945;1692439603.517474
request;356;1692439603.536342
result;354;[0];0.0013060569763183594;0.00010800361633300781;0.0041561126708984375;0.0067691802978515625;0.00795292854309082;1692439603.537749
request;357;1692439603.551643
result;355;[0];0.0014748573303222656;9.918212890625e-05;0.004152774810791016;0.006935834884643555;0.008582115173339844;1692439603.557434
request;358;1692439603.567637
request;359;1692439603.583636
result;356;[0];0.0015938282012939453;0.0002281665802001953;0.0043468475341796875;0.00745701789855957;0.009073019027709961;1692439603.585417
result;357;[0];0.0016279220581054688;0.0008230209350585938;0.0044400691986083984;0.008270025253295898;0.009612083435058594;1692439603.605468
request;360;1692439603.615095
result;358;[0];0.0015180110931396484;0.00011801719665527344;0.004669904708862305;0.007654905319213867;0.009327888488769531;1692439603.617426
request;361;1692439603.630342
result;359;[0];0.0016429424285888672;0.0008220672607421875;0.0043299198150634766;0.008116960525512695;0.009798049926757812;1692439603.641487
request;362;1692439603.645565
result;360;[0];0.0015959739685058594;0.00010609626770019531;0.004555940628051758;0.007776975631713867;0.009536981582641602;1692439603.673474
request;363;1692439603.677634
result;361;[0];0.0017600059509277344;0.0001251697540283203;0.005261898040771484;0.00853109359741211;0.010478973388671875;1692439603.682634
request;364;1692439603.693279
result;362;[0];0.0015468597412109375;0.0001010894775390625;0.004127979278564453;0.007088899612426758;0.009060144424438477;1692439603.701444
request;365;1692439603.708748
result;363;[0];0.0013949871063232422;9.703636169433594e-05;0.0041310787200927734;0.0069539546966552734;0.008725166320800781;1692439603.721481
request;366;1692439603.724541
result;364;[0];0.0013518333435058594;0.0002040863037109375;0.003968000411987305;0.006826877593994141;0.007954835891723633;1692439603.745428
request;367;1692439603.756063
result;365;[0];0.0014529228210449219;0.0001010894775390625;0.004148960113525391;0.00701594352722168;0.009367942810058594;1692439603.761484
request;368;1692439603.771066
request;369;1692439603.786561
result;366;[1];0.0014138221740722656;0.0008502006530761719;0.0039899349212646484;0.007576942443847656;0.008842945098876953;1692439603.793414
result;367;[1];0.0013790130615234375;9.894371032714844e-05;0.004126071929931641;0.006921052932739258;0.008548974990844727;1692439603.805448
request;370;1692439603.817582
result;368;[1];0.001383066177368164;0.0008399486541748047;0.003973960876464844;0.007513999938964844;0.008774042129516602;1692439603.817582
request;371;1692439603.833575
request;372;1692439603.849639
result;369;[1];0.0013871192932128906;0.0008358955383300781;0.004157066345214844;0.007695198059082031;0.009305000305175781;1692439603.853317
request;373;1692439603.865481
result;370;[1];0.0013499259948730469;0.00010013580322265625;0.004124879837036133;0.006880998611450195;0.008288145065307617;1692439603.866495
result;371;[1];0.0013589859008789062;0.00020003318786621094;0.003974199295043945;0.006846189498901367;0.008363962173461914;1692439603.890086
request;374;1692439603.896537
result;372;[1];0.001344919204711914;0.00010013580322265625;0.004109859466552734;0.006850004196166992;0.00807809829711914;1692439603.897773
request;375;1692439603.911641
result;373;[1];0.0013301372528076172;0.00019884109497070312;0.00397801399230957;0.006860017776489258;0.008454084396362305;1692439603.925623
request;376;1692439603.92769
result;374;[1];0.0012950897216796875;0.0002028942108154297;0.003976106643676758;0.006784915924072266;0.008446216583251953;1692439603.937414
request;377;1692439603.943469
result;375;[1];0.0013740062713623047;0.0008552074432373047;0.003983974456787109;0.007520198822021484;0.009284019470214844;1692439603.957521
request;378;1692439603.975104
result;376;[1];0.0013489723205566406;0.0008499622344970703;0.003972053527832031;0.007483005523681641;0.00934600830078125;1692439603.977541
result;377;[1];0.0012791156768798828;0.0002028942108154297;0.003990888595581055;0.006783962249755859;0.008004903793334961;1692439603.98544
request;379;1692439603.990558
request;380;1692439604.005969
request;381;1692439604.022063
result;378;[1];0.0013399124145507812;0.00010013580322265625;0.0041120052337646484;0.006850004196166992;0.008009910583496094;1692439604.029443
result;379;[1];0.0012781620025634766;0.0001418590545654297;0.004124164581298828;0.006834983825683594;0.008358955383300781;1692439604.038039
request;382;1692439604.053302
result;380;[1];0.0013439655303955078;0.0008409023284912109;0.004008054733276367;0.007539987564086914;0.009250164031982422;1692439604.061443
request;383;1692439604.068636
request;384;1692439604.084639
result;381;[1];0.0013279914855957031;0.0002651214599609375;0.004079103469848633;0.006885051727294922;0.008684873580932617;1692439604.097555
result;382;[1];0.0013241767883300781;0.00010180473327636719;0.004116058349609375;0.006824016571044922;0.008539915084838867;1692439604.098569
request;385;1692439604.116559
result;383;[1];0.0013279914855957031;0.00010418891906738281;0.004164934158325195;0.006819963455200195;0.00849604606628418;1692439604.117394
request;386;1692439604.132697
result;384;[1];0.0013821125030517578;8.797645568847656e-05;0.004133939743041992;0.0068111419677734375;0.008466958999633789;1692439604.137362
request;387;1692439604.14864
request;388;1692439604.164642
result;385;[1];0.001338958740234375;0.00010204315185546875;0.00409698486328125;0.006810903549194336;0.00852203369140625;1692439604.165322
result;386;[2];0.0012919902801513672;8.893013000488281e-05;0.003787994384765625;0.006295919418334961;0.008304834365844727;1692439604.189599
request;389;1692439604.196557
result;387;[2];0.0012581348419189453;0.0002079010009765625;0.003673076629638672;0.006214141845703125;0.00789785385131836;1692439604.197869
request;390;1692439604.21264
result;388;[2];0.0013580322265625;0.0008978843688964844;0.003674030303955078;0.0070040225982666016;0.008131980895996094;1692439604.221467
request;391;1692439604.22864
request;392;1692439604.244288
result;389;[2];0.0012850761413574219;9.179115295410156e-05;0.0038411617279052734;0.006295919418334961;0.007876157760620117;1692439604.249419
request;393;1692439604.27468
result;390;[2];0.0013661384582519531;0.0008640289306640625;0.004308938980102539;0.007847070693969727;0.009508132934570312;1692439604.277684
result;391;[2];0.0014510154724121094;0.00011706352233886719;0.004603862762451172;0.008002042770385742;0.00991511344909668;1692439604.285421
request;394;1692439604.290543
result;392;[2];0.0017309188842773438;0.0008020401000976562;0.004422903060913086;0.0081939697265625;0.009737014770507812;1692439604.293413
request;395;1692439604.30602
result;393;[2];0.0017099380493164062;0.0007989406585693359;0.004522085189819336;0.00845789909362793;0.010159969329833984;1692439604.329518
request;396;1692439604.337638
result;394;[2];0.0014920234680175781;0.0008170604705810547;0.004330873489379883;0.007942914962768555;0.010268926620483398;1692439604.345462
request;397;1692439604.353568
result;395;[3];0.0014951229095458984;0.0008139610290527344;0.0043621063232421875;0.007983207702636719;0.009289026260375977;1692439604.357371
request;398;1692439604.368642
request;399;1692439604.384639
result;396;[3];0.0014719963073730469;0.0008409023284912109;0.003994941711425781;0.0074939727783203125;0.009018182754516602;1692439604.385345
result;397;[3];0.0014281272888183594;0.00021386146545410156;0.0039520263671875;0.0067670345306396484;0.008519172668457031;1692439604.409517
request;400;1692439604.416163
result;398;[3];0.0013589859008789062;0.0008351802825927734;0.003932952880859375;0.00731205940246582;0.008897066116333008;1692439604.417362
request;401;1692439604.431643
result;399;[3];0.0013339519500732422;0.000102996826171875;0.004128932952880859;0.006757020950317383;0.008399009704589844;1692439604.441428
request;402;1692439604.447634
result;400;[3];0.0013091564178466797;0.00020885467529296875;0.003977060317993164;0.006676197052001953;0.007884979248046875;1692439604.457375
request;403;1692439604.463464
result;401;[3];0.0013592243194580078;0.0008389949798583984;0.003931999206542969;0.007376194000244141;0.008441925048828125;1692439604.465494
result;402;[3];0.0013120174407958984;0.000102996826171875;0.004128932952880859;0.006709098815917969;0.007801055908203125;1692439604.485484
request;404;1692439604.493836
request;405;1692439604.509608
result;403;[3];0.0014371871948242188;0.0007908344268798828;0.003945112228393555;0.007364034652709961;0.008964061737060547;1692439604.509608
request;406;1692439604.524717
result;404;[3];0.0013110637664794922;0.0002048015594482422;0.003924131393432617;0.006619930267333984;0.007881879806518555;1692439604.537563
request;407;1692439604.555999
result;405;[3];0.0013380050659179688;0.0008399486541748047;0.003988027572631836;0.007333040237426758;0.009054899215698242;1692439604.55744
request;408;1692439604.572055
result;406;[3];0.0013470649719238281;0.00023794174194335938;0.004410982131958008;0.007291078567504883;0.00882101058959961;1692439604.577505
request;409;1692439604.587633
request;410;1692439604.60326
result;407;[3];0.0015289783477783203;0.0003039836883544922;0.004369974136352539;0.0075190067291259766;0.009222984313964844;1692439604.60944
result;408;[3];0.0015211105346679688;0.0002288818359375;0.0043849945068359375;0.0074329376220703125;0.008558988571166992;1692439604.625536
request;411;1692439604.633944
result;409;[0];0.0014619827270507812;0.00010418891906738281;0.00456690788269043;0.007421016693115234;0.00916600227355957;1692439604.641539
request;412;1692439604.649636
result;410;[0];0.00150299072265625;0.0002300739288330078;0.004339933395385742;0.0073699951171875;0.009046077728271484;1692439604.650639
request;413;1692439604.665638
result;411;[0];0.002115964889526367;0.00013494491577148438;0.0051250457763671875;0.008820772171020508;0.010610818862915039;1692439604.682719
request;414;1692439604.697564
result;412;[0];0.0015711784362792969;0.00021505355834960938;0.004008769989013672;0.007160186767578125;0.008996009826660156;1692439604.698564
request;415;1692439604.712828
result;413;[0];0.0014209747314453125;0.00010395050048828125;0.00421905517578125;0.006922006607055664;0.008803129196166992;1692439604.713955
request;416;1692439604.728641
request;417;1692439604.744275
result;414;[0];0.001413106918334961;0.00021195411682128906;0.0039520263671875;0.006742000579833984;0.008344173431396484;1692439604.749979
request;418;1692439604.77549
result;415;[0];0.001500844955444336;0.00011396408081054688;0.004130125045776367;0.006916999816894531;0.008327007293701172;1692439604.778198
result;416;[0];0.0013720989227294922;9.894371032714844e-05;0.004116058349609375;0.0067729949951171875;0.008378982543945312;1692439604.785431
request;419;1692439604.790552
result;417;[0];0.001363992691040039;0.00010204315185546875;0.004164934158325195;0.006810903549194336;0.008366107940673828;1692439604.801465
request;420;1692439604.80537
result;418;[1];0.0014290809631347656;0.0008490085601806641;0.003979921340942383;0.0074291229248046875;0.008615970611572266;1692439604.829414
request;421;1692439604.836101
result;419;[1];0.0013921260833740234;9.298324584960938e-05;0.0042760372161865234;0.0069370269775390625;0.008551836013793945;1692439604.845426
request;422;1692439604.851584
result;420;[1];0.0013561248779296875;9.989738464355469e-05;0.0042951107025146484;0.0069730281829833984;0.008796930313110352;1692439604.85744
request;423;1692439604.867642
request;424;1692439604.883635
result;421;[1];0.001355886459350586;0.0008420944213867188;0.0038030147552490234;0.00701594352722168;0.008671998977661133;1692439604.889424
result;422;[1];0.001528024673461914;9.298324584960938e-05;0.0037500858306884766;0.006562948226928711;0.008436918258666992;1692439604.897414
request;425;1692439604.914705
result;423;[1];0.0012249946594238281;0.00018906593322753906;0.0036978721618652344;0.006223917007446289;0.007782936096191406;1692439604.917417
request;426;1692439604.93064
result;424;[1];0.0012478828430175781;9.202957153320312e-05;0.0038330554962158203;0.006289005279541016;0.007927894592285156;1692439604.945428
request;427;1692439604.946245
result;425;[1];0.0013930797576904297;9.107589721679688e-05;0.003802776336669922;0.00639796257019043;0.007670879364013672;1692439604.961587
request;428;1692439604.977636
result;426;[1];0.0013768672943115234;0.0008690357208251953;0.003924131393432617;0.00739288330078125;0.009094953536987305;1692439604.981415
request;429;1692439604.993307
result;427;[1];0.0013458728790283203;9.703636169433594e-05;0.004158973693847656;0.006783008575439453;0.008388996124267578;1692439604.997434
request;430;1692439605.008639
request;431;1692439605.024104
result;428;[1];0.001344919204711914;0.00020813941955566406;0.0038928985595703125;0.006676912307739258;0.008319854736328125;1692439605.033354
request;432;1692439605.055302
result;429;[1];0.0013117790222167969;0.0001010894775390625;0.004126071929931641;0.006963968276977539;0.00820016860961914;1692439605.057438
result;430;[1];0.0014789104461669922;0.0001010894775390625;0.004133939743041992;0.007272005081176758;0.00869894027709961;1692439605.065409
request;433;1692439605.070517
result;431;[1];0.0014350414276123047;9.608268737792969e-05;0.004250049591064453;0.0070400238037109375;0.008980035781860352;1692439605.073508
request;434;1692439605.086563
request;435;1692439605.102636
result;432;[1];0.0013179779052734375;0.0008628368377685547;0.0037610530853271484;0.007092952728271484;0.009027957916259766;1692439605.109503
result;433;[1];0.0012969970703125;9.799003601074219e-05;0.003854036331176758;0.00639796257019043;0.0076181888580322266;1692439605.117989
request;436;1692439605.133263
result;434;[1];0.0013971328735351562;0.0008490085601806641;0.003663778305053711;0.007050991058349609;0.00864410400390625;1692439605.141409
request;437;1692439605.148639
result;435;[1];0.0013380050659179688;0.0008568763732910156;0.003665924072265625;0.007009983062744141;0.008431196212768555;1692439605.161588
request;438;1692439605.164662
result;436;[1];0.001435995101928711;0.0008449554443359375;0.003999948501586914;0.007951974868774414;0.009680032730102539;1692439605.189471
request;439;1692439605.195515
result;437;[1];0.0015189647674560547;0.00010514259338378906;0.00415492057800293;0.006954193115234375;0.00887298583984375;1692439605.19752
request;440;1692439605.210595
result;438;[2];0.0013778209686279297;0.0008480548858642578;0.0039958953857421875;0.0074079036712646484;0.009058952331542969;1692439605.217829
request;441;1692439605.225971
result;439;[2];0.0013549327850341797;9.417533874511719e-05;0.004108905792236328;0.006740093231201172;0.008055925369262695;1692439605.254267
request;442;1692439605.256517
result;440;[1];0.0013730525970458984;0.00020599365234375;0.0039408206939697266;0.006680011749267578;0.007976055145263672;1692439605.265408
request;443;1692439605.272006
result;441;[1];0.0019359588623046875;0.0007581710815429688;0.004089832305908203;0.008314132690429688;0.009968996047973633;1692439605.27303
request;444;1692439605.287621
request;445;1692439605.303208
result;442;[1];0.0016109943389892578;0.00011396408081054688;0.004611015319824219;0.0077610015869140625;0.009455204010009766;1692439605.305364
result;443;[1];0.0014750957489013672;0.00011801719665527344;0.004744052886962891;0.007830142974853516;0.009122133255004883;1692439605.317343
request;446;1692439605.334428
result;444;[2];0.001483917236328125;0.00011801719665527344;0.004624128341674805;0.007649898529052734;0.00937509536743164;1692439605.338429
request;447;1692439605.349636
result;445;[2];0.0015799999237060547;0.0008170604705810547;0.004906892776489258;0.00869297981262207;0.010378122329711914;1692439605.357434
request;448;1692439605.365686
request;449;1692439605.397563
result;446;[2];0.001466989517211914;0.00010895729064941406;0.004908084869384766;0.00822305679321289;0.010009050369262695;1692439605.409463
request;450;1692439605.412499
result;447;[2];0.0033211708068847656;0.0032579898834228516;0.0077669620513916016;0.016054153442382812;0.01790904998779297;1692439605.417398
result;448;[2];0.0014941692352294922;0.0020627975463867188;0.005303144454956055;0.010149955749511719;0.011731863021850586;1692439605.421507
request;451;1692439605.427636
result;449;[3];0.00138092041015625;0.00010514259338378906;0.004150867462158203;0.006850004196166992;0.008391857147216797;1692439605.437973
request;452;1692439605.442986
request;453;1692439605.473926
result;450;[3];0.0014111995697021484;0.00084686279296875;0.003924131393432617;0.007611989974975586;0.008835792541503906;1692439605.473926
request;454;1692439605.489413
result;451;[1];0.0014700889587402344;9.894371032714844e-05;0.0045320987701416016;0.007700920104980469;0.00882101058959961;1692439605.490418
result;452;[1];0.0028710365295410156;0.00304412841796875;0.004910945892333984;0.012017011642456055;0.013358116149902344;1692439605.494735
request;455;1692439605.505268
result;453;[1];0.0013070106506347656;0.00018286705017089844;0.0036551952362060547;0.006289958953857422;0.00783991813659668;1692439605.526483
request;456;1692439605.536133
result;454;[1];0.001360177993774414;0.00019478797912597656;0.0037391185760498047;0.006400108337402344;0.008090019226074219;1692439605.545427
request;457;1692439605.551583
result;455;[1];0.001299142837524414;0.00084686279296875;0.0038781166076660156;0.007122993469238281;0.008925914764404297;1692439605.557421
request;458;1692439605.567642
request;459;1692439605.583636
result;456;[1];0.0014450550079345703;8.702278137207031e-05;0.00497889518737793;0.008202075958251953;0.010043144226074219;1692439605.605537
result;457;[1];0.003242969512939453;0.003353118896484375;0.0044879913330078125;0.012292861938476562;0.014019012451171875;1692439605.60684
request;460;1692439605.615215
result;458;[1];0.0013649463653564453;9.894371032714844e-05;0.004117012023925781;0.0067560672760009766;0.008342981338500977;1692439605.621459
request;461;1692439605.630641
request;462;1692439605.646171
result;459;[3];0.001377105712890625;8.177757263183594e-05;0.004122018814086914;0.00674891471862793;0.008506059646606445;1692439605.646171
result;460;[3];0.001341104507446289;0.00020384788513183594;0.003957033157348633;0.00666499137878418;0.00796198844909668;1692439605.66541
request;463;1692439605.677582
result;461;[2];0.0019350051879882812;0.000759124755859375;0.005023956298828125;0.009087085723876953;0.011089801788330078;1692439605.678569
request;464;1692439605.692906
result;462;[2];0.001477956771850586;0.00010085105895996094;0.00421905517578125;0.0071048736572265625;0.008970022201538086;1692439605.697341
request;465;1692439605.708908
request;466;1692439605.724606
result;463;[2];0.0013840198516845703;0.0008471012115478516;0.0040149688720703125;0.007559061050415039;0.009202003479003906;1692439605.729369
result;464;[2];0.0013709068298339844;0.0008440017700195312;0.004027128219604492;0.007539987564086914;0.009367942810058594;1692439605.745441
request;467;1692439605.7553
result;465;[2];0.001638174057006836;0.0008459091186523438;0.003936052322387695;0.0077800750732421875;0.010232925415039062;1692439605.757374
request;468;1692439605.770622
request;469;1692439605.786518
result;466;[2];0.0013659000396728516;9.989738464355469e-05;0.0041751861572265625;0.006974935531616211;0.00826883316040039;1692439605.79398
result;467;[2];0.0013229846954345703;9.989738464355469e-05;0.004309892654418945;0.007063865661621094;0.008804082870483398;1692439605.801676
request;470;1692439605.817634
result;468;[2];0.0013980865478515625;0.0008349418640136719;0.003961086273193359;0.007498979568481445;0.009085893630981445;1692439605.821364
request;471;1692439605.833643
result;469;[2];0.001402139663696289;0.0001049041748046875;0.004137992858886719;0.0069332122802734375;0.008542060852050781;1692439605.841456
request;472;1692439605.848638
request;473;1692439605.863766
result;470;[2];0.0013499259948730469;0.0008540153503417969;0.004008054733276367;0.007561922073364258;0.009376049041748047;1692439605.877414
request;474;1692439605.895214
result;471;[2];0.0014259815216064453;0.0008478164672851562;0.00401616096496582;0.007599830627441406;0.008944034576416016;1692439605.897675
result;472;[2];0.0013659000396728516;0.0008420944213867188;0.004065990447998047;0.007584810256958008;0.008997917175292969;1692439605.905376
request;475;1692439605.910534
result;473;[3];0.001316070556640625;0.0002009868621826172;0.003987789154052734;0.006808042526245117;0.008119821548461914;1692439605.913427
request;476;1692439605.925906
result;474;[3];0.0014171600341796875;0.0008509159088134766;0.003968954086303711;0.007543087005615234;0.008970975875854492;1692439605.949555
request;477;1692439605.956558
result;475;[3];0.0013480186462402344;0.0008451938629150391;0.0040187835693359375;0.00755000114440918;0.009161949157714844;1692439605.957582
request;478;1692439605.971955
result;476;[3];0.0013399124145507812;0.0008511543273925781;0.004016876220703125;0.007525920867919922;0.009244918823242188;1692439605.985602
request;479;1692439605.987678
request;480;1692439606.00295
result;477;[3];0.001355886459350586;0.0001010894775390625;0.00410008430480957;0.006851911544799805;0.00798487663269043;1692439606.010142
result;478;[3];0.0012822151184082031;0.00020694732666015625;0.0039899349212646484;0.0067980289459228516;0.008569002151489258;1692439606.017462
request;481;1692439606.033699
result;479;[3];0.0013399124145507812;9.202957153320312e-05;0.004243135452270508;0.007009029388427734;0.008624076843261719;1692439606.041362
request;482;1692439606.049641
result;480;[3];0.0013451576232910156;0.0008499622344970703;0.003954887390136719;0.007573127746582031;0.009184122085571289;1692439606.057966
request;483;1692439606.064414
result;481;[3];0.0013740062713623047;0.0008509159088134766;0.003994941711425781;0.007520914077758789;0.009418964385986328;1692439606.081537
request;484;1692439606.095186
result;482;[3];0.0013289451599121094;0.0001881122589111328;0.0037038326263427734;0.00642704963684082;0.0077478885650634766;1692439606.101434
request;485;1692439606.110536
result;483;[3];0.0012798309326171875;0.00017118453979492188;0.0036618709564208984;0.006343841552734375;0.007491111755371094;1692439606.117458
request;486;1692439606.126157
result;484;[3];0.001241922378540039;0.0001900196075439453;0.0036530494689941406;0.006292819976806641;0.00810384750366211;1692439606.149708
request;487;1692439606.15756
result;485;[3];0.001233816146850586;0.0001881122589111328;0.003626108169555664;0.0062580108642578125;0.00780487060546875;1692439606.158557
request;488;1692439606.172889
result;486;[3];0.0012619495391845703;0.0008590221405029297;0.0036568641662597656;0.007053852081298828;0.008675813674926758;1692439606.177422
request;489;1692439606.188562
request;490;1692439606.204215
result;487;[3];0.0013611316680908203;0.00010204315185546875;0.004148960113525391;0.006911039352416992;0.008565902709960938;1692439606.209442
request;491;1692439606.235582
result;488;[3];0.0013270378112792969;0.00010085105895996094;0.0053730010986328125;0.008407831192016602;0.009689092636108398;1692439606.237305
result;489;[3];0.0016369819641113281;0.0032989978790283203;0.005418062210083008;0.011806011199951172;0.013730049133300781;1692439606.245435
request;492;1692439606.25159
result;490;[3];0.001497030258178711;0.0008399486541748047;0.003982067108154297;0.007636070251464844;0.009337902069091797;1692439606.25741
request;493;1692439606.267641
request;494;1692439606.283653
result;491;[3];0.0013768672943115234;0.0008370876312255859;0.004108905792236328;0.008214950561523438;0.009329080581665039;1692439606.290113
result;492;[3];0.0014770030975341797;0.00010395050048828125;0.004134178161621094;0.0070171356201171875;0.008861064910888672;1692439606.297406
request;495;1692439606.314734
result;493;[3];0.0013370513916015625;9.894371032714844e-05;0.004152059555053711;0.006906032562255859;0.008496999740600586;1692439606.325416
request;496;1692439606.330575
result;494;[3];0.0013210773468017578;0.000843048095703125;0.004004001617431641;0.007483959197998047;0.009151935577392578;1692439606.337531
request;497;1692439606.346331
result;495;[3];0.0014159679412841797;0.0008420944213867188;0.003988981246948242;0.007559061050415039;0.008928060531616211;1692439606.369489
request;498;1692439606.377567
result;496;[3];0.0013599395751953125;0.0002040863037109375;0.003983020782470703;0.006866931915283203;0.008867025375366211;1692439606.378565
request;499;1692439606.393185
result;497;[3];0.0012431144714355469;9.393692016601562e-05;0.003777027130126953;0.0063741207122802734;0.007930994033813477;1692439606.397424
request;500;1692439606.408637
request;501;1692439606.423998
result;498;[3];0.0012259483337402344;0.00019407272338867188;0.003701925277709961;0.0063669681549072266;0.007739067077636719;1692439606.425287
result;499;[3];0.001216888427734375;8.416175842285156e-05;0.0037598609924316406;0.00633692741394043;0.007676839828491211;1692439606.445463
request;502;1692439606.45525
result;500;[3];0.0012629032135009766;9.107589721679688e-05;0.0038039684295654297;0.0063970088958740234;0.008123159408569336;1692439606.457885
request;503;1692439606.470566
result;501;[3];0.0012481212615966797;0.0008678436279296875;0.0037000179290771484;0.007063150405883789;0.008141040802001953;1692439606.477415
request;504;1692439606.486444
result;502;[3];0.0013720989227294922;0.0008549690246582031;0.003991842269897461;0.007528066635131836;0.008668899536132812;1692439606.498627
request;505;1692439606.517569
result;503;[3];0.0013229846954345703;0.00020313262939453125;0.004060983657836914;0.007046937942504883;0.008718013763427734;1692439606.518566
request;506;1692439606.53364
result;504;[3];0.0013818740844726562;0.00010013580322265625;0.004149913787841797;0.006933927536010742;0.00856781005859375;1692439606.541405
request;507;1692439606.548643
request;508;1692439606.564634
result;505;[3];0.001332998275756836;9.989738464355469e-05;0.0041351318359375;0.0069119930267333984;0.008522987365722656;1692439606.565657
result;506;[3];0.0013728141784667969;0.0007979869842529297;0.003935098648071289;0.007399797439575195;0.008976936340332031;1692439606.581407
request;509;1692439606.596149
result;507;[3];0.0013818740844726562;0.0008451938629150391;0.003986835479736328;0.00751185417175293;0.009042978286743164;1692439606.597353
request;510;1692439606.61164
result;508;[3];0.0013480186462402344;0.00010085105895996094;0.004148960113525391;0.006896018981933594;0.008138895034790039;1692439606.613347
request;511;1692439606.627633
request;512;1692439606.643757
result;509;[3];0.001332998275756836;9.989738464355469e-05;0.0041429996490478516;0.006888866424560547;0.008234977722167969;1692439606.649676
result;510;[3];0.0013949871063232422;0.000843048095703125;0.0039861202239990234;0.007534980773925781;0.008688926696777344;1692439606.657404
request;513;1692439606.674978
result;511;[3];0.0019249916076660156;0.0003211498260498047;0.004868984222412109;0.008727073669433594;0.010541915893554688;1692439606.682705
request;514;1692439606.690447
result;512;[3];0.0015001296997070312;0.0008318424224853516;0.004043102264404297;0.007729053497314453;0.009540081024169922;1692439606.701544
request;515;1692439606.705226
result;513;[3];0.0013611316680908203;0.00019288063049316406;0.004091024398803711;0.006873130798339844;0.008728981018066406;1692439606.729405
request;516;1692439606.736425
request;517;1692439606.752535
result;514;[3];0.0014791488647460938;0.0002307891845703125;0.005524158477783203;0.010215044021606445;0.011459827423095703;1692439606.761532
result;515;[3];0.0017349720001220703;0.000598907470703125;0.005309104919433594;0.008867025375366211;0.010790109634399414;1692439606.765407
request;518;1692439606.768483
request;519;1692439606.783714
result;516;[3];0.0015039443969726562;0.0002090930938720703;0.003993034362792969;0.006902933120727539;0.00893092155456543;1692439606.809405
result;517;[3];0.0015711784362792969;0.00010085105895996094;0.004133939743041992;0.007013082504272461;0.008346080780029297;1692439606.813427
request;520;1692439606.815504
result;518;[3];0.0014750957489013672;9.989738464355469e-05;0.0041501522064208984;0.006949186325073242;0.008528947830200195;1692439606.817432
request;521;1692439606.830713
request;522;1692439606.846562
result;519;[3];0.0014998912811279297;0.0008559226989746094;0.003906965255737305;0.00751495361328125;0.009029865264892578;1692439606.849352
request;523;1692439606.878639
result;520;[3];0.0015590190887451172;0.0009150505065917969;0.004488945007324219;0.00867605209350586;0.010477066040039062;1692439606.881526
result;521;[3];0.0028820037841796875;0.004203081130981445;0.004483938217163086;0.012835025787353516;0.014505147933959961;1692439606.88254
request;524;1692439606.894135
result;522;[3];0.0013391971588134766;0.00020694732666015625;0.0039899349212646484;0.006726980209350586;0.008520841598510742;1692439606.897331
result;523;[3];0.0013930797576904297;0.0002048015594482422;0.003960132598876953;0.006723880767822266;0.007914066314697266;1692439606.929329
result;524;[3];0.0014050006866455078;0.0008509159088134766;0.003963947296142578;0.007393836975097656;0.009003162384033203;1692439606.94546
