request;0;1695642252.733499
request;1;1695642252.764935
request;2;1695642252.78014
request;3;1695642252.795567
result;0;-1;0.0007579326629638672;5.793571472167969e-05;0.0002300739288330078;0.0015170574188232422;1695642252.813056
request;4;1695642252.826081
result;1;-1;0.0006308555603027344;0.0004961490631103516;6.604194641113281e-05;0.0016679763793945312;1695642252.837056
request;5;1695642252.842162
result;2;-1;0.0007269382476806641;0.0009591579437255859;8.082389831542969e-05;0.0022721290588378906;1695642252.857055
request;6;1695642252.8579
request;7;1695642252.87401
result;3;-1;0.0006611347198486328;0.0004069805145263672;6.604194641113281e-05;0.0015041828155517578;1695642252.877503
request;8;1695642252.905058
result;4;-1;0.0007381439208984375;0.00011301040649414062;6.103515625e-05;0.0013120174407958984;1695642252.906323
result;5;-1;0.0012178421020507812;0.0007359981536865234;5.412101745605469e-05;0.002434968948364258;1695642252.909034
request;9;1695642252.921129
request;10;1695642252.936868
result;6;-1;0.0006539821624755859;0.00015306472778320312;7.796287536621094e-05;0.0014600753784179688;1695642252.945188
result;7;-1;0.0004360675811767578;0.0002789497375488281;5.91278076171875e-05;0.0010821819305419922;1695642252.946422
request;11;1695642252.967818
request;12;1695642252.983505
result;8;-1;0.0007729530334472656;0.0004999637603759766;6.914138793945312e-05;0.0018150806427001953;1695642252.984908
result;9;-1;0.0007078647613525391;0.0009379386901855469;7.700920104980469e-05;0.0021817684173583984;1695642252.997057
request;13;1695642252.999173
request;14;1695642253.015051
result;10;-1;0.0007469654083251953;0.00012111663818359375;7.486343383789062e-05;0.0013780593872070312;1695642253.025046
request;15;1695642253.046508
result;11;-1;0.000782012939453125;3.504753112792969e-05;6.794929504394531e-05;0.0013589859008789062;1695642253.053763
result;12;-1;0.0013568401336669922;0.0006120204925537109;6.508827209472656e-05;0.002391815185546875;1695642253.057145
request;16;1695642253.061807
request;17;1695642253.077269
result;13;-1;0.0007708072662353516;0.0001251697540283203;7.295608520507812e-05;0.0014147758483886719;1695642253.077269
result;14;-1;0.0006690025329589844;5.793571472167969e-05;9.703636169433594e-05;0.0013208389282226562;1695642253.084986
request;18;1695642253.108493
result;15;-1;0.0007388591766357422;5.1021575927734375e-05;7.700920104980469e-05;0.0013399124145507812;1695642253.117034
request;19;1695642253.124073
request;20;1695642253.139475
result;16;-1;0.0007541179656982422;0.0003440380096435547;6.985664367675781e-05;0.001644134521484375;1695642253.145057
request;21;1695642253.155098
result;17;-1;0.0007698535919189453;0.0009200572967529297;0.000102996826171875;0.0023908615112304688;1695642253.169095
request;22;1695642253.187112
result;18;-1;0.0008070468902587891;7.915496826171875e-05;7.700920104980469e-05;0.001722097396850586;1695642253.189407
result;19;-1;0.0018489360809326172;0.0006270408630371094;8.797645568847656e-05;0.0031168460845947266;1695642253.190623
request;23;1695642253.202125
result;20;-1;0.0006780624389648438;0.0005319118499755859;0.00010800361633300781;0.0017778873443603516;1695642253.213424
request;24;1695642253.217547
result;21;-1;0.0006721019744873047;0.0009360313415527344;7.486343383789062e-05;0.0021660327911376953;1695642253.229035
request;25;1695642253.248492
result;22;-1;0.0008141994476318359;0.0009248256683349609;8.0108642578125e-05;0.0023801326751708984;1695642253.257035
request;26;1695642253.263792
request;27;1695642253.279464
result;23;-1;0.0007550716400146484;0.0009229183197021484;0.000102996826171875;0.0022668838500976562;1695642253.281467
request;28;1695642253.295131
result;24;-1;0.0008590221405029297;0.0008728504180908203;9.799003601074219e-05;0.002382993698120117;1695642253.29721
result;26;-1;0.0008969306945800781;0.0006139278411865234;7.700920104980469e-05;0.0021309852600097656;1695642253.325405
request;29;1695642253.326409
result;25;-1;0.0007240772247314453;0.0011138916015625;1.811981201171875e-05;0.0024030208587646484;1695642253.326409
request;30;1695642253.342538
result;27;-1;0.0006868839263916016;0.0005640983581542969;6.4849853515625e-05;0.0017850399017333984;1695642253.357037
request;31;1695642253.358043
result;28;-1;0.0007338523864746094;0.0009191036224365234;7.510185241699219e-05;0.0021839141845703125;1695642253.368987
request;32;1695642253.389708
result;29;-1;0.000701904296875;0.0009388923645019531;8.20159912109375e-05;0.0022699832916259766;1695642253.401054
request;33;1695642253.405129
result;30;-1;0.0006868839263916016;0.00098419189453125;8.678436279296875e-05;0.002254009246826172;1695642253.417035
request;34;1695642253.421094
request;35;1695642253.436425
result;31;-1;0.0006649494171142578;0.0010218620300292969;9.417533874511719e-05;0.0023369789123535156;1695642253.441597
request;36;1695642253.467715
result;33;-1;0.0009520053863525391;0.0005819797515869141;7.200241088867188e-05;0.0021820068359375;1695642253.469445
result;32;-1;0.0007290840148925781;0.001107931137084961;1.6927719116210938e-05;0.002515077590942383;1695642253.470468
request;37;1695642253.483852
result;34;-1;0.0007920265197753906;0.0009150505065917969;8.392333984375e-05;0.0022890567779541016;1695642253.497154
request;38;1695642253.499271
request;39;1695642253.514925
result;35;-1;0.0008590221405029297;0.0004391670227050781;7.987022399902344e-05;0.0018641948699951172;1695642253.5176
result;36;-1;0.0006639957427978516;0.0009469985961914062;8.58306884765625e-05;0.0022230148315429688;1695642253.537036
request;40;1695642253.546111
request;41;1695642253.5617
result;37;-1;0.0007119178771972656;0.0005829334259033203;8.416175842285156e-05;0.0019049644470214844;1695642253.5617
request;42;1695642253.576938
result;39;-1;0.0009307861328125;0.00024819374084472656;7.081031799316406e-05;0.0016999244689941406;1695642253.577941
result;38;-1;0.0007309913635253906;0.0007951259613037109;1.7881393432617188e-05;0.001981019973754883;1695642253.577941
request;43;1695642253.608458
result;40;-1;0.0007140636444091797;0.0005359649658203125;7.319450378417969e-05;0.0017762184143066406;1695642253.617039
request;44;1695642253.62408
result;41;-1;0.0007128715515136719;0.0005371570587158203;7.700920104980469e-05;0.0018069744110107422;1695642253.632989
request;45;1695642253.64004
request;46;1695642253.655478
result;42;-1;0.0007791519165039062;0.00019097328186035156;8.392333984375e-05;0.0015320777893066406;1695642253.656963
request;47;1695642253.686017
result;44;-1;0.000782012939453125;3.790855407714844e-05;7.605552673339844e-05;0.0013821125030517578;1695642253.686017
result;43;-1;0.0006868839263916016;0.0006511211395263672;2.8848648071289062e-05;0.0019218921661376953;1695642253.687235
request;48;1695642253.701431
request;49;1695642253.716767
result;45;-1;0.0006439685821533203;0.0009520053863525391;8.511543273925781e-05;0.002125978469848633;1695642253.717837
result;46;-1;0.0006518363952636719;7.510185241699219e-05;6.699562072753906e-05;0.0012199878692626953;1695642253.725038
request;50;1695642253.748098
result;47;-1;0.0007050037384033203;0.0009469985961914062;7.891654968261719e-05;0.0021409988403320312;1695642253.757524
request;51;1695642253.763754
result;48;-1;0.0006940364837646484;0.0009300708770751953;7.796287536621094e-05;0.002123117446899414;1695642253.777215
request;52;1695642253.779337
request;53;1695642253.795097
result;49;-1;0.0007450580596923828;0.0006761550903320312;8.487701416015625e-05;0.0019822120666503906;1695642253.801616
request;54;1695642253.825231
result;51;-1;0.001001119613647461;0.0005898475646972656;8.20159912109375e-05;0.0023419857025146484;1695642253.826234
result;50;-1;0.0007607936859130859;0.0011591911315917969;2.09808349609375e-05;0.0025758743286132812;1695642253.826886
request;55;1695642253.84098
request;56;1695642253.856152
result;53;-1;0.0010650157928466797;0.0004870891571044922;7.987022399902344e-05;0.002213001251220703;1695642253.857156
result;52;-1;0.0007431507110595703;0.001107931137084961;2.8133392333984375e-05;0.0024662017822265625;1695642253.858154
request;57;1695642253.887395
result;54;-1;0.0008330345153808594;0.0005481243133544922;6.985664367675781e-05;0.001909017562866211;1695642253.897055
request;58;1695642253.903158
request;59;1695642253.91871
result;55;-1;0.0006511211395263672;0.00011205673217773438;7.200241088867188e-05;0.0011980533599853516;1695642253.929036
request;60;1695642253.933839
result;56;-1;0.0006439685821533203;0.0010311603546142578;0.00010895729064941406;0.002299070358276367;1695642253.93704
request;61;1695642253.964783
result;58;-1;0.0007960796356201172;0.0006499290466308594;7.295608520507812e-05;0.0020041465759277344;1695642253.965789
result;57;-1;0.0006279945373535156;0.0011150836944580078;1.6927719116210938e-05;0.0022249221801757812;1695642253.969017
request;62;1695642253.980419
result;60;-1;0.001010894775390625;0.0004940032958984375;6.794929504394531e-05;0.0020627975463867188;1695642253.992958
request;63;1695642253.996088
result;59;-1;0.00074005126953125;0.0010499954223632812;1.811981201171875e-05;0.002287149429321289;1695642253.997497
request;64;1695642254.02739
result;61;-1;0.0006761550903320312;0.0009219646453857422;6.794929504394531e-05;0.0020911693572998047;1695642254.037598
request;65;1695642254.042987
request;66;1695642254.057926
result;62;-1;0.0006480216979980469;0.0009260177612304688;7.009506225585938e-05;0.0021209716796875;1695642254.069044
result;63;-1;0.0006740093231201172;0.0004010200500488281;9.298324584960938e-05;0.0016109943389892578;1695642254.077247
request;67;1695642254.088631
request;68;1695642254.103987
result;64;-1;0.00061798095703125;4.1961669921875e-05;8.296966552734375e-05;0.0011610984802246094;1695642254.105311
result;65;-1;0.0012161731719970703;0.0005970001220703125;7.987022399902344e-05;0.0022640228271484375;1695642254.109021
request;69;1695642254.120101
request;70;1695642254.135317
result;66;-1;0.0006399154663085938;0.0002930164337158203;8.106231689453125e-05;0.0014429092407226562;1695642254.136961
result;67;-1;0.0006380081176757812;0.0009508132934570312;8.106231689453125e-05;0.0021669864654541016;1695642254.161622
request;71;1695642254.167071
result;68;-1;0.0006430149078369141;0.0005888938903808594;7.009506225585938e-05;0.0018138885498046875;1695642254.176997
request;72;1695642254.181999
request;73;1695642254.198057
result;70;-1;0.0009720325469970703;0.0005600452423095703;7.295608520507812e-05;0.002218008041381836;1695642254.206139
result;69;-1;0.0007181167602539062;0.0011358261108398438;2.09808349609375e-05;0.0024509429931640625;1695642254.206764
request;74;1695642254.228801
request;75;1695642254.244037
result;71;-1;0.0007419586181640625;0.0005550384521484375;8.106231689453125e-05;0.001844167709350586;1695642254.244986
request;76;1695642254.259832
result;72;-1;0.0007641315460205078;0.0004868507385253906;7.414817810058594e-05;0.0018200874328613281;1695642254.260903
request;77;1695642254.275221
result;73;-1;0.0005979537963867188;8.893013000488281e-05;6.604194641113281e-05;0.0011370182037353516;1695642254.281085
result;74;-1;0.0009419918060302734;0.0009319782257080078;7.915496826171875e-05;0.002454042434692383;1695642254.305038
request;78;1695642254.30716
result;75;-1;0.0007581710815429688;0.0005459785461425781;9.202957153320312e-05;0.0019969940185546875;1695642254.317648
request;79;1695642254.323104
request;80;1695642254.338386
result;77;-1;0.0008862018585205078;0.0002930164337158203;6.699562072753906e-05;0.001730203628540039;1695642254.345214
result;76;-1;0.0006530284881591797;0.0008139610290527344;2.5987625122070312e-05;0.0020461082458496094;1695642254.346431
request;81;1695642254.36972
result;78;-1;0.0006771087646484375;0.0002930164337158203;8.487701416015625e-05;0.0014989376068115234;1695642254.376998
request;82;1695642254.385433
result;79;-1;0.0006971359252929688;0.0002830028533935547;7.390975952148438e-05;0.0014929771423339844;1695642254.389546
request;83;1695642254.401052
request;84;1695642254.416715
result;80;-1;0.0007050037384033203;0.0005190372467041016;7.390975952148438e-05;0.0017008781433105469;1695642254.417719
request;85;1695642254.448086
result;81;-1;0.0007741451263427734;0.0009229183197021484;6.604194641113281e-05;0.002206087112426758;1695642254.449358
result;82;-1;0.0007920265197753906;0.00016307830810546875;8.988380432128906e-05;0.0015251636505126953;1695642254.453062
request;86;1695642254.463655
result;83;-1;0.0007579326629638672;0.00021600723266601562;0.00011301040649414062;0.0015380382537841797;1695642254.477673
request;87;1695642254.478789
request;88;1695642254.494006
result;84;-1;0.0006499290466308594;0.00044417381286621094;7.796287536621094e-05;0.0015599727630615234;1695642254.497061
request;89;1695642254.525067
result;85;-1;0.0007109642028808594;0.0006110668182373047;0.000102996826171875;0.001967906951904297;1695642254.526072
request;90;1695642254.540718
result;86;-1;0.0007500648498535156;0.0004820823669433594;8.58306884765625e-05;0.0017769336700439453;1695642254.545039
request;91;1695642254.556094
result;87;-1;0.0007109642028808594;5.1975250244140625e-05;8.0108642578125e-05;0.0012450218200683594;1695642254.561193
result;88;-1;0.001226186752319336;0.0006628036499023438;7.319450378417969e-05;0.0023851394653320312;1695642254.562406
request;92;1695642254.58668
request;93;1695642254.602035
result;89;-1;0.0006551742553710938;0.0009520053863525391;9.393692016601562e-05;0.002206087112426758;1695642254.605068
request;94;1695642254.617687
result;90;-1;0.0006799697875976562;0.000102996826171875;8.20159912109375e-05;0.0013151168823242188;1695642254.625365
result;91;-1;0.0006308555603027344;7.009506225585938e-05;6.890296936035156e-05;0.0011408329010009766;1695642254.626777
request;95;1695642254.64906
request;96;1695642254.664697
result;92;-1;0.0013060569763183594;0.00020885467529296875;8.702278137207031e-05;0.0021910667419433594;1695642254.665704
result;93;-1;0.0020928382873535156;0.0005691051483154297;6.508827209472656e-05;0.003159046173095703;1695642254.66904
request;97;1695642254.680361
request;98;1695642254.696039
result;94;-1;0.0008139610290527344;6.604194641113281e-05;8.797645568847656e-05;0.0014469623565673828;1695642254.697419
request;99;1695642254.727264
result;96;-1;0.0009069442749023438;0.0006289482116699219;8.702278137207031e-05;0.002221822738647461;1695642254.729264
result;95;-1;0.0007069110870361328;0.0011670589447021484;2.4080276489257812e-05;0.0025260448455810547;1695642254.730464
request;100;1695642254.742813
result;97;-1;0.0006749629974365234;0.0005748271942138672;7.700920104980469e-05;0.0017769336700439453;1695642254.745013
request;101;1695642254.758062
result;98;-1;0.0008890628814697266;0.00036406517028808594;7.104873657226562e-05;0.0018200874328613281;1695642254.773563
request;102;1695642254.788947
request;103;1695642254.804388
result;99;-1;0.0006878376007080078;0.0006031990051269531;8.58306884765625e-05;0.0018849372863769531;1695642254.805403
result;100;-1;0.000782012939453125;0.0004718303680419922;7.82012939453125e-05;0.0018630027770996094;1695642254.81304
request;104;1695642254.820502
request;105;1695642254.836395
result;101;-1;0.0007569789886474609;3.600120544433594e-05;7.414817810058594e-05;0.0014750957489013672;1695642254.837488
request;106;1695642254.86816
result;103;-1;0.0010330677032470703;0.00045299530029296875;7.104873657226562e-05;0.002056121826171875;1695642254.869689
result;102;-1;0.0007150173187255859;0.0010731220245361328;1.7881393432617188e-05;0.002299070358276367;1695642254.869689
request;107;1695642254.883626
result;104;-1;0.0006959438323974609;0.0009438991546630859;8.797645568847656e-05;0.0023000240325927734;1695642254.888946
request;108;1695642254.899185
result;105;-1;0.000720977783203125;3.1948089599609375e-05;6.318092346191406e-05;0.0012559890747070312;1695642254.908897
request;109;1695642254.915031
request;110;1695642254.948041
result;106;-1;0.0006690025329589844;0.0009930133819580078;8.296966552734375e-05;0.002249002456665039;1695642254.949335
result;107;-1;0.0007290840148925781;0.0009319782257080078;0.0001289844512939453;0.002346038818359375;1695642254.957064
request;111;1695642254.96302
result;109;-1;0.0009050369262695312;0.0005800724029541016;7.200241088867188e-05;0.002111196517944336;1695642254.977446
request;112;1695642254.978428
result;108;-1;0.0006859302520751953;0.0011050701141357422;1.7881393432617188e-05;0.0023589134216308594;1695642254.978428
request;113;1695642255.009427
result;110;-1;0.0007381439208984375;0.0005369186401367188;9.202957153320312e-05;0.0019021034240722656;1695642255.017153
request;114;1695642255.024733
result;111;-1;0.0007538795471191406;0.0005240440368652344;8.511543273925781e-05;0.0018739700317382812;1695642255.033042
request;115;1695642255.040089
request;116;1695642255.055335
result;112;-1;0.0007100105285644531;0.0005519390106201172;8.296966552734375e-05;0.0019040107727050781;1695642255.057569
request;117;1695642255.085945
result;114;-1;0.0008509159088134766;0.0005331039428710938;8.702278137207031e-05;0.0020449161529541016;1695642255.085945
result;113;-1;0.0007390975952148438;0.001171112060546875;2.6941299438476562e-05;0.002482175827026367;1695642255.086956
request;118;1695642255.101338
request;119;1695642255.116666
result;116;-1;0.0008602142333984375;0.0006527900695800781;8.106231689453125e-05;0.002164125442504883;1695642255.117668
result;115;-1;0.0006971359252929688;0.0011518001556396484;2.3126602172851562e-05;0.0024230480194091797;1695642255.120913
request;120;1695642255.148038
result;117;-1;0.0007009506225585938;0.0005769729614257812;9.489059448242188e-05;0.0018758773803710938;1695642255.161197
request;121;1695642255.164244
request;122;1695642255.178742
result;118;-1;0.000762939453125;0.0009739398956298828;0.00010514259338378906;0.002418041229248047;1695642255.185641
request;123;1695642255.193947
result;119;-1;0.0007660388946533203;0.0005090236663818359;7.295608520507812e-05;0.0018630027770996094;1695642255.201042
result;121;-1;0.0008699893951416016;0.0005960464477539062;8.487701416015625e-05;0.0021419525146484375;1695642255.225407
result;120;-1;0.0007150173187255859;0.0011241436004638672;2.6941299438476562e-05;0.0024499893188476562;1695642255.226749
request;124;1695642255.24019
request;125;1695642255.24019
request;126;1695642255.270656
result;123;-1;0.0010268688201904297;0.0017669200897216797;0.00014400482177734375;0.018484830856323242;1695642255.273898
result;122;-1;0.0006699562072753906;0.002502918243408203;3.409385681152344e-05;0.01873493194580078;1695642255.274545
request;127;1695642255.286306
request;128;1695642255.301991
request;129;1695642255.317577
result;125;-1;0.0010030269622802734;0.0004818439483642578;6.818771362304688e-05;0.002028942108154297;1695642255.317577
result;124;-1;0.0009770393371582031;0.0010840892791748047;1.8835067749023438e-05;0.0025539398193359375;1695642255.318588
result;126;-1;0.0007719993591308594;0.0009210109710693359;9.799003601074219e-05;0.0023560523986816406;1695642255.345149
request;130;1695642255.349198
result;127;-1;0.0007429122924804688;0.00028204917907714844;8.606910705566406e-05;0.0015859603881835938;1695642255.356992
request;131;1695642255.364644
result;128;-1;0.0008890628814697266;0.0008139610290527344;7.987022399902344e-05;0.002251863479614258;1695642255.377025
request;132;1695642255.380068
request;133;1695642255.39534
result;129;-1;0.0007469654083251953;9.202957153320312e-05;8.702278137207031e-05;0.0013110637664794922;1695642255.396868
result;131;-1;0.0009870529174804688;0.0005350112915039062;7.390975952148438e-05;0.0022161006927490234;1695642255.42532
request;134;1695642255.426324
result;130;-1;0.0007240772247314453;0.0011410713195800781;1.7881393432617188e-05;0.0025250911712646484;1695642255.426324
request;135;1695642255.441594
result;132;-1;0.0007488727569580078;0.00026917457580566406;7.486343383789062e-05;0.0017409324645996094;1695642255.448969
request;136;1695642255.457016
result;133;-1;0.0007798671722412109;0.00014209747314453125;8.487701416015625e-05;0.0014538764953613281;1695642255.465015
request;137;1695642255.488543
result;134;-1;0.0006990432739257812;0.0006198883056640625;7.915496826171875e-05;0.001920938491821289;1695642255.497041
request;138;1695642255.504086
result;135;-1;0.0007519721984863281;0.0005521774291992188;9.393692016601562e-05;0.0018990039825439453;1695642255.516994
request;139;1695642255.520035
request;140;1695642255.535335
result;136;-1;0.0006680488586425781;0.00096893310546875;8.20159912109375e-05;0.0022559165954589844;1695642255.541636
result;137;-1;0.0007040500640869141;0.0005779266357421875;7.605552673339844e-05;0.0018720626831054688;1695642255.557252
request;141;1695642255.566294
request;142;1695642255.58158
result;138;-1;0.0006690025329589844;0.0006220340728759766;9.894371032714844e-05;0.0019059181213378906;1695642255.585749
request;143;1695642255.596969
result;139;-1;0.0007658004760742188;0.0009419918060302734;9.012222290039062e-05;0.002324819564819336;1695642255.59798
result;140;-1;0.0006411075592041016;0.00011992454528808594;6.818771362304688e-05;0.0014290809631347656;1695642255.609546
request;144;1695642255.628343
request;145;1695642255.643961
result;141;-1;0.0006940364837646484;0.002235889434814453;0.00020003318786621094;0.003677845001220703;1695642255.650246
request;146;1695642255.659738
result;142;-1;0.0007278919219970703;0.0009119510650634766;8.20159912109375e-05;0.002279996871948242;1695642255.660715
request;147;1695642255.67472
result;143;-1;0.0006840229034423828;0.0009179115295410156;9.918212890625e-05;0.002187967300415039;1695642255.676947
result;144;-1;0.0006620883941650391;0.00011992454528808594;6.699562072753906e-05;0.0012309551239013672;1695642255.701598
request;148;1695642255.706091
result;145;-1;0.0006849765777587891;0.0009200572967529297;8.106231689453125e-05;0.002187967300415039;1695642255.717044
request;149;1695642255.722102
request;150;1695642255.737253
result;147;-1;0.0010828971862792969;0.00043010711669921875;0.00010204315185546875;0.002135038375854492;1695642255.738258
result;146;-1;0.0007359981536865234;0.0011310577392578125;1.9073486328125e-05;0.002402067184448242;1695642255.738868
request;151;1695642255.768622
result;148;-1;0.000720977783203125;0.0009720325469970703;9.584426879882812e-05;0.0022690296173095703;1695642255.776911
request;152;1695642255.783979
result;149;-1;0.0008368492126464844;0.0009551048278808594;9.107589721679688e-05;0.0023729801177978516;1695642255.797198
request;153;1695642255.799314
request;154;1695642255.814654
result;150;-1;0.0008268356323242188;0.0004210472106933594;8.0108642578125e-05;0.0017769336700439453;1695642255.817604
request;155;1695642255.845139
result;152;-1;0.0009000301361083984;0.0005650520324707031;8.893013000488281e-05;0.0020880699157714844;1695642255.845843
result;151;-1;0.0006649494171142578;0.0011310577392578125;2.7894973754882812e-05;0.0023310184478759766;1695642255.846725
request;156;1695642255.860626
request;157;1695642255.87609
result;154;-1;0.001055002212524414;0.0005180835723876953;7.700920104980469e-05;0.002162933349609375;1695642255.87746
result;153;-1;0.0007610321044921875;0.0011091232299804688;2.09808349609375e-05;0.002402067184448242;1695642255.87746
request;158;1695642255.907187
result;155;-1;0.000720977783203125;3.886222839355469e-05;7.009506225585938e-05;0.0012149810791015625;1695642255.917044
request;159;1695642255.923092
result;156;-1;0.0007319450378417969;3.3855438232421875e-05;0.0002830028533935547;0.0015668869018554688;1695642255.929601
request;160;1695642255.939231
result;157;-1;0.0007798671722412109;0.0009241104125976562;9.083747863769531e-05;0.002241849899291992;1695642255.945169
request;161;1695642255.955217
result;159;-1;0.0009069442749023438;0.0005850791931152344;8.797645568847656e-05;0.002162933349609375;1695642255.986255
request;162;1695642255.986255
result;158;-1;0.0007119178771972656;0.0011339187622070312;4.410743713378906e-05;0.0023908615112304688;1695642255.987262
request;163;1695642256.001463
request;164;1695642256.017121
result;161;-1;0.0009210109710693359;0.0005619525909423828;7.700920104980469e-05;0.002089977264404297;1695642256.018127
result;160;-1;0.0006930828094482422;0.0011069774627685547;1.6927719116210938e-05;0.0023391246795654297;1695642256.018127
request;165;1695642256.047981
result;162;-1;0.0010800361633300781;0.0009789466857910156;9.489059448242188e-05;0.0026519298553466797;1695642256.057609
request;166;1695642256.063601
result;163;-1;0.0006990432739257812;0.0009341239929199219;0.00011587142944335938;0.002287149429321289;1695642256.073046
request;167;1695642256.079261
request;168;1695642256.094939
result;164;-1;0.0008409023284912109;0.0009429454803466797;0.00010204315185546875;0.0023488998413085938;1695642256.097045
request;169;1695642256.125977
result;166;-1;0.0009369850158691406;0.0005660057067871094;7.295608520507812e-05;0.0021278858184814453;1695642256.129376
result;165;-1;0.0007121562957763672;0.0011169910430908203;2.8848648071289062e-05;0.002382993698120117;1695642256.130581
request;170;1695642256.141887
request;171;1695642256.157141
result;167;-1;0.0007169246673583984;0.0010309219360351562;0.0001010894775390625;0.0023560523986816406;1695642256.158122
result;168;-1;0.0025229454040527344;0.0005629062652587891;9.322166442871094e-05;0.0037059783935546875;1695642256.161517
request;172;1695642256.187532
result;169;-1;0.0008800029754638672;0.0009329319000244141;9.608268737792969e-05;0.0025038719177246094;1695642256.197004
request;173;1695642256.203004
result;170;-1;0.0007138252258300781;0.0005631446838378906;0.00011301040649414062;0.0018908977508544922;1695642256.217073
request;174;1695642256.219198
request;175;1695642256.234528
result;171;-1;0.000701904296875;0.0009520053863525391;9.107589721679688e-05;0.0022590160369873047;1695642256.236968
request;176;1695642256.265503
result;173;-1;0.0008690357208251953;3.0994415283203125e-05;6.580352783203125e-05;0.0015158653259277344;1695642256.277445
result;172;-1;0.0006139278411865234;0.0005750656127929688;1.7881393432617188e-05;0.0017528533935546875;1695642256.278468
request;177;1695642256.2816
request;178;1695642256.296917
result;175;-1;0.0009450912475585938;0.0005791187286376953;8.20159912109375e-05;0.0021131038665771484;1695642256.297922
result;174;-1;0.000682830810546875;0.0011742115020751953;1.9788742065429688e-05;0.002415895462036133;1695642256.298411
request;179;1695642256.327244
result;176;-1;0.0007150173187255859;9.417533874511719e-05;7.390975952148438e-05;0.0013110637664794922;1695642256.337599
request;180;1695642256.342982
result;177;-1;0.0006499290466308594;0.0006101131439208984;8.988380432128906e-05;0.00185394287109375;1695642256.357898
request;181;1695642256.357898
result;178;-1;0.000904083251953125;0.0003819465637207031;0.00010395050048828125;0.0019321441650390625;1695642256.377565
request;182;1695642256.388782
request;183;1695642256.404185
result;180;-1;0.0009551048278808594;0.0005679130554199219;7.891654968261719e-05;0.0021638870239257812;1695642256.405238
result;179;-1;0.0007159709930419922;0.0011210441589355469;3.1948089599609375e-05;0.0024280548095703125;1695642256.409045
request;184;1695642256.420156
request;185;1695642256.435582
result;181;-1;0.0006639957427978516;7.081031799316406e-05;6.508827209472656e-05;0.0011489391326904297;1695642256.436953
result;182;-1;0.0006749629974365234;0.00010395050048828125;7.915496826171875e-05;0.001219034194946289;1695642256.465474
request;186;1695642256.466288
result;183;-1;0.0011072158813476562;0.0007219314575195312;5.1975250244140625e-05;0.002129077911376953;1695642256.4673
request;187;1695642256.48199
result;184;-1;0.0007560253143310547;0.0009031295776367188;8.988380432128906e-05;0.0022330284118652344;1695642256.489608
request;188;1695642256.497392
result;185;-1;0.0006699562072753906;0.0009260177612304688;8.0108642578125e-05;0.0021419525146484375;1695642256.505045
request;189;1695642256.528287
result;186;-1;0.0006611347198486328;0.0005888938903808594;7.390975952148438e-05;0.0017261505126953125;1695642256.537514
request;190;1695642256.543636
result;187;-1;0.0009069442749023438;0.0003368854522705078;7.104873657226562e-05;0.0017650127410888672;1695642256.557157
request;191;1695642256.559274
request;192;1695642256.574603
result;188;-1;0.0007350444793701172;4.291534423828125e-05;7.200241088867188e-05;0.0013110637664794922;1695642256.577106
result;189;-1;0.0006580352783203125;0.0009598731994628906;8.916854858398438e-05;0.002271890640258789;1695642256.593735
request;193;1695642256.605406
request;194;1695642256.620691
result;190;-1;0.0006630420684814453;8.392333984375e-05;7.510185241699219e-05;0.0012111663818359375;1695642256.621772
request;195;1695642256.636175
result;192;-1;0.0007541179656982422;0.0013689994812011719;0.00014495849609375;0.002847909927368164;1695642256.641175
result;191;-1;0.0006110668182373047;0.0019080638885498047;2.193450927734375e-05;0.0031099319458007812;1695642256.642406
request;196;1695642256.669562
result;193;-1;0.0006239414215087891;0.00011706352233886719;8.392333984375e-05;0.0012810230255126953;1695642256.677045
request;197;1695642256.685345
result;194;-1;0.0006611347198486328;0.0005748271942138672;7.009506225585938e-05;0.001728057861328125;1695642256.693777
request;198;1695642256.7009
result;195;-1;0.0006668567657470703;0.0005700588226318359;9.012222290039062e-05;0.0017819404602050781;1695642256.705047
request;199;1695642256.716557
result;196;-1;0.0006639957427978516;0.00057220458984375;7.581710815429688e-05;0.0017240047454833984;1695642256.737005
request;200;1695642256.747802
result;197;-1;0.0007488727569580078;0.0009419918060302734;8.0108642578125e-05;0.002209901809692383;1695642256.75682
request;201;1695642256.763767
result;198;-1;0.0007560253143310547;0.0005300045013427734;6.914138793945312e-05;0.0018610954284667969;1695642256.777005
request;202;1695642256.779081
request;203;1695642256.794795
result;199;-1;0.0007419586181640625;0.0009360313415527344;7.987022399902344e-05;0.0022039413452148438;1695642256.796969
result;200;-1;0.0007290840148925781;0.0009520053863525391;9.393692016601562e-05;0.0022509098052978516;1695642256.820785
request;204;1695642256.825899
request;205;1695642256.841164
result;201;-1;0.0006580352783203125;0.0009229183197021484;7.295608520507812e-05;0.002048015594482422;1695642256.845005
request;206;1695642256.857012
result;202;-1;0.0006780624389648438;0.00013399124145507812;7.796287536621094e-05;0.0013251304626464844;1695642256.858015
result;203;-1;0.0012230873107910156;0.0007669925689697266;6.4849853515625e-05;0.0023839473724365234;1695642256.858701
request;207;1695642256.887718
result;204;-1;0.0007419586181640625;0.0009291172027587891;8.296966552734375e-05;0.0022079944610595703;1695642256.901176
request;208;1695642256.903293
result;205;-1;0.0007100105285644531;3.600120544433594e-05;6.4849853515625e-05;0.0012078285217285156;1695642256.913607
request;209;1695642256.919073
request;210;1695642256.934213
result;206;-1;0.0006461143493652344;0.0009338855743408203;8.511543273925781e-05;0.0020852088928222656;1695642256.93702
request;211;1695642256.96551
result;207;-1;0.0006718635559082031;9.202957153320312e-05;6.699562072753906e-05;0.0013580322265625;1695642256.96551
result;208;-1;0.0014469623565673828;0.00041103363037109375;5.698204040527344e-05;0.002228975296020508;1695642256.966533
request;212;1695642256.981229
request;213;1695642256.996904
result;210;-1;0.0009388923645019531;0.0005769729614257812;9.918212890625e-05;0.0021920204162597656;1695642257.001831
result;209;-1;0.0006899833679199219;0.0011801719665527344;2.8848648071289062e-05;0.00244903564453125;1695642257.002488
request;214;1695642257.0272
result;211;-1;0.000682830810546875;0.0005841255187988281;9.799003601074219e-05;0.0018548965454101562;1695642257.037607
request;215;1695642257.042996
result;212;-1;0.0009970664978027344;0.0009379386901855469;0.00010895729064941406;0.002624034881591797;1695642257.057026
request;216;1695642257.057962
result;213;-1;0.0008630752563476562;0.0009210109710693359;9.393692016601562e-05;0.002378225326538086;1695642257.077599
request;217;1695642257.089081
request;218;1695642257.104863
result;215;-1;0.0013878345489501953;0.00028705596923828125;6.413459777832031e-05;0.0023000240325927734;1695642257.105866
result;214;-1;0.0008640289306640625;0.0010800361633300781;1.6927719116210938e-05;0.002526998519897461;1695642257.106869
request;219;1695642257.120529
request;220;1695642257.136196
result;216;-1;0.0006630420684814453;0.0005769729614257812;6.4849853515625e-05;0.0016939640045166016;1695642257.137199
result;217;-1;0.0007240772247314453;0.00014090538024902344;7.200241088867188e-05;0.0013720989227294922;1695642257.161713
request;221;1695642257.167208
result;218;-1;0.0007569789886474609;0.0004901885986328125;7.581710815429688e-05;0.0017631053924560547;1695642257.177046
request;222;1695642257.182631
result;219;-1;0.0007078647613525391;4.410743713378906e-05;7.605552673339844e-05;0.001352071762084961;1695642257.19702
request;223;1695642257.198061
result;220;-1;0.0007061958312988281;7.390975952148438e-05;8.0108642578125e-05;0.0014410018920898438;1695642257.217047
request;224;1695642257.229317
result;221;-1;0.0007648468017578125;0.0008990764617919922;7.200241088867188e-05;0.002168893814086914;1695642257.237596
request;225;1695642257.244857
result;222;-1;0.0006330013275146484;0.0009329319000244141;7.987022399902344e-05;0.002115964889526367;1695642257.257608
request;226;1695642257.260062
request;227;1695642257.275997
result;223;-1;0.000640869140625;0.0009541511535644531;8.487701416015625e-05;0.0021228790283203125;1695642257.277117
request;228;1695642257.307284
result;225;[2];0.0009851455688476562;0.0005509853363037109;0.003780841827392578;0.0059909820556640625;1695642257.313155
result;224;[2];0.0007250308990478516;0.004878997802734375;0.0015039443969726562;0.007517099380493164;1695642257.314368
request;229;1695642257.322812
result;226;[2];0.0007288455963134766;0.0001480579376220703;0.0010759830474853516;0.0023658275604248047;1695642257.325001
request;230;1695642257.338126
result;227;[2];0.000698089599609375;0.0005369186401367188;0.0013170242309570312;0.003056049346923828;1695642257.349576
request;231;1695642257.369509
request;232;1695642257.385138
result;228;[3];0.0007140636444091797;0.0005440711975097656;0.0011699199676513672;0.002936124801635742;1695642257.389
result;229;[3];0.0007159709930419922;0.0009610652923583984;0.001394033432006836;0.0035948753356933594;1695642257.397713
request;233;1695642257.401124
request;234;1695642257.416139
result;230;[3];0.0007648468017578125;3.218650817871094e-05;0.0011599063873291016;0.002418041229248047;1695642257.41712
result;231;[3];0.0008020401000976562;0.0004661083221435547;0.001077890396118164;0.0028650760650634766;1695642257.441646
request;235;1695642257.44783
result;232;[3];0.0007350444793701172;0.0009410381317138672;0.00156402587890625;0.0037920475006103516;1695642257.461047
request;236;1695642257.46317
request;237;1695642257.478586
result;233;[3];0.0007469654083251953;0.000576019287109375;0.0010559558868408203;0.002869129180908203;1695642257.48505
request;238;1695642257.493785
result;234;[3];0.0006961822509765625;0.0009558200836181641;0.0011801719665527344;0.0033521652221679688;1695642257.501048
result;235;[3];0.0007729530334472656;0.0009050369262695312;0.001077890396118164;0.0033109188079833984;1695642257.521715
request;239;1695642257.525212
result;236;[3];0.0007548332214355469;0.0009000301361083984;0.0012111663818359375;0.0034160614013671875;1695642257.536981
request;240;1695642257.541025
request;241;1695642257.555825
result;238;[0];0.0008280277252197266;2.288818359375e-05;0.0011210441589355469;0.002969026565551758;1695642257.557395
result;237;[0];0.0006711483001708984;0.0015769004821777344;0.0012631416320800781;0.0038809776306152344;1695642257.561021
request;242;1695642257.586471
result;239;[0];0.0006661415100097656;0.0005409717559814453;0.0010898113250732422;0.002910137176513672;1695642257.601733
request;243;1695642257.601733
request;244;1695642257.61706
result;240;[0];0.0006570816040039062;0.000946044921875;0.0016379356384277344;0.0037550926208496094;1695642257.621074
result;241;[0];0.0007691383361816406;0.0016999244689941406;0.0011410713195800781;0.004103183746337891;1695642257.641616
request;245;1695642257.648364
request;246;1695642257.663494
result;243;[0];0.0009059906005859375;0.00055694580078125;0.001249074935913086;0.004148006439208984;1695642257.669705
result;242;[0];0.0007259845733642578;0.002274036407470703;0.0007920265197753906;0.004443168640136719;1695642257.670408
request;247;1695642257.679114
request;248;1695642257.694767
result;244;[0];0.0009400844573974609;0.0009350776672363281;0.0016238689422607422;0.004152059555053711;1695642257.697608
result;245;[0];0.0007760524749755859;0.0008978843688964844;0.0012040138244628906;0.003339052200317383;1695642257.717028
request;249;1695642257.726002
request;250;1695642257.74205
result;246;[0];0.0007388591766357422;0.0005130767822265625;0.0011730194091796875;0.002942800521850586;1695642257.745562
request;251;1695642257.757575
result;247;[0];0.0006701946258544922;9.584426879882812e-05;0.0010881423950195312;0.002331972122192383;1695642257.757575
result;248;[0];0.0014979839324951172;0.00010418891906738281;0.0013759136199951172;0.0035130977630615234;1695642257.769053
request;252;1695642257.788837
result;249;[0];0.0007340908050537109;9.298324584960938e-05;0.00109100341796875;0.002382040023803711;1695642257.79705
request;253;1695642257.804092
result;250;[0];0.0006289482116699219;0.00013494491577148438;0.00127410888671875;0.002638101577758789;1695642257.817049
request;254;1695642257.820066
request;255;1695642257.836208
result;251;[0];0.0006561279296875;0.0009319782257080078;0.0011188983917236328;0.0033419132232666016;1695642257.841027
request;256;1695642257.867425
result;252;[1];0.0007078647613525391;0.00027298927307128906;0.0012001991271972656;0.002900838851928711;1695642257.873826
result;253;[1];0.0011169910430908203;0.001071929931640625;0.0013871192932128906;0.003921031951904297;1695642257.873826
request;257;1695642257.883081
result;254;[1];0.0006260871887207031;0.00011301040649414062;0.0012359619140625;0.0025000572204589844;1695642257.897049
request;258;1695642257.898056
result;255;[1];0.0007112026214599609;0.0009157657623291016;0.001522064208984375;0.0037081241607666016;1695642257.921005
request;259;1695642257.929145
request;260;1695642257.94481
result;256;[1];0.0006668567657470703;0.0009279251098632812;0.0010671615600585938;0.003209829330444336;1695642257.949719
result;257;[1];0.0005459785461425781;0.00027298927307128906;0.0011830329895019531;0.0023970603942871094;1695642257.953155
request;261;1695642257.960161
request;262;1695642257.976007
result;258;[1];0.0006170272827148438;0.000164031982421875;0.0011439323425292969;0.0024290084838867188;1695642257.976995
request;263;1695642258.007136
result;260;[1];0.0004899501800537109;7.605552673339844e-05;0.001363992691040039;0.0032548904418945312;1695642258.009229
result;259;[1];0.0005841255187988281;0.001962900161743164;0.0007059574127197266;0.0038700103759765625;1695642258.010234
request;264;1695642258.022493
result;261;[1];0.0006430149078369141;0.0005271434783935547;0.0012018680572509766;0.002880096435546875;1695642258.037005
request;265;1695642258.038021
result;262;[1];0.0006170272827148438;0.0009438991546630859;0.0013890266418457031;0.0035469532012939453;1695642258.053703
request;266;1695642258.068836
result;263;[1];0.0007939338684082031;0.00043201446533203125;0.0013270378112792969;0.0030977725982666016;1695642258.089585
result;264;[1];0.0006279945373535156;0.0009448528289794922;0.0013320446014404297;0.003423929214477539;1695642258.097048
request;267;1695642258.100098
request;268;1695642258.100098
result;265;[1];0.0005788803100585938;0.00039505958557128906;0.0012731552124023438;0.002808094024658203;1695642258.12105
request;269;1695642258.131124
request;270;1695642258.146832
result;266;[2];0.0007290840148925781;0.0001220703125;0.0011248588562011719;0.0024361610412597656;1695642258.149562
request;271;1695642258.16249
result;267;[2];0.0007259845733642578;0.00011897087097167969;0.001199960708618164;0.002504110336303711;1695642258.177074
request;272;1695642258.178064
result;268;[2];0.0005860328674316406;0.0009648799896240234;0.0010280609130859375;0.0029289722442626953;1695642258.185348
request;273;1695642258.208626
result;269;[2];0.0006470680236816406;0.0009391307830810547;0.0010428428649902344;0.003197193145751953;1695642258.209629
request;274;1695642258.224093
result;271;[2];0.0004010200500488281;0.0001671314239501953;0.0011038780212402344;0.002927064895629883;1695642258.229737
result;270;[2];0.0006399154663085938;0.0017130374908447266;0.0007030963897705078;0.0036420822143554688;1695642258.230375
request;275;1695642258.239744
result;272;[2];0.0006139278411865234;0.00020503997802734375;0.0011310577392578125;0.0024750232696533203;1695642258.249023
request;276;1695642258.255078
request;277;1695642258.286645
result;273;[2];0.0007028579711914062;0.000102996826171875;0.0011219978332519531;0.0025568008422851562;1695642258.293075
result;274;[2];0.0007379055023193359;0.000904083251953125;0.0016260147094726562;0.0038678646087646484;1695642258.301
request;278;1695642258.301999
request;279;1695642258.317407
result;276;[2];0.0004990100860595703;0.0005428791046142578;0.0011589527130126953;0.0034089088439941406;1695642258.321299
result;275;[2];0.0006701946258544922;0.002179861068725586;0.0006320476531982422;0.004113197326660156;1695642258.32252
request;280;1695642258.348817
result;277;[2];0.0006380081176757812;0.00010609626770019531;0.0012230873107910156;0.0024411678314208984;1695642258.357052
request;281;1695642258.36444
request;282;1695642258.379506
result;278;[3];0.0006258487701416016;0.0005831718444824219;0.00102996826171875;0.0026879310607910156;1695642258.381457
request;283;1695642258.394775
result;279;[3];0.0005900859832763672;0.0003769397735595703;0.0011301040649414062;0.002576112747192383;1695642258.40505
request;284;1695642258.425309
result;281;[3];0.0005230903625488281;0.0005040168762207031;0.00113677978515625;0.0028619766235351562;1695642258.433754
result;280;[3];0.0007359981536865234;0.002167940139770508;0.0010209083557128906;0.004280805587768555;1695642258.434394
request;285;1695642258.440802
request;286;1695642258.456076
result;282;[3];0.0014679431915283203;0.0001590251922607422;0.0015559196472167969;0.003713846206665039;1695642258.457564
result;283;[3];0.003821134567260742;0.00039386749267578125;0.0011761188507080078;0.0058441162109375;1695642258.461051
request;287;1695642258.487965
result;284;[3];0.0008471012115478516;0.0009350776672363281;0.0012118816375732422;0.003522157669067383;1695642258.497112
request;288;1695642258.504157
request;289;1695642258.518769
result;285;[3];0.0007488727569580078;0.00045609474182128906;0.001435995101928711;0.003175020217895508;1695642258.529029
request;290;1695642258.534078
result;286;[3];0.0007350444793701172;0.0008859634399414062;0.0010600090026855469;0.003219127655029297;1695642258.541584
request;291;1695642258.565456
result;287;[3];0.0007109642028808594;0.00010609626770019531;0.0012629032135009766;0.0025680065155029297;1695642258.569637
result;288;[3];0.0007889270782470703;3.314018249511719e-05;0.0012748241424560547;0.0027399063110351562;1695642258.577026
request;292;1695642258.58107
request;293;1695642258.596764
result;289;[3];0.0007190704345703125;0.00015282630920410156;0.0015711784362792969;0.0029969215393066406;1695642258.597402
result;290;[3];0.002722024917602539;0.0008101463317871094;0.0009508132934570312;0.0049440860748291016;1695642258.601026
request;294;1695642258.628144
result;291;[3];0.0006411075592041016;0.0006129741668701172;0.0011069774627685547;0.0029141902923583984;1695642258.63718
request;295;1695642258.643708
result;292;[3];0.0007071495056152344;0.0005419254302978516;0.001046895980834961;0.0027570724487304688;1695642258.657615
request;296;1695642258.659616
request;297;1695642258.675502
result;293;[3];0.0006899833679199219;0.0009140968322753906;0.0011990070343017578;0.003451108932495117;1695642258.688927
result;294;[3];0.0007078647613525391;0.0009579658508300781;0.0014231204986572266;0.0035588741302490234;1695642258.705054
request;298;1695642258.707175
request;299;1695642258.722434
result;295;[3];0.0008270740509033203;0.00043392181396484375;0.0011069774627685547;0.002814054489135742;1695642258.725009
result;296;[0];0.0007050037384033203;0.0001010894775390625;0.0010650157928466797;0.0023279190063476562;1695642258.737056
request;300;1695642258.738037
result;297;[0];0.0007228851318359375;9.799003601074219e-05;0.0010881423950195312;0.002393007278442383;1695642258.761053
request;301;1695642258.769106
result;298;[0];0.0007588863372802734;0.0004961490631103516;0.0011169910430908203;0.0028350353240966797;1695642258.777612
request;302;1695642258.785059
request;303;1695642258.800104
result;299;[0];0.0006639957427978516;0.0005791187286376953;0.0012459754943847656;0.002988100051879883;1695642258.801002
request;304;1695642258.815416
result;300;[0];0.0007929801940917969;0.0009338855743408203;0.001049041748046875;0.0032219886779785156;1695642258.833026
request;305;1695642258.835033
result;301;[0];0.000698089599609375;3.0994415283203125e-05;0.0011219978332519531;0.002315044403076172;1695642258.837053
result;302;[0];0.0006878376007080078;0.0005900859832763672;0.0010349750518798828;0.002766847610473633;1695642258.857765
request;306;1695642258.880044
request;307;1695642258.880044
result;303;[0];0.0006420612335205078;0.00010585784912109375;0.001043081283569336;0.0022270679473876953;1695642258.88105
result;304;[0];0.0008559226989746094;0.0003960132598876953;0.0010628700256347656;0.0027658939361572266;1695642258.885738
request;308;1695642258.895677
result;305;[0];0.0006949901580810547;0.0005869865417480469;0.0014200210571289062;0.003125905990600586;1695642258.909179
request;309;1695642258.927067
request;310;1695642258.942568
request;311;1695642258.958198
result;307;[0];0.00102996826171875;0.0004951953887939453;0.0012559890747070312;0.004189014434814453;1695642258.961409
result;306;[0];0.0007200241088867188;0.0022978782653808594;0.0008120536804199219;0.004436969757080078;1695642258.962432
result;308;[0];0.0008549690246582031;0.0009639263153076172;0.0011301040649414062;0.003470897674560547;1695642258.973005
request;312;1695642258.989649
request;313;1695642259.005317
result;310;[0];0.0010118484497070312;0.000492095947265625;0.0015349388122558594;0.004330873489379883;1695642259.013276
result;309;[0];0.0007560253143310547;0.002569913864135742;0.0007081031799316406;0.004589080810546875;1695642259.014518
request;314;1695642259.020465
request;315;1695642259.036066
result;311;[1];0.0007979869842529297;0.0009570121765136719;0.0011570453643798828;0.00350189208984375;1695642259.041055
result;312;[1];0.0006878376007080078;0.0009431838989257812;0.0012428760528564453;0.0033729076385498047;1695642259.061724
request;316;1695642259.067211
result;313;[1];0.0006999969482421875;0.0009508132934570312;0.0012440681457519531;0.0034220218658447266;1695642259.077082
request;317;1695642259.083124
result;314;[1];0.0007100105285644531;0.0009469985961914062;0.0010900497436523438;0.003317117691040039;1695642259.097027
request;318;1695642259.099175
request;319;1695642259.114422
result;315;[1];0.0008158683776855469;0.0009191036224365234;0.0013339519500732422;0.003556966781616211;1695642259.117007
result;316;[1];0.0007009506225585938;0.0005609989166259766;0.00127410888671875;0.0030629634857177734;1695642259.141627
request;320;1695642259.145706
result;317;[1];0.0006539821624755859;9.584426879882812e-05;0.0010251998901367188;0.0021729469299316406;1695642259.157164
request;321;1695642259.161378
request;322;1695642259.17704
result;319;[1];0.0009729862213134766;0.00049591064453125;0.0013730525970458984;0.0042989253997802734;1695642259.181233
result;318;[1];0.0006821155548095703;0.002405881881713867;0.0007839202880859375;0.004550933837890625;1695642259.182453
request;323;1695642259.208617
result;320;[1];0.0006680488586425781;0.0005869865417480469;0.0010399818420410156;0.002711057662963867;1695642259.217587
request;324;1695642259.224074
request;325;1695642259.239042
result;321;[1];0.0006380081176757812;0.0005910396575927734;0.001033782958984375;0.0026879310607910156;1695642259.241008
request;326;1695642259.254711
result;322;[1];0.0006361007690429688;0.0015869140625;0.0011382102966308594;0.021296024322509766;1695642259.281179
request;327;1695642259.28642
result;324;[1];0.001087188720703125;0.00048089027404785156;0.0011639595031738281;0.004106044769287109;1695642259.293675
result;323;[1];0.0007679462432861328;0.0022029876708984375;0.0007839202880859375;0.004361867904663086;1695642259.294313
request;328;1695642259.301732
request;329;1695642259.317939
result;326;[1];0.0011069774627685547;0.00047588348388671875;0.0012061595916748047;0.0040340423583984375;1695642259.329232
result;325;[2];0.0007789134979248047;0.0022499561309814453;0.0006561279296875;0.004307985305786133;1695642259.330457
request;330;1695642259.348717
request;331;1695642259.364399
result;327;[2];0.0007290840148925781;0.0005078315734863281;0.0010390281677246094;0.0026938915252685547;1695642259.369027
result;328;[2];0.0006611347198486328;0.0005788803100585938;0.0012240409851074219;0.0029180049896240234;1695642259.377585
request;332;1695642259.380079
request;333;1695642259.395034
result;329;[2];0.0006999969482421875;0.0009489059448242188;0.001068115234375;0.003222942352294922;1695642259.401055
result;330;[2];0.0006928443908691406;0.0009350776672363281;0.0011401176452636719;0.0032989978790283203;1695642259.421723
request;334;1695642259.426107
request;335;1695642259.441138
result;331;[2];0.0007479190826416016;0.0005099773406982422;0.0012340545654296875;0.0029709339141845703;1695642259.44214
request;336;1695642259.45626
result;332;[2];0.0006670951843261719;0.00013589859008789062;0.0011129379272460938;0.002507925033569336;1695642259.469726
result;333;[2];0.00096893310546875;0.0009369850158691406;0.001096963882446289;0.0035588741302490234;1695642259.470369
request;337;1695642259.487039
result;334;[2];0.0008029937744140625;0.0009090900421142578;0.001750946044921875;0.004086971282958984;1695642259.501056
request;338;1695642259.503179
request;339;1695642259.518706
result;335;[2];0.000743865966796875;0.0009021759033203125;0.0012018680572509766;0.003361940383911133;1695642259.529028
request;340;1695642259.53407
result;336;[2];0.0006890296936035156;0.000904083251953125;0.0011990070343017578;0.0033140182495117188;1695642259.549582
request;341;1695642259.565357
result;338;[2];0.001013040542602539;0.0004839897155761719;0.001397848129272461;0.0045108795166015625;1695642259.57317
result;337;[3];0.0007379055023193359;0.0024480819702148438;0.0008819103240966797;0.00481104850769043;1695642259.574426
request;342;1695642259.581019
request;343;1695642259.596636
result;340;[3];0.0010118484497070312;0.00047397613525390625;0.001341104507446289;0.004457950592041016;1695642259.601358
result;339;[3];0.0007240772247314453;0.0023899078369140625;0.0011382102966308594;0.0048520565032958984;1695642259.602573
request;344;1695642259.627067
request;345;1695642259.642562
result;341;[3];0.0007891654968261719;0.0004589557647705078;0.0011699199676513672;0.0029740333557128906;1695642259.645005
request;346;1695642259.658441
result;342;[3];0.0007970333099365234;0.000949859619140625;0.001154184341430664;0.0034830570220947266;1695642259.665181
result;343;[3];0.0007519721984863281;0.0009319782257080078;0.0011339187622070312;0.0033800601959228516;1695642259.685055
request;347;1695642259.689104
result;344;[3];0.0006868839263916016;0.00024199485778808594;0.0011379718780517578;0.0026350021362304688;1695642259.70108
request;348;1695642259.704125
request;349;1695642259.719378
result;345;[3];0.0007750988006591797;0.00029087066650390625;0.0011441707611083984;0.0027790069580078125;1695642259.721524
request;350;1695642259.735019
result;346;[3];0.0007760524749755859;4.982948303222656e-05;0.0014719963073730469;0.002886056900024414;1695642259.745057
request;351;1695642259.766774
result;347;[3];0.000759124755859375;0.0009338855743408203;0.0011191368103027344;0.0034351348876953125;1695642259.769767
request;352;1695642259.782048
result;348;[3];0.0007650852203369141;0.0009429454803466797;0.0013990402221679688;0.003699064254760742;1695642259.789035
request;353;1695642259.79761
result;350;[3];0.0008530616760253906;3.0040740966796875e-05;0.0015769004821777344;0.0030870437622070312;1695642259.810012
result;349;[3];0.0007290840148925781;0.0022110939025878906;0.0013208389282226562;0.004744052886962891;1695642259.812015
request;354;1695642259.828431
request;355;1695642259.843569
request;356;1695642259.859028
result;352;[3];0.0011370182037353516;0.0004589557647705078;0.0016570091247558594;0.005031108856201172;1695642259.861184
result;351;[3];0.0008327960968017578;0.002724170684814453;0.0010390281677246094;0.0053539276123046875;1695642259.862206
request;357;1695642259.874869
result;353;[3];0.0007340908050537109;0.00010204315185546875;0.0012989044189453125;0.0028111934661865234;1695642259.877629
request;358;1695642259.905088
result;354;[3];0.0007860660552978516;5.793571472167969e-05;0.00125885009765625;0.0026650428771972656;1695642259.906092
result;355;[0];0.0006811618804931641;0.0009658336639404297;0.0012409687042236328;0.0033881664276123047;1695642259.917061
request;359;1695642259.921123
request;360;1695642259.936743
result;356;[0];0.0007588863372802734;0.0009300708770751953;0.0011219978332519531;0.003340005874633789;1695642259.937756
result;357;[0];0.0007731914520263672;0.0005757808685302734;0.0011560916900634766;0.0030541419982910156;1695642259.944917
request;361;1695642259.967367
result;358;[0];0.0006270408630371094;0.0009551048278808594;0.0010428428649902344;0.003219127655029297;1695642259.97717
request;362;1695642259.98324
request;363;1695642259.998688
result;359;[0];0.0006210803985595703;0.0006749629974365234;0.0014300346374511719;0.003437042236328125;1695642260.001711
request;364;1695642260.014052
result;360;[0];0.0009200572967529297;0.0009379386901855469;0.0012369155883789062;0.0037229061126708984;1695642260.017036
request;365;1695642260.044709
result;361;[0];0.0007340908050537109;3.0994415283203125e-05;0.0015208721160888672;0.002877950668334961;1695642260.053653
result;362;[0];0.002969026565551758;0.0003669261932373047;0.0008840560913085938;0.004637956619262695;1695642260.054293
request;366;1695642260.060302
request;367;1695642260.075865
result;364;[0];0.0008699893951416016;0.0005841255187988281;0.001035928726196289;0.0030510425567626953;1695642260.077597
result;363;[0];0.0006530284881591797;0.0020630359649658203;0.00109100341796875;0.0042002201080322266;1695642260.081036
request;368;1695642260.106692
request;369;1695642260.122322
result;365;[0];0.0007581710815429688;0.0009448528289794922;0.0011889934539794922;0.0034232139587402344;1695642260.12957
request;370;1695642260.137688
result;366;[0];0.0007870197296142578;0.0009109973907470703;0.0012021064758300781;0.0033969879150390625;1695642260.14101
result;367;[0];0.0006220340728759766;0.00020503997802734375;0.0013201236724853516;0.002624988555908203;1695642260.149057
request;371;1695642260.168687
request;372;1695642260.184133
result;369;[0];0.0009248256683349609;6.914138793945312e-05;0.0011179447174072266;0.002769947052001953;1695642260.189169
result;368;[1];0.000675201416015625;0.0016679763793945312;0.0009598731994628906;0.0035810470581054688;1695642260.190393
request;373;1695642260.199841
request;374;1695642260.215214
result;370;[1];0.0006449222564697266;0.0009369850158691406;0.0012030601501464844;0.0032968521118164062;1695642260.221007
result;371;[1];0.0006339550018310547;0.00043010711669921875;0.0010998249053955078;0.0026700496673583984;1695642260.24517
request;375;1695642260.24618
request;376;1695642260.261671
request;377;1695642260.276969
result;372;[1];0.0006449222564697266;0.0009710788726806641;0.0021550655364990234;0.019611120223999023;1695642260.277854
result;374;[1];0.0009109973907470703;0.0001609325408935547;0.0011169910430908203;0.0026340484619140625;1695642260.278509
result;373;[1];0.0006189346313476562;0.0017690658569335938;0.0009770393371582031;0.003674030303955078;1695642260.28108
request;378;1695642260.308015
result;375;[1];0.0007429122924804688;0.00023794174194335938;0.001230001449584961;0.002732992172241211;1695642260.321011
request;379;1695642260.324059
result;376;[1];0.0006320476531982422;0.0009720325469970703;0.0011370182037353516;0.0033690929412841797;1695642260.333031
request;380;1695642260.340078
request;381;1695642260.355637
result;377;[1];0.000637054443359375;0.0003209114074707031;0.0010831356048583984;0.0027790069580078125;1695642260.35741
request;382;1695642260.386974
result;378;[1];0.0006837844848632812;0.0009570121765136719;0.0016360282897949219;0.003871917724609375;1695642260.389059
result;379;[1];0.0006108283996582031;0.00028514862060546875;0.001332998275756836;0.002895832061767578;1695642260.397032
request;383;1695642260.402203
request;384;1695642260.417643
result;380;[1];0.0006451606750488281;0.0009520053863525391;0.0014488697052001953;0.0036029815673828125;1695642260.42084
result;381;[1];0.0006549358367919922;0.0009360313415527344;0.0010190010070800781;0.003101825714111328;1695642260.437305
request;385;1695642260.448635
result;382;[1];0.0007588863372802734;0.0009260177612304688;0.0010609626770019531;0.0032439231872558594;1695642260.457064
request;386;1695642260.464514
result;383;[1];0.0006909370422363281;7.319450378417969e-05;0.0011339187622070312;0.0024030208587646484;1695642260.477031
request;387;1695642260.480128
request;388;1695642260.496261
result;384;[2];0.0008940696716308594;0.00038886070251464844;0.0011060237884521484;0.0029489994049072266;1695642260.501172
result;385;[2];0.0006880760192871094;0.0009429454803466797;0.0010440349578857422;0.003206014633178711;1695642260.517032
request;389;1695642260.52691
request;390;1695642260.542174
result;386;[2];0.0007011890411376953;0.0009257793426513672;0.0014400482177734375;0.0036630630493164062;1695642260.549029
request;391;1695642260.557313
result;387;[2];0.0007259845733642578;0.0004978179931640625;0.0011379718780517578;0.0030617713928222656;1695642260.557313
result;388;[2];0.0007140636444091797;0.0009438991546630859;0.0012929439544677734;0.0034809112548828125;1695642260.577105
request;392;1695642260.588152
result;389;[2];0.0008101463317871094;0.0008368492126464844;0.001138925552368164;0.0033469200134277344;1695642260.597032
request;393;1695642260.604074
result;390;[2];0.0009119510650634766;0.00044608116149902344;0.0011188983917236328;0.0030059814453125;1695642260.61726
request;394;1695642260.619309
request;395;1695642260.634957
result;391;[2];0.0007112026214599609;0.0009047985076904297;0.001154184341430664;0.0032851696014404297;1695642260.637568
result;392;[2];0.0007331371307373047;3.3855438232421875e-05;0.0012440681457519531;0.0025281906127929688;1695642260.65844
request;396;1695642260.666175
request;397;1695642260.681963
result;393;[2];0.0007901191711425781;0.0009038448333740234;0.001505136489868164;0.003813028335571289;1695642260.685012
request;398;1695642260.697508
result;394;[2];0.0007290840148925781;5.1975250244140625e-05;0.001992940902709961;0.003464221954345703;1695642260.701182
result;395;[2];0.0013430118560791016;0.0014319419860839844;0.0013120174407958984;0.004549980163574219;1695642260.702435
request;399;1695642260.727994
request;400;1695642260.743611
result;396;[2];0.0008180141448974609;0.0009620189666748047;0.0013120174407958984;0.0036330223083496094;1695642260.749062
request;401;1695642260.759107
result;397;[2];0.0006811618804931641;0.0009529590606689453;0.001377105712890625;0.003590106964111328;1695642260.761014
request;402;1695642260.775056
result;398;[3];0.000659942626953125;0.0009119510650634766;0.0010631084442138672;0.003206968307495117;1695642260.781033
result;400;[3];0.00086212158203125;0.0006129741668701172;0.0011360645294189453;0.003306150436401367;1695642260.805338
request;403;1695642260.806341
result;399;[3];0.0007140636444091797;0.0022611618041992188;0.0009908676147460938;0.004331111907958984;1695642260.810014
request;404;1695642260.821618
request;405;1695642260.836991
result;401;[3];0.0005879402160644531;0.0009961128234863281;0.0014109611511230469;0.0033130645751953125;1695642260.838027
result;402;[3];0.0012907981872558594;0.0009109973907470703;0.0007550716400146484;0.003374814987182617;1695642260.84504
request;406;1695642260.867656
result;403;[3];0.0007860660552978516;9.584426879882812e-05;0.0011301040649414062;0.0025169849395751953;1695642260.88172
request;407;1695642260.882847
request;408;1695642260.898207
result;404;[3];0.0007669925689697266;7.891654968261719e-05;0.0013151168823242188;0.002836942672729492;1695642260.901039
result;405;[3];0.0006458759307861328;6.794929504394531e-05;0.0012459754943847656;0.002563953399658203;1695642260.921673
request;409;1695642260.928932
request;410;1695642260.944609
result;407;[3];0.0009121894836425781;2.5987625122070312e-05;0.0015139579772949219;0.0031671524047851562;1695642260.949086
result;406;[3];0.0006330013275146484;0.002104043960571289;0.0013790130615234375;0.00453495979309082;1695642260.9503
request;411;1695642260.960216
request;412;1695642260.975803
result;408;[3];0.0006940364837646484;0.0001239776611328125;0.001065969467163086;0.0024008750915527344;1695642260.981017
result;409;[3];0.0007469654083251953;4.696846008300781e-05;0.0013899803161621094;0.002794027328491211;1695642260.997664
request;413;1695642261.006954
result;410;[3];0.0007109642028808594;9.489059448242188e-05;0.0011150836944580078;0.0024628639221191406;1695642261.017034
request;414;1695642261.022455
request;415;1695642261.037828
result;411;[0];0.0006189346313476562;0.0002899169921875;0.0012359619140625;0.0027239322662353516;1695642261.037828
result;412;[0];0.0007388591766357422;0.0009241104125976562;0.0013499259948730469;0.0036978721618652344;1695642261.061031
request;416;1695642261.069074
result;413;[0];0.0007979869842529297;0.0009109973907470703;0.001127004623413086;0.003445863723754883;1695642261.077543
request;417;1695642261.084664
request;418;1695642261.100025
result;414;[0];0.0007588863372802734;0.000885009765625;0.0012009143829345703;0.003428936004638672;1695642261.101489
result;415;[0];0.0007901191711425781;7.104873657226562e-05;0.0014188289642333984;0.0028581619262695312;1695642261.117732
request;419;1695642261.130921
result;416;[0];0.0008499622344970703;0.0002989768981933594;0.0012209415435791016;0.0029859542846679688;1695642261.137174
request;420;1695642261.146591
request;421;1695642261.16224
result;417;[0];0.0006620883941650391;0.000308990478515625;0.0011560916900634766;0.002657175064086914;1695642261.169021
result;418;[0];0.0006961822509765625;0.00013685226440429688;0.0010530948638916016;0.0023801326751708984;1695642261.176962
request;422;1695642261.177774
request;423;1695642261.209032
result;419;[0];0.0006451606750488281;8.988380432128906e-05;0.0011260509490966797;0.002493143081665039;1695642261.210035
request;424;1695642261.22437
request;425;1695642261.239817
result;420;[0];0.0007240772247314453;0.0003039836883544922;0.0012640953063964844;0.0031380653381347656;1695642261.241623
result;421;[0];0.0011839866638183594;0.001116037368774414;0.0011141300201416016;0.0037992000579833984;1695642261.24227
request;426;1695642261.255347
result;422;[0];0.0007328987121582031;0.0008890628814697266;0.0010399818420410156;0.003300905227661133;1695642261.256963
request;427;1695642261.286822
request;428;1695642261.302089
result;423;[0];0.0008668899536132812;5.1975250244140625e-05;0.002669095993041992;0.0044748783111572266;1695642261.302089
result;424;[0];0.0032050609588623047;0.0004210472106933594;0.0015020370483398438;0.0060939788818359375;1695642261.303113
request;429;1695642261.318088
result;425;[1];0.0007610321044921875;0.0008831024169921875;0.001096963882446289;0.0032570362091064453;1695642261.325186
result;426;[1];0.0007259845733642578;0.00011110305786132812;0.0010848045349121094;0.002424001693725586;1695642261.329174
request;430;1695642261.334222
request;431;1695642261.365142
result;427;[1];0.0007598400115966797;0.00012803077697753906;0.0010690689086914062;0.0024728775024414062;1695642261.366145
request;432;1695642261.380933
result;428;[1];0.0006129741668701172;0.0009539127349853516;0.0010900497436523438;0.003226041793823242;1695642261.389035
request;433;1695642261.396218
result;429;[1];0.0006670951843261719;0.0001609325408935547;0.0014510154724121094;0.0028738975524902344;1695642261.40906
result;430;[1];0.0006139278411865234;9.989738464355469e-05;0.0010509490966796875;0.0023069381713867188;1695642261.417034
request;434;1695642261.427901
request;435;1695642261.443555
result;431;[1];0.0008180141448974609;0.0009279251098632812;0.0013861656188964844;0.00360107421875;1695642261.457186
result;432;[1];0.0006380081176757812;3.0040740966796875e-05;0.001149892807006836;0.0022628307342529297;1695642261.45821
request;436;1695642261.459209
request;437;1695642261.475347
result;433;[1];0.0006489753723144531;0.0009720325469970703;0.0012040138244628906;0.0034270286560058594;1695642261.493433
result;434;[1];0.0005991458892822266;0.000102996826171875;0.0011909008026123047;0.002407073974609375;1695642261.501035
request;438;1695642261.507082
result;435;[1];0.0007398128509521484;0.0009710788726806641;0.0012481212615966797;0.0035169124603271484;1695642261.521035
request;439;1695642261.523157
result;436;[1];0.0006670951843261719;0.0009410381317138672;0.0011060237884521484;0.0032930374145507812;1695642261.537074
request;440;1695642261.539198
result;437;[1];0.0006511211395263672;0.00010395050048828125;0.0010540485382080078;0.0024170875549316406;1695642261.549488
request;441;1695642261.554986
result;438;[1];0.0008020401000976562;0.00023603439331054688;0.0011210441589355469;0.002627134323120117;1695642261.577036
request;442;1695642261.586081
request;443;1695642261.60159
result;439;[1];0.0006320476531982422;3.0040740966796875e-05;0.0011661052703857422;0.002267122268676758;1695642261.609666
request;444;1695642261.617137
result;441;[2];0.0004680156707763672;0.0005888938903808594;0.0010762214660644531;0.002618074417114258;1695642261.61814
result;440;[2];0.0006320476531982422;0.0021550655364990234;0.000888824462890625;0.003962993621826172;1695642261.618713
request;445;1695642261.647585
result;442;[2];0.0006949901580810547;0.0009350776672363281;0.0011749267578125;0.0032291412353515625;1695642261.661015
request;446;1695642261.663133
request;447;1695642261.678932
result;443;[2];0.0007560253143310547;0.0004839897155761719;0.0014529228210449219;0.003216981887817383;1695642261.680991
request;448;1695642261.69459
result;444;[2];0.0007538795471191406;0.0004980564117431641;0.001394033432006836;0.003228902816772461;1695642261.70157
request;449;1695642261.725751
result;445;[2];0.0006740093231201172;0.0002970695495605469;0.0011048316955566406;0.002835988998413086;1695642261.725751
result;446;[2];0.0030999183654785156;0.00018906593322753906;0.001055002212524414;0.00485682487487793;1695642261.729754
request;450;1695642261.740873
result;447;[2];0.0006999969482421875;0.0009038448333740234;0.0011010169982910156;0.0032949447631835938;1695642261.756912
result;448;[2];0.0007469654083251953;3.504753112792969e-05;0.0012450218200683594;0.00251007080078125;1695642261.769015
request;451;1695642261.77206
result;449;[2];0.0007419586181640625;0.0009140968322753906;0.0011949539184570312;0.0033528804779052734;1695642261.796937
request;452;1695642261.802941
request;453;1695642261.802941
result;450;[2];0.0006761550903320312;0.0009319782257080078;0.0013918876647949219;0.0035741329193115234;1695642261.82121
request;454;1695642261.833773
request;455;1695642261.833773
result;451;[2];0.0006520748138427734;0.00014781951904296875;0.0014259815216064453;0.002707958221435547;1695642261.836996
result;452;[3];0.0008001327514648438;0.00035190582275390625;0.0013561248779296875;0.003031015396118164;1695642261.878119
result;453;[3];0.00047016143798828125;0.0007460117340087891;0.0009338855743408203;0.002518177032470703;1695642261.878771
request;456;1695642261.881151
request;457;1695642261.881151
result;454;[3];0.0006670951843261719;0.00028586387634277344;0.001001119613647461;0.002471923828125;1695642261.906034
result;455;[3];0.0019910335540771484;0.0010008811950683594;0.0007879734039306641;0.004103899002075195;1695642261.909032
request;458;1695642261.91216
request;459;1695642261.927917
request;460;1695642261.943478
result;456;[3];0.0006048679351806641;0.0005700588226318359;0.0011169910430908203;0.0027570724487304688;1695642261.949042
result;457;[3];0.0005249977111816406;0.0009410381317138672;0.0011670589447021484;0.0030350685119628906;1695642261.956996
request;461;1695642261.959022
request;462;1695642261.975047
result;458;[3];0.0006568431854248047;0.0009491443634033203;0.001161813735961914;0.003187894821166992;1695642261.989065
result;460;[3];0.0007920265197753906;0.0006401538848876953;0.0012500286102294922;0.003907203674316406;1695642262.009078
result;459;[3];0.0006418228149414062;0.002292156219482422;0.0006799697875976562;0.004169940948486328;1695642262.010084
request;463;1695642262.022317
request;464;1695642262.022317
result;461;[3];0.0006380081176757812;0.0009450912475585938;0.0011780261993408203;0.003226041793823242;1695642262.037736
request;465;1695642262.037736
result;462;[3];0.0006940364837646484;0.000946044921875;0.001222848892211914;0.003317117691040039;1695642262.049563
request;466;1695642262.083855
request;467;1695642262.083855
result;463;[2];0.0006318092346191406;7.319450378417969e-05;0.0012319087982177734;0.0024290084838867188;1695642262.089037
result;464;[2];0.0006821155548095703;0.0001819133758544922;0.0015239715576171875;0.0029010772705078125;1695642262.09738
request;468;1695642262.115215
request;469;1695642262.115215
result;465;[2];0.0007119178771972656;0.0009469985961914062;0.001051187515258789;0.0032820701599121094;1695642262.129038
request;470;1695642262.162207
request;471;1695642262.162207
result;467;[2];0.0007088184356689453;0.0006091594696044922;0.001216888427734375;0.0037848949432373047;1695642262.169087
result;466;[2];0.0008959770202636719;0.002267122268676758;0.0006899833679199219;0.00442194938659668;1695642262.17011
result;468;[2];0.0007431507110595703;0.0003669261932373047;0.0011310577392578125;0.0027151107788085938;1695642262.181952
result;469;[2];0.0006330013275146484;3.0994415283203125e-05;0.0012259483337402344;0.0024170875549316406;1695642262.181952
request;472;1695642262.193488
request;473;1695642262.208807
request;474;1695642262.223598
request;475;1695642262.239074
result;471;[2];0.0010349750518798828;0.0005300045013427734;0.0010008811950683594;0.0037970542907714844;1695642262.241094
result;470;[3];0.0007441043853759766;0.002022981643676758;0.0006279945373535156;0.004023075103759766;1695642262.242118
request;476;1695642262.254806
request;477;1695642262.285754
result;472;[3];0.0006520748138427734;0.0005459785461425781;0.001132965087890625;0.0028200149536132812;1695642262.288965
result;473;[3];0.0007131099700927734;0.0002510547637939453;0.0010068416595458984;0.0026459693908691406;1695642262.297697
result;474;[3];0.002196073532104492;0.0009200572967529297;0.0008847713470458984;0.004394054412841797;1695642262.297697
request;478;1695642262.301835
request;479;1695642262.31705
result;475;[3];0.0006589889526367188;9.512901306152344e-05;0.001077890396118164;0.002270936965942383;1695642262.318055
result;476;[3];0.0006361007690429688;3.0994415283203125e-05;0.0011949539184570312;0.002357006072998047;1695642262.333481
request;480;1695642262.347774
result;477;[3];0.0006871223449707031;0.0009558200836181641;0.0013401508331298828;0.003503084182739258;1695642262.361544
request;481;1695642262.363619
request;482;1695642262.379084
result;478;[3];0.0006480216979980469;0.00014400482177734375;0.0011229515075683594;0.002468109130859375;1695642262.384967
request;483;1695642262.394466
result;479;[3];0.0006539821624755859;3.0040740966796875e-05;0.0011909008026123047;0.002290964126586914;1695642262.405017
request;484;1695642262.425793
request;485;1695642262.441291
result;481;[3];0.00041413307189941406;5.3882598876953125e-05;0.0013580322265625;0.0028481483459472656;1695642262.442297
result;480;[3];0.0005981922149658203;0.0018639564514160156;0.001458883285522461;0.004310131072998047;1695642262.443304
request;486;1695642262.456173
result;482;[3];0.0006079673767089844;0.00011181831359863281;0.0012521743774414062;0.003106832504272461;1695642262.457601
result;483;[3];0.0008759498596191406;0.0006840229034423828;0.0006170272827148438;0.002713918685913086;1695642262.458208
request;487;1695642262.487771
result;484;[3];0.0006940364837646484;0.0009350776672363281;0.001027822494506836;0.0030829906463623047;1695642262.497049
request;488;1695642262.503297
result;485;[3];0.0006999969482421875;0.00038504600524902344;0.001055002212524414;0.0025758743286132812;1695642262.517018
request;489;1695642262.519142
request;490;1695642262.534826
result;486;[3];0.0005979537963867188;0.0004749298095703125;0.0011110305786132812;0.0025980472564697266;1695642262.545038
request;491;1695642262.565489
result;488;[3];0.0009469985961914062;0.0005609989166259766;0.0012140274047851562;0.0041790008544921875;1695642262.573188
result;487;[3];0.0006849765777587891;0.0022389888763427734;0.0008959770202636719;0.0044078826904296875;1695642262.574426
request;492;1695642262.580807
request;493;1695642262.59653
result;490;[3];0.00086212158203125;0.0006308555603027344;0.0010700225830078125;0.0036830902099609375;1695642262.60137
result;489;[3];0.0006639957427978516;0.0021212100982666016;0.00061798095703125;0.0038971900939941406;1695642262.6026
request;494;1695642262.627862
result;491;[3];0.0007100105285644531;0.0009548664093017578;0.0012590885162353516;0.003496885299682617;1695642262.641177
request;495;1695642262.643297
result;492;[3];0.0006351470947265625;4.792213439941406e-05;0.0012409687042236328;0.002540111541748047;1695642262.657021
request;496;1695642262.659024
result;493;[3];0.000782012939453125;0.0008840560913085938;0.0012369155883789062;0.0035021305084228516;1695642262.68102
request;497;1695642262.689067
result;494;[3];0.0008068084716796875;0.0009009838104248047;0.0011000633239746094;0.0033888816833496094;1695642262.69764
request;498;1695642262.704565
result;495;[3];0.0008101463317871094;0.0009100437164306641;0.0011258125305175781;0.0033490657806396484;1695642262.717067
request;499;1695642262.720114
request;500;1695642262.735811
result;496;[3];0.0006749629974365234;0.0009150505065917969;0.0013577938079833984;0.003453969955444336;1695642262.736862
request;501;1695642262.767138
result;497;[3];0.0006918907165527344;0.0009200572967529297;0.0010759830474853516;0.0032300949096679688;1695642262.773737
result;498;[3];0.0006492137908935547;0.0009298324584960938;0.0012011528015136719;0.003426074981689453;1695642262.781039
request;502;1695642262.783163
request;503;1695642262.797815
result;499;[3];0.00067901611328125;8.702278137207031e-05;0.0012707710266113281;0.002599000930786133;1695642262.80575
result;500;[3];0.0006880760192871094;0.0008969306945800781;0.0011210441589355469;0.003200054168701172;1695642262.821066
request;504;1695642262.828194
result;501;[3];0.0007250308990478516;5.1975250244140625e-05;0.0013620853424072266;0.002686023712158203;1695642262.841019
request;505;1695642262.844332
request;506;1695642262.860093
result;502;[3];0.0012428760528564453;0.0004911422729492188;0.0013079643249511719;0.003670930862426758;1695642262.86141
request;507;1695642262.875528
result;503;[3];0.0007259845733642578;0.0009260177612304688;0.0010089874267578125;0.003242969512939453;1695642262.889613
result;504;[3];0.000675201416015625;0.0009529590606689453;0.0010919570922851562;0.0032351016998291016;1695642262.901017
request;508;1695642262.906071
request;509;1695642262.921345
result;505;[3];0.0006937980651855469;0.00013017654418945312;0.0013859272003173828;0.0026509761810302734;1695642262.921345
request;510;1695642262.937034
result;506;[3];0.0008411407470703125;0.0002579689025878906;0.0012249946594238281;0.002880096435546875;1695642262.938039
result;507;[3];0.0009019374847412109;0.0009570121765136719;0.001249074935913086;0.003610849380493164;1695642262.949019
request;511;1695642262.968461
result;508;[3];0.0006649494171142578;0.0009808540344238281;0.0011241436004638672;0.0032868385314941406;1695642262.977066
request;512;1695642262.984109
request;513;1695642262.999289
result;509;[3];0.0007381439208984375;0.0009598731994628906;0.0011839866638183594;0.003358125686645508;1695642263.001173
request;514;1695642263.015411
result;510;[3];0.0007259845733642578;0.0006189346313476562;0.001055002212524414;0.002849102020263672;1695642263.016996
request;515;1695642263.046159
result;512;[3];0.000926971435546875;0.00020885467529296875;0.0012359619140625;0.0037050247192382812;1695642263.049625
result;511;[3];0.0007169246673583984;0.0019118785858154297;0.0006701946258544922;0.0040128231048583984;1695642263.050254
request;516;1695642263.061115
request;517;1695642263.076042
result;513;[3];0.0007240772247314453;0.001001119613647461;0.0014278888702392578;0.003686189651489258;1695642263.081496
result;514;[3];0.0006608963012695312;0.0001900196075439453;0.0010921955108642578;0.0024559497833251953;1695642263.084996
request;518;1695642263.107417
result;515;[3];0.0007131099700927734;0.0004649162292480469;0.001180887222290039;0.002936124801635742;1695642263.11704
request;519;1695642263.123084
result;516;[3];0.0007159709930419922;0.0004360675811767578;0.0012428760528564453;0.0028638839721679688;1695642263.137043
request;520;1695642263.13916
result;517;[3];0.0005788803100585938;0.000576019287109375;0.0009930133819580078;0.0026650428771972656;1695642263.153126
request;521;1695642263.155247
result;518;[3];0.0007359981536865234;0.0009500980377197266;0.001338958740234375;0.003565073013305664;1695642263.181071
request;522;1695642263.187117
result;519;[3];0.0006930828094482422;0.0004899501800537109;0.0011570453643798828;0.0028450489044189453;1695642263.201021
request;523;1695642263.203138
result;521;[3];0.0010280609130859375;7.700920104980469e-05;0.0011239051818847656;0.0028510093688964844;1695642263.217411
request;524;1695642263.218419
result;520;[3];0.0005748271942138672;0.001898050308227539;0.0009961128234863281;0.003882884979248047;1695642263.220937
result;522;[3];0.0006480216979980469;0.0005450248718261719;0.0010259151458740234;0.01761603355407715;1695642263.277751
result;523;[3];0.0006701946258544922;0.0003960132598876953;0.0011599063873291016;0.002691030502319336;1695642263.277751
result;524;[3];0.0007739067077636719;0.0009429454803466797;0.001087188720703125;0.0033888816833496094;1695642263.297001
