request;0;1693168204.314257
result;0;-1;0.0006771087646484375;0.010326862335205078;0.0;0.011671066284179688;1693168204.328921
request;1;1693168204.345256
result;1;-1;0.00045299530029296875;0.011159181594848633;0.0;0.012107133865356445;1693168204.359773
request;2;1693168204.360711
request;3;1693168204.3759
result;2;-1;0.0001418590545654297;0.011919021606445312;0.0;0.01281881332397461;1693168204.376219
result;3;-1;0.00034618377685546875;0.011269807815551758;0.0;0.012525081634521484;1693168204.391469
request;4;1693168204.406656
request;5;1693168204.422018
result;4;-1;0.0009589195251464844;0.011003971099853516;0.0;0.012573003768920898;1693168204.422018
result;5;-1;0.0004379749298095703;0.011207103729248047;0.0;0.01208806037902832;1693168204.436967
request;6;1693168204.436967
result;6;-1;-0.0001709461212158203;0.012898921966552734;0.0;0.013221979141235352;1693168204.452134
request;7;1693168204.468008
request;8;1693168204.483151
result;7;-1;-0.00014495849609375;0.01269388198852539;0.0;0.012968063354492188;1693168204.48419
request;9;1693168204.499159
result;8;-1;0.0003368854522705078;0.012819051742553711;0.0;0.013671875;1693168204.500162
result;9;-1;-0.0003008842468261719;0.012878894805908203;0.0;0.01318812370300293;1693168204.515383
request;10;1693168204.530255
request;11;1693168204.546256
result;10;-1;3.695487976074219e-05;0.01299905776977539;0.0;0.013582944869995117;1693168204.547259
request;12;1693168204.561693
result;11;-1;0.00023794174194335938;0.012000083923339844;0.0;0.013477087020874023;1693168204.562698
request;13;1693168204.577171
result;12;-1;0.0004949569702148438;0.012000083923339844;0.0;0.013054132461547852;1693168204.578174
result;13;-1;0.00043392181396484375;0.012594938278198242;0.0;0.01359701156616211;1693168204.5936
request;14;1693168204.607694
request;15;1693168204.623258
result;14;-1;0.00039696693420410156;0.013410091400146484;0.0;0.014464139938354492;1693168204.624659
request;16;1693168204.639098
result;15;-1;0.00046896934509277344;0.013128042221069336;0.0;0.01411294937133789;1693168204.640458
result;16;-1;0.000102996826171875;0.014008045196533203;0.0;0.014691829681396484;1693168204.656764
request;17;1693168204.670294
request;18;1693168204.685904
result;17;-1;0.0006318092346191406;0.013335227966308594;0.0;0.014601945877075195;1693168204.687774
request;19;1693168204.70119
result;18;-1;-0.00014781951904296875;0.012972831726074219;0.0;0.01336812973022461;1693168204.702442
request;20;1693168204.71717
result;19;-1;0.000514984130859375;0.013637065887451172;0.0;0.014646053314208984;1693168204.718172
result;20;-1;0.00013709068298339844;0.014108896255493164;0.0;0.014795064926147461;1693168204.734182
request;21;1693168204.74917
request;22;1693168204.764531
result;21;-1;0.0008740425109863281;0.01214599609375;0.0;0.01371002197265625;1693168204.765573
request;23;1693168204.780168
result;22;-1;0.0006630420684814453;0.012897968292236328;0.0;0.014245986938476562;1693168204.782323
request;24;1693168204.79617
result;23;-1;0.0006740093231201172;0.012773990631103516;0.0;0.0141448974609375;1693168204.797174
result;24;-1;0.0005950927734375;0.012304067611694336;0.0;0.013608217239379883;1693168204.812656
request;25;1693168204.82726
request;26;1693168204.843142
result;25;-1;0.0002808570861816406;0.01238107681274414;0.0;0.013392925262451172;1693168204.843142
request;27;1693168204.858659
result;26;-1;0.000148773193359375;0.012028217315673828;0.0;0.012708902359008789;1693168204.859663
result;27;-1;0.0003421306610107422;0.012902975082397461;0.0;0.013879060745239258;1693168204.874661
request;28;1693168204.889425
request;29;1693168204.905143
result;28;-1;-0.0001628398895263672;0.013000011444091797;0.0;0.013410091400146484;1693168204.906143
result;29;-1;-5.3882598876953125e-05;0.011999845504760742;0.0;0.012376070022583008;1693168204.920137
request;30;1693168204.921154
result;30;-1;-8.58306884765625e-05;0.01202702522277832;0.0;0.012449026107788086;1693168204.936125
request;31;1693168204.937145
result;31;-1;0.0004608631134033203;0.01120615005493164;0.0;0.012233972549438477;1693168204.952116
request;32;1693168204.96917
result;32;-1;0.00030517578125;0.011096000671386719;0.0;0.012044191360473633;1693168204.984162
request;33;1693168204.98518
result;33;-1;-0.00018405914306640625;0.011884927749633789;0.0;0.012349843978881836;1693168204.999893
request;34;1693168205.000931
result;34;-1;-0.00021600723266601562;0.012008190155029297;0.0;0.012389183044433594;1693168205.015569
request;35;1693168205.016509
result;35;-1;0.00045609474182128906;0.011970996856689453;0.0;0.013046979904174805;1693168205.032025
request;36;1693168205.047661
request;37;1693168205.0631
result;36;-1;0.00014901161193847656;0.012708902359008789;0.0;0.013567924499511719;1693168205.06406
request;38;1693168205.07868
result;37;-1;0.00039505958557128906;0.013119935989379883;0.0;0.01409292221069336;1693168205.079809
result;38;-1;-0.0002868175506591797;0.012993812561035156;0.0;0.01328897476196289;1693168205.095172
request;39;1693168205.109603
request;40;1693168205.125413
result;39;-1;0.0004940032958984375;0.013009071350097656;0.0;0.014327049255371094;1693168205.126519
request;41;1693168205.140943
result;40;-1;0.0005269050598144531;0.012930154800415039;0.0;0.013976097106933594;1693168205.141966
request;42;1693168205.155962
result;41;-1;-8.916854858398438e-05;0.013756990432739258;0.0;0.014245033264160156;1693168205.157564
result;42;-1;0.0006039142608642578;0.013258218765258789;0.0;0.01445913314819336;1693168205.173571
request;43;1693168205.186938
request;44;1693168205.202091
result;43;-1;0.0009930133819580078;0.013220071792602539;0.0;0.015188932418823242;1693168205.204126
request;45;1693168205.217908
result;44;-1;0.0008678436279296875;0.0138092041015625;0.0;0.015208959579467773;1693168205.220146
result;45;-1;0.00028705596923828125;0.015048027038574219;0.0;0.015745162963867188;1693168205.235901
request;46;1693168205.248526
request;47;1693168205.264752
result;46;-1;0.00019598007202148438;0.015156984329223633;0.0;0.016022920608520508;1693168205.267194
request;48;1693168205.280437
result;47;-1;6.9141387939453125e-06;0.01490020751953125;0.0;0.015465974807739258;1693168205.28244
request;49;1693168205.296258
result;48;-1;7.295608520507812e-05;0.014184951782226562;0.0;0.014787912368774414;1693168205.298236
result;49;-1;0.0002791881561279297;0.013664960861206055;0.0;0.014467000961303711;1693168205.314525
request;50;1693168205.327542
request;51;1693168205.343259
result;50;-1;0.0006289482116699219;0.013622045516967773;0.0;0.015009880065917969;1693168205.345137
request;52;1693168205.358568
result;51;-1;0.0005888938903808594;0.01332402229309082;0.0;0.01450490951538086;1693168205.359943
result;52;-1;0.0003509521484375;0.01314687728881836;0.0;0.014256954193115234;1693168205.375593
request;53;1693168205.389419
request;54;1693168205.404095
result;53;-1;0.0009579658508300781;0.013074159622192383;0.0;0.014574050903320312;1693168205.406072
request;55;1693168205.420084
result;54;-1;0.0003218650817871094;0.015053033828735352;0.0;0.015864849090576172;1693168205.423082
request;56;1693168205.436054
result;55;-1;0.0004200935363769531;0.014472007751464844;0.0;0.015367984771728516;1693168205.438053
result;56;-1;-0.000102996826171875;0.01519012451171875;0.0;0.01555490493774414;1693168205.454044
request;57;1693168205.467978
request;58;1693168205.483969
result;57;-1;0.0006349086761474609;0.013262033462524414;0.0;0.014375925064086914;1693168205.485968
request;59;1693168205.499589
result;58;-1;-0.00014090538024902344;0.013967037200927734;0.0;0.014347076416015625;1693168205.500917
request;60;1693168205.514653
result;59;-1;0.00033593177795410156;0.012972116470336914;0.0;0.013766050338745117;1693168205.515954
result;60;-1;7.104873657226562e-05;0.012991905212402344;0.0;0.01355886459350586;1693168205.531189
request;61;1693168205.546129
request;62;1693168205.561517
result;61;-1;0.0004990100860595703;0.012263059616088867;0.0;0.013589143753051758;1693168205.562522
request;63;1693168205.577134
result;62;-1;0.0006008148193359375;0.01246023178100586;0.0;0.013861894607543945;1693168205.578139
result;63;-1;0.0007450580596923828;0.01155996322631836;0.0;0.012871026992797852;1693168205.592863
request;64;1693168205.607492
request;65;1693168205.622696
result;64;-1;0.0003781318664550781;0.01320791244506836;0.0;0.014239072799682617;1693168205.624043
request;66;1693168205.63799
result;65;-1;0.0004639625549316406;0.013453006744384766;0.0;0.014399051666259766;1693168205.639752
result;66;-1;0.0001399517059326172;0.013293027877807617;0.0;0.013952016830444336;1693168205.654618
request;67;1693168205.669199
request;68;1693168205.685253
result;67;-1;0.0007801055908203125;0.013123035430908203;0.0;0.014593124389648438;1693168205.686491
request;69;1693168205.701337
result;68;-1;0.0004761219024658203;0.012140989303588867;0.0;0.013125181198120117;1693168205.701337
request;70;1693168205.716262
result;69;-1;-0.00022482872009277344;0.012173891067504883;0.0;0.012485027313232422;1693168205.716262
result;70;-1;0.0001609325408935547;0.012726068496704102;0.0;0.013335943222045898;1693168205.73185
request;71;1693168205.747257
request;72;1693168205.76314
result;71;-1;-9.393692016601562e-05;0.013010978698730469;0.0;0.013550043106079102;1693168205.764136
result;72;-1;0.0005240440368652344;0.011245965957641602;0.0;0.012347936630249023;1693168205.77779
request;73;1693168205.778799
result;73;-1;4.100799560546875e-05;0.012027978897094727;0.0;0.012709856033325195;1693168205.794186
request;74;1693168205.809581
request;75;1693168205.824915
result;74;-1;0.0004038810729980469;0.011954069137573242;0.0;0.012907981872558594;1693168205.825892
request;76;1693168205.840346
result;75;-1;0.0005469322204589844;0.012176990509033203;0.0;0.013176918029785156;1693168205.84135
request;77;1693168205.855956
result;76;-1;0.00026988983154296875;0.012940168380737305;0.0;0.013655900955200195;1693168205.85729
result;77;-1;-0.00020313262939453125;0.01406407356262207;0.0;0.014391899108886719;1693168205.872544
request;78;1693168205.886962
request;79;1693168205.902138
result;78;-1;-0.00019693374633789062;0.014817953109741211;0.0;0.015166044235229492;1693168205.904602
request;80;1693168205.918257
result;79;-1;7.152557373046875e-06;0.014866828918457031;0.0;0.015323162078857422;1693168205.920232
result;80;-1;3.910064697265625e-05;0.013828039169311523;0.0;0.014309167861938477;1693168205.935779
request;81;1693168205.949257
request;82;1693168205.96526
result;81;-1;0.0006000995635986328;0.014091968536376953;0.0;0.015147924423217773;1693168205.967043
request;83;1693168205.980546
result;82;-1;0.0004229545593261719;0.01412510871887207;0.0;0.015488147735595703;1693168205.982557
request;84;1693168205.996251
result;83;-1;0.0008280277252197266;0.013844966888427734;0.0;0.015546083450317383;1693168205.999082
result;84;-1;0.0009891986846923828;0.01356196403503418;0.0;0.015433073043823242;1693168206.014149
request;85;1693168206.027645
request;86;1693168206.043168
result;85;-1;0.0007419586181640625;0.01336216926574707;0.0;0.014815092086791992;1693168206.045449
request;87;1693168206.058469
result;86;-1;0.00020503997802734375;0.014259099960327148;0.0;0.01545405387878418;1693168206.060946
result;87;-1;0.0002110004425048828;0.015437126159667969;0.0;0.016469955444335938;1693168206.077199
request;88;1693168206.089229
request;89;1693168206.10448
result;88;-1;0.0008590221405029297;0.014725923538208008;0.0;0.016865015029907227;1693168206.108941
request;90;1693168206.120166
result;89;-1;0.0008928775787353516;0.014725208282470703;0.0;0.016375064849853516;1693168206.124027
request;91;1693168206.135776
result;90;-1;0.0005371570587158203;0.015399932861328125;0.0;0.017100095748901367;1693168206.139987
result;91;-1;0.0006730556488037109;0.014068841934204102;0.0;0.015635013580322266;1693168206.15517
request;92;1693168206.182091
request;93;1693168206.182091
request;94;1693168206.198168
result;93;-1;0.0008161067962646484;0.014230012893676758;0.0;0.01646709442138672;1693168206.202016
result;92;-1;0.001032114028930664;0.014230012893676758;0.0;0.016825199127197266;1693168206.202016
result;94;-1;0.0003108978271484375;0.015220165252685547;0.0;0.016407012939453125;1693168206.217716
request;95;1693168206.230349
request;96;1693168206.246258
result;95;-1;0.00043892860412597656;0.013772010803222656;0.0;0.01503896713256836;1693168206.24859
request;97;1693168206.261515
result;96;-1;0.0009150505065917969;0.012274026870727539;0.0;0.013898134231567383;1693168206.263011
request;98;1693168206.277592
result;97;-1;0.00048804283142089844;0.013611078262329102;0.0;0.014991044998168945;1693168206.279419
result;98;-1;0.0011451244354248047;0.012624979019165039;0.0;0.014570951461791992;1693168206.295708
request;99;1693168206.308719
request;100;1693168206.324257
result;99;-1;0.000621795654296875;0.013903141021728516;0.0;0.01538991928100586;1693168206.326773
request;101;1693168206.339932
result;100;-1;1.3113021850585938e-05;0.014806985855102539;0.0;0.0157010555267334;1693168206.342701
request;102;1693168206.355441
result;101;-1;0.0009829998016357422;0.013292789459228516;0.0;0.015002012252807617;1693168206.357319
result;102;-1;0.0005888938903808594;0.012791156768798828;0.0;0.014145851135253906;1693168206.37313
request;103;1693168206.386895
request;104;1693168206.402136
result;103;-1;0.0005800724029541016;0.013218879699707031;0.0;0.014760017395019531;1693168206.404509
request;105;1693168206.418257
result;104;-1;0.0008280277252197266;0.012817859649658203;0.0;0.014583826065063477;1693168206.419911
result;105;-1;0.0007510185241699219;0.008352041244506836;0.0;0.009862899780273438;1693168206.43489
request;106;1693168206.450256
request;107;1693168206.466147
result;106;-1;0.0009369850158691406;0.010679006576538086;0.0;0.012414932250976562;1693168206.466147
result;107;-1;0.0011310577392578125;0.010136842727661133;0.0;0.011980056762695312;1693168206.481413
request;108;1693168206.481413
request;109;1693168206.497093
result;108;-1;0.0006661415100097656;0.011510848999023438;0.0;0.013154983520507812;1693168206.498141
result;109;-1;0.0008680820465087891;0.011272907257080078;0.0;0.013025045394897461;1693168206.513139
request;110;1693168206.528635
result;110;-1;0.00040793418884277344;0.010348081588745117;0.0;0.011412858963012695;1693168206.543101
request;111;1693168206.544109
request;112;1693168206.559366
result;111;-1;0.0009529590606689453;0.010565996170043945;0.0;0.012429952621459961;1693168206.559366
request;113;1693168206.574541
result;112;-1;0.0010080337524414062;0.010200977325439453;0.0;0.012504100799560547;1693168206.575545
result;113;-1;2.9087066650390625e-05;0.01125192642211914;0.0;0.012258052825927734;1693168206.589812
request;114;1693168206.605515
result;114;-1;0.0007948875427246094;0.010851144790649414;0.0;0.012516021728515625;1693168206.62113
request;115;1693168206.62113
result;115;-1;0.00041794776916503906;0.009984016418457031;0.0;0.011211872100830078;1693168206.635376
request;116;1693168206.636381
result;116;-1;0.0008149147033691406;0.009896039962768555;0.0;0.011603832244873047;1693168206.65093
request;117;1693168206.667259
request;118;1693168206.683136
result;117;-1;0.0005900859832763672;0.011394977569580078;0.0;0.012936115264892578;1693168206.683136
result;118;-1;0.0007419586181640625;0.010187864303588867;0.0;0.011642932891845703;1693168206.697576
request;119;1693168206.698589
result;119;-1;-7.081031799316406e-05;0.011998891830444336;0.0;0.012407064437866211;1693168206.713047
request;120;1693168206.72988
result;120;-1;0.0005600452423095703;0.011008024215698242;0.0;0.012052059173583984;1693168206.744281
request;121;1693168206.745159
result;121;-1;0.0005478858947753906;0.010363101959228516;0.0;0.01140904426574707;1693168206.760367
request;122;1693168206.776001
request;123;1693168206.776001
result;123;-1;0.0010898113250732422;0.010650157928466797;0.0;0.012335777282714844;1693168206.79115
result;122;-1;0.0004909038543701172;0.011643171310424805;0.0;0.012892007827758789;1693168206.792163
request;124;1693168206.822131
request;125;1693168206.822131
request;126;1693168206.837899
result;125;-1;0.00074005126953125;0.012756824493408203;0.0;0.014175891876220703;1693168206.838922
result;124;-1;0.0008881092071533203;0.012756824493408203;0.0;0.014560937881469727;1693168206.839903
result;126;-1;0.000598907470703125;0.012363195419311523;0.0;0.013463020324707031;1693168206.854361
request;127;1693168206.869137
request;128;1693168206.885157
result;127;-1;0.00023818016052246094;0.013202905654907227;0.0;0.014034032821655273;1693168206.886168
result;128;-1;0.00039196014404296875;0.011219024658203125;0.0;0.012042999267578125;1693168206.900261
request;129;1693168206.917255
request;130;1693168206.917255
result;130;-1;0.0002498626708984375;0.012022018432617188;0.0;0.012912988662719727;1693168206.933138
result;129;-1;0.0005459785461425781;0.012022018432617188;0.0;0.013336181640625;1693168206.93402
request;131;1693168206.949255
request;132;1693168206.964163
result;131;-1;-0.00014495849609375;0.012006998062133789;0.0;0.012372970581054688;1693168206.964163
result;132;-1;-0.00017786026000976562;0.012521982192993164;0.0;0.012835979461669922;1693168206.979867
request;133;1693168206.995258
request;134;1693168206.995258
result;134;-1;0.0011410713195800781;0.01199793815612793;0.0;0.013777017593383789;1693168207.012266
result;133;-1;0.0004792213439941406;0.012996912002563477;0.0;0.014243125915527344;1693168207.013385
request;135;1693168207.027276
result;135;-1;0.00037217140197753906;0.011999845504760742;0.0;0.012917041778564453;1693168207.043139
request;136;1693168207.043139
request;137;1693168207.058317
result;136;-1;0.0006771087646484375;0.011296987533569336;0.0;0.012864112854003906;1693168207.059322
result;137;-1;0.0002949237823486328;0.01201009750366211;0.0;0.013068914413452148;1693168207.0743
request;138;1693168207.089229
result;138;-1;0.0007710456848144531;0.011339902877807617;0.0;0.013036012649536133;1693168207.106001
request;139;1693168207.12018
request;140;1693168207.12018
result;140;-1;0.0013840198516845703;0.01122283935546875;0.0;0.01314687728881836;1693168207.136139
result;139;-1;0.0005831718444824219;0.012221813201904297;0.0;0.013412952423095703;1693168207.137144
request;141;1693168207.151254
request;142;1693168207.166698
result;141;-1;9.5367431640625e-07;0.01244497299194336;0.0;0.012917041778564453;1693168207.166698
request;143;1693168207.182036
result;142;-1;-2.8133392333984375e-05;0.011999130249023438;0.0;0.012497901916503906;1693168207.182036
request;144;1693168207.197335
result;143;-1;-0.0001499652862548828;0.013093948364257812;0.0;0.013531923294067383;1693168207.19834
result;144;-1;0.0006499290466308594;0.012388944625854492;0.0;0.013581037521362305;1693168207.21314
request;145;1693168207.228557
request;146;1693168207.244179
result;145;-1;0.0005960464477539062;0.011546850204467773;0.0;0.01265096664428711;1693168207.244179
result;146;-1;0.0006868839263916016;0.011353015899658203;0.0;0.012514829635620117;1693168207.259679
request;147;1693168207.259679
result;147;-1;3.886222839355469e-05;0.01142120361328125;0.0;0.01193690299987793;1693168207.274004
request;148;1693168207.275021
result;148;-1;7.414817810058594e-05;0.011349916458129883;0.0;0.011960029602050781;1693168207.289238
request;149;1693168207.305834
request;150;1693168207.321043
result;149;-1;-0.0001621246337890625;0.01199197769165039;0.0;0.012399911880493164;1693168207.322048
request;151;1693168207.336241
result;150;-1;-9.298324584960938e-05;0.013009071350097656;0.0;0.013386011123657227;1693168207.337244
result;151;-1;0.0004639625549316406;0.012006998062133789;0.0;0.012944936752319336;1693168207.35315
request;152;1693168207.368252
result;152;-1;0.0005700588226318359;0.011119842529296875;0.0;0.012253999710083008;1693168207.38285
request;153;1693168207.383859
request;154;1693168207.399141
result;153;-1;0.00013113021850585938;0.01199197769165039;0.0;0.01257014274597168;1693168207.399141
result;154;-1;0.0001399517059326172;0.012984037399291992;0.0;0.013691902160644531;1693168207.415142
request;155;1693168207.430716
request;156;1693168207.446169
result;155;-1;7.104873657226562e-05;0.01276397705078125;0.0;0.013396024703979492;1693168207.447174
request;157;1693168207.461654
result;156;-1;0.0004899501800537109;0.012086868286132812;0.0;0.012995004653930664;1693168207.461654
request;158;1693168207.476821
result;157;-1;-8.392333984375e-05;0.012009143829345703;0.0;0.012432098388671875;1693168207.478145
result;158;-1;-5.602836608886719e-05;0.013047933578491211;0.0;0.013520002365112305;1693168207.493222
request;159;1693168207.507337
request;160;1693168207.523166
result;159;-1;0.0005469322204589844;0.014096975326538086;0.0;0.015165090560913086;1693168207.525248
request;161;1693168207.538808
result;160;-1;-5.888938903808594e-05;0.015039920806884766;0.0;0.015519142150878906;1693168207.540814
result;161;-1;-8.606910705566406e-05;0.015243053436279297;0.0;0.015658140182495117;1693168207.556818
request;162;1693168207.570139
request;163;1693168207.585682
result;162;-1;0.0008180141448974609;0.014477014541625977;0.0;0.01656794548034668;1693168207.589317
request;164;1693168207.601299
result;163;-1;0.0006511211395263672;0.014860868453979492;0.0;0.016260147094726562;1693168207.604127
request;165;1693168207.617255
result;164;-1;0.0008678436279296875;0.014419078826904297;0.0;0.016180992126464844;1693168207.620159
result;165;-1;0.0007088184356689453;0.014145135879516602;0.0;0.01566600799560547;1693168207.63618
request;166;1693168207.648651
request;167;1693168207.664252
result;166;-1;0.0010840892791748047;0.014104843139648438;0.0;0.016485929489135742;1693168207.668274
request;168;1693168207.679579
result;167;-1;0.0008869171142578125;0.014214038848876953;0.0;0.015613079071044922;1693168207.682684
request;169;1693168207.695258
result;168;-1;0.0005419254302978516;0.015000104904174805;0.0;0.016381025314331055;1693168207.698311
result;169;-1;0.0008177757263183594;0.014495134353637695;0.0;0.0158078670501709;1693168207.714008
request;170;1693168207.726972
request;171;1693168207.742132
result;170;-1;-0.00014495849609375;0.01505589485168457;0.0;0.015446901321411133;1693168207.744781
request;172;1693168207.75772
result;171;-1;0.0009899139404296875;0.015091896057128906;0.0;0.016655921936035156;1693168207.760761
result;172;-1;0.00036787986755371094;0.0157010555267334;0.0;0.01663494110107422;1693168207.776678
request;173;1693168207.788786
request;174;1693168207.804326
result;174;-1;5.888938903808594e-05;0.0009999275207519531;0.0;0.0018229484558105469;1693168207.808439
result;173;-1;0.00061798095703125;0.016052961349487305;0.0;0.017637014389038086;1693168207.809609
request;175;1693168207.820114
result;175;-1;0.000102996826171875;0.0009560585021972656;0.0;0.0015468597412109375;1693168207.824279
request;176;1693168207.835657
result;176;-1;0.0004210472106933594;0.0009999275207519531;0.0;0.001934051513671875;1693168207.839826
request;177;1693168207.86726
result;177;-1;7.700920104980469e-05;0.0010008811950683594;0.0;0.0016200542449951172;1693168207.87102
request;178;1693168207.88211
result;178;-1;0.0003268718719482422;0.0009949207305908203;0.0;0.0018417835235595703;1693168207.886285
request;179;1693168207.89826
result;179;-1;0.0002110004425048828;0.015450000762939453;0.0;0.016093969345092773;1693168207.917117
request;180;1693168207.929368
request;181;1693168207.945258
result;180;-1;0.0004451274871826172;0.015028953552246094;0.0;0.016324996948242188;1693168207.948038
request;182;1693168207.960707
result;181;-1;0.0003998279571533203;0.015024185180664062;0.0;0.01590585708618164;1693168207.965554
request;183;1693168207.976805
result;182;-1;-0.0002491474151611328;0.011062145233154297;0.0;0.011317014694213867;1693168207.979052
result;183;-1;-2.002716064453125e-05;0.014661073684692383;0.0;0.015099048614501953;1693168207.994833
request;184;1693168208.00743
request;185;1693168208.023257
result;184;-1;0.0002930164337158203;0.01426386833190918;0.0;0.015076875686645508;1693168208.024527
request;186;1693168208.038759
result;185;-1;-0.00015497207641601562;0.015018939971923828;0.0;0.015352010726928711;1693168208.040576
result;186;-1;0.0003120899200439453;0.015027999877929688;0.0;0.015855073928833008;1693168208.056735
request;187;1693168208.069139
request;188;1693168208.084135
result;188;-1;-7.510185241699219e-05;0.0010039806365966797;0.0;0.0014050006866455078;1693168208.088137
result;187;-1;-0.00020694732666015625;0.015924930572509766;0.0;0.016303062438964844;1693168208.088137
request;189;1693168208.100251
request;190;1693168208.116254
result;189;-1;0.00023889541625976562;0.016031980514526367;0.0;0.016752004623413086;1693168208.118947
result;190;-1;0.0001819133758544922;0.014925956726074219;0.0;0.015591859817504883;1693168208.134606
request;191;1693168208.147285
request;192;1693168208.163255
result;191;-1;-0.00015211105346679688;0.01510310173034668;0.0;0.015719890594482422;1693168208.165134
request;193;1693168208.179255
result;192;-1;-9.012222290039062e-05;0.014755010604858398;0.0;0.015207052230834961;1693168208.18026
request;194;1693168208.195258
result;193;-1;0.0006411075592041016;0.01338505744934082;0.0;0.01456904411315918;1693168208.196511
result;194;-1;0.0003330707550048828;0.012994050979614258;0.0;0.013857126235961914;1693168208.212036
request;195;1693168208.226842
request;196;1693168208.242136
result;195;-1;0.0005090236663818359;0.012284994125366211;0.0;0.013346195220947266;1693168208.243234
request;197;1693168208.257673
result;196;-1;0.0005609989166259766;0.010943889617919922;0.0;0.011931896209716797;1693168208.258676
result;197;-1;6.9141387939453125e-06;0.013159990310668945;0.0;0.013623952865600586;1693168208.273298
request;198;1693168208.288738
request;199;1693168208.304221
result;198;-1;-1.811981201171875e-05;0.01275014877319336;0.0;0.013180971145629883;1693168208.305235
request;200;1693168208.319135
result;199;-1;0.0002510547637939453;0.012841939926147461;0.0;0.013546943664550781;1693168208.320158
result;200;-1;3.218650817871094e-05;0.013818979263305664;0.0;0.014377117156982422;1693168208.33661
request;201;1693168208.350254
request;202;1693168208.366255
result;201;-1;0.0006628036499023438;0.01299905776977539;0.0;0.014143943786621094;1693168208.367259
request;203;1693168208.381727
result;202;-1;-0.00010085105895996094;0.01302194595336914;0.0;0.013353109359741211;1693168208.382732
request;204;1693168208.397258
result;203;-1;0.0006659030914306641;0.013098001480102539;0.0;0.01437687873840332;1693168208.398282
result;204;-1;7.414817810058594e-05;0.01349186897277832;0.0;0.014410018920898438;1693168208.414678
request;205;1693168208.42926
request;206;1693168208.445256
result;205;-1;0.00061798095703125;0.011677026748657227;0.0;0.013234138488769531;1693168208.446259
request;207;1693168208.460638
result;206;-1;0.000598907470703125;0.011849164962768555;0.0;0.013278007507324219;1693168208.461643
request;208;1693168208.476259
result;207;-1;0.0007779598236083984;0.013026952743530273;0.0;0.014675140380859375;1693168208.477738
result;208;-1;0.0009958744049072266;0.012134075164794922;0.0;0.013988971710205078;1693168208.493762
request;209;1693168208.507255
request;210;1693168208.523256
result;209;-1;0.0006330013275146484;0.014001846313476562;0.0;0.015419960021972656;1693168208.525573
request;211;1693168208.538708
result;210;-1;0.0007030963897705078;0.012771129608154297;0.0;0.014385223388671875;1693168208.540621
result;211;-1;0.00047397613525390625;0.012579917907714844;0.0;0.013714790344238281;1693168208.555741
request;212;1693168208.570282
request;213;1693168208.585584
result;212;-1;0.0006210803985595703;0.012867927551269531;0.0;0.01399993896484375;1693168208.586953
request;214;1693168208.601259
result;213;-1;-0.00015401840209960938;0.01402902603149414;0.0;0.014700889587402344;1693168208.603358
request;215;1693168208.617256
result;214;-1;0.0006380081176757812;0.013069868087768555;0.0;0.014726877212524414;1693168208.61851
result;215;-1;0.000675201416015625;0.012056827545166016;0.0;0.013525009155273438;1693168208.634069
request;216;1693168208.6488
request;217;1693168208.664138
result;216;-1;0.0010111331939697266;0.010757923126220703;0.0;0.012333154678344727;1693168208.665144
request;218;1693168208.67926
result;217;-1;-9.107589721679688e-05;0.012981891632080078;0.0;0.013365983963012695;1693168208.680268
request;219;1693168208.695254
result;218;-1;-0.00011301040649414062;0.014039993286132812;0.0;0.014484882354736328;1693168208.696259
result;219;-1;-0.00022101402282714844;0.013810157775878906;0.0;0.014078140258789062;1693168208.712037
request;220;1693168208.726257
request;221;1693168208.741692
result;220;-1;0.0005080699920654297;0.013818025588989258;0.0;0.014818906784057617;1693168208.743754
request;222;1693168208.757266
result;221;-1;-4.506111145019531e-05;0.014767885208129883;0.0;0.015187978744506836;1693168208.759488
result;222;-1;6.985664367675781e-05;0.015119075775146484;0.0;0.01565098762512207;1693168208.775198
request;223;1693168208.788684
request;224;1693168208.804261
result;223;-1;-4.315376281738281e-05;0.014914989471435547;0.0;0.015461921691894531;1693168208.806697
request;225;1693168208.820018
result;224;[2];0.00011706352233886719;0.014555931091308594;0.007002115249633789;0.022248029708862305;1693168208.830156
result;225;[2];0.004918098449707031;0.0010020732879638672;0.0010008811950683594;0.007424116134643555;1693168208.830856
request;226;1693168208.835097
result;226;[2];0.0009119510650634766;0.014839887619018555;0.001001119613647461;0.017450809478759766;1693168208.855156
request;227;1693168208.866258
request;228;1693168208.881628
result;228;[2];0.0001780986785888672;0.0010008811950683594;0.0009999275207519531;0.002877950668334961;1693168208.887143
result;227;[2];0.000347137451171875;0.01700282096862793;0.0010020732879638672;0.018787145614624023;1693168208.887752
request;229;1693168208.897168
result;229;[2];0.0006768703460693359;0.0010290145874023438;0.0009751319885253906;0.0031468868255615234;1693168208.902771
request;230;1693168208.928681
request;231;1693168208.944169
result;230;[3];0.0005400180816650391;0.015302896499633789;0.0009999275207519531;0.017427921295166016;1693168208.948281
result;231;[3];0.0004661083221435547;0.0009999275207519531;0.0010020732879638672;0.0027990341186523438;1693168208.949471
request;232;1693168208.959553
request;233;1693168208.974793
result;232;[3];0.0004999637603759766;0.015328168869018555;0.0009989738464355469;0.017570972442626953;1693168208.978889
result;233;[3];0.000469207763671875;0.0009989738464355469;0.0009989738464355469;0.0028030872344970703;1693168208.979911
request;234;1693168209.006441
request;235;1693168209.021577
result;235;[3];0.0004570484161376953;0.0010008811950683594;0.0009999275207519531;0.0030188560485839844;1693168209.027181
result;234;[0];0.0005910396575927734;0.01690983772277832;0.0;0.018611907958984375;1693168209.027181
request;236;1693168209.037661
result;236;[0];0.0005209445953369141;0.014940023422241211;0.0;0.01680278778076172;1693168209.057177
request;237;1693168209.068874
request;238;1693168209.084399
result;237;[0];0.0006520748138427734;0.014008045196533203;0.0010030269622802734;0.01629495620727539;1693168209.087993
request;239;1693168209.100258
result;238;[0];0.00019812583923339844;0.014401912689208984;0.0;0.0159149169921875;1693168209.10289
request;240;1693168209.116257
result;239;[0];0.0001659393310546875;0.014049053192138672;0.0009999275207519531;0.015616893768310547;1693168209.118212
result;240;[0];0.0008981227874755859;0.013982772827148438;0.0;0.016191959381103516;1693168209.135162
request;241;1693168209.147287
request;242;1693168209.163283
result;241;[0];-0.0001380443572998047;0.014822006225585938;0.0;0.016388893127441406;1693168209.165079
request;243;1693168209.179256
result;242;[0];0.0008528232574462891;0.013531208038330078;0.0010008811950683594;0.01580500602722168;1693168209.181338
request;244;1693168209.195253
result;243;[0];0.00010585784912109375;0.013791084289550781;0.0010008811950683594;0.015347957611083984;1693168209.196692
result;244;[0];-3.1948089599609375e-05;0.01335287094116211;0.0010590553283691406;0.015151023864746094;1693168209.213319
request;245;1693168209.225966
request;246;1693168209.241985
result;245;[0];0.00013518333435058594;0.013301849365234375;0.0008361339569091797;0.015228033065795898;1693168209.244158
request;247;1693168209.257259
result;246;[0];0.0003180503845214844;0.012697935104370117;0.0014629364013671875;0.015272855758666992;1693168209.259857
result;247;[1];6.914138793945312e-05;0.013334989547729492;0.0010008811950683594;0.015397071838378906;1693168209.275201
request;248;1693168209.288639
request;249;1693168209.304255
result;248;[1];0.0010008811950683594;0.012437105178833008;0.0010089874267578125;0.01577901840209961;1693168209.307833
request;250;1693168209.319972
result;249;[1];0.00048613548278808594;0.01358485221862793;0.000926971435546875;0.016442060470581055;1693168209.323619
request;251;1693168209.335259
result;250;[1];0.0002739429473876953;0.013677120208740234;0.0019979476928710938;0.016379117965698242;1693168209.339241
result;251;[1];0.0006270408630371094;0.013798952102661133;0.0010061264038085938;0.016277074813842773;1693168209.353938
request;252;1693168209.367247
request;253;1693168209.382857
result;252;[1];0.0007848739624023438;0.013334035873413086;0.0010058879852294922;0.016168832778930664;1693168209.385141
request;254;1693168209.398258
result;253;[1];0.00037288665771484375;0.013378143310546875;0.0006990432739257812;0.015091896057128906;1693168209.400922
result;254;[1];0.0004470348358154297;0.01400899887084961;0.0010008811950683594;0.015887975692749023;1693168209.417047
request;255;1693168209.429799
request;256;1693168209.445259
result;255;[1];-9.703636169433594e-05;0.014658927917480469;0.0007929801940917969;0.016420841217041016;1693168209.448921
request;257;1693168209.460638
result;256;[1];0.0009918212890625;0.01442408561706543;0.000865936279296875;0.017288923263549805;1693168209.465232
result;257;[1];0.0006618499755859375;0.0;0.0009989738464355469;0.002532958984375;1693168209.465232
request;258;1693168209.476253
result;258;[1];7.009506225585938e-05;0.016089916229248047;0.0008790493011474609;0.017457962036132812;1693168209.49654
request;259;1693168209.507255
result;259;[1];5.9604644775390625e-06;0.001001119613647461;0.0009989738464355469;0.0025870800018310547;1693168209.512023
request;260;1693168209.523257
request;261;1693168209.538619
result;260;[1];0.0001461505889892578;0.015543937683105469;0.0008409023284912109;0.01779317855834961;1693168209.543016
result;261;[1];0.0006349086761474609;0.0;0.0010001659393310547;0.0028450489044189453;1693168209.544196
request;262;1693168209.569135
result;262;[1];0.0003750324249267578;0.0011529922485351562;0.0008471012115478516;0.0031599998474121094;1693168209.575243
request;263;1693168209.585186
result;263;[2];0.00011205673217773438;0.0009961128234863281;0.0010099411010742188;0.002722024917602539;1693168209.590209
request;264;1693168209.600474
result;264;[2];-0.00014591217041015625;0.0010318756103515625;0.0009701251983642578;0.0031049251556396484;1693168209.606414
request;265;1693168209.616258
result;265;[2];0.00014090538024902344;0.015707969665527344;0.0;0.017175912857055664;1693168209.635912
request;266;1693168209.647918
request;267;1693168209.663256
result;266;[2];0.0005650520324707031;0.014729976654052734;0.0010018348693847656;0.017212867736816406;1693168209.667784
result;267;[2];0.0010249614715576172;0.0;0.001026153564453125;0.0029060840606689453;1693168209.667784
request;268;1693168209.679259
request;269;1693168209.695253
result;268;[2];0.00024700164794921875;0.014961004257202148;0.0010030269622802734;0.01739192008972168;1693168209.699205
result;269;[2];0.0007851123809814453;0.013846874237060547;0.0010001659393310547;0.01626300811767578;1693168209.714037
request;270;1693168209.726254
request;271;1693168209.741597
result;270;[2];2.193450927734375e-05;0.01434016227722168;0.0010018348693847656;0.015794992446899414;1693168209.744741
request;272;1693168209.757255
result;271;[2];0.0009961128234863281;0.013762950897216797;0.0007870197296142578;0.01613306999206543;1693168209.760409
result;272;[2];0.0009751319885253906;0.014047861099243164;0.0;0.016247034072875977;1693168209.776248
request;273;1693168209.788595
request;274;1693168209.804255
result;273;[2];0.0006089210510253906;0.014629125595092773;0.0008909702301025391;0.01775503158569336;1693168209.808472
result;274;[2];0.00040411949157714844;0.0010008811950683594;0.0;0.002735137939453125;1693168209.809659
request;275;1693168209.819924
request;276;1693168209.835262
result;275;[2];0.0005609989166259766;0.01403188705444336;0.0009679794311523438;0.016505002975463867;1693168209.839084
result;276;[2];5.1975250244140625e-05;0.015017032623291016;0.0009319782257080078;0.016711950302124023;1693168209.854924
request;277;1693168209.866255
request;278;1693168209.88184
result;277;[3];0.0005199909210205078;0.015012025833129883;0.001010894775390625;0.0176389217376709;1693168209.886446
result;278;[3];0.0005538463592529297;0.0;0.0009911060333251953;0.002238035202026367;1693168209.887146
request;279;1693168209.897251
result;279;[3];0.0007009506225585938;0.0;0.0009999275207519531;0.0021979808807373047;1693168209.902015
request;280;1693168209.929259
request;281;1693168209.945251
result;280;[3];0.0006818771362304688;0.01382303237915039;0.0;0.015687942504882812;1693168209.947203
request;282;1693168209.961273
result;281;[3];0.0006549358367919922;0.01403498649597168;0.0009829998016357422;0.016255855560302734;1693168209.964064
request;283;1693168209.97692
result;282;[3];0.0006361007690429688;0.013947010040283203;0.0;0.015872955322265625;1693168209.979688
result;283;[3];-0.0001399517059326172;0.014271974563598633;0.0;0.015442132949829102;1693168209.995212
request;284;1693168210.007736
request;285;1693168210.023256
result;284;[3];0.00013399124145507812;0.014075040817260742;0.0009710788726806641;0.015833139419555664;1693168210.025261
request;286;1693168210.03857
result;285;[3];0.0005397796630859375;0.013505220413208008;0.0;0.015540838241577148;1693168210.04092
result;286;[3];0.0006520748138427734;0.013952970504760742;0.0010030269622802734;0.016209125518798828;1693168210.057775
request;287;1693168210.069244
request;288;1693168210.085433
result;287;[3];0.0009920597076416016;0.014909029006958008;0.0016369819641113281;0.018041133880615234;1693168210.089347
result;288;[3];0.00030803680419921875;0.0009999275207519531;0.0;0.002482891082763672;1693168210.090639
request;289;1693168210.101138
request;290;1693168210.117171
result;289;[3];0.0008051395416259766;0.014277935028076172;0.0010020732879638672;0.01651906967163086;1693168210.119315
result;290;[3];0.0007340908050537109;0.012915849685668945;0.0010149478912353516;0.015074014663696289;1693168210.134742
request;291;1693168210.148167
request;292;1693168210.164168
result;291;[3];0.0008790493011474609;0.01263284683227539;0.0008831024169921875;0.015166044235229492;1693168210.166092
request;293;1693168210.180169
result;292;[3];0.0007100105285644531;0.012161970138549805;0.0007441043853759766;0.014255046844482422;1693168210.181174
request;294;1693168210.196167
result;293;[0];0.000225067138671875;0.012364864349365234;0.0007290840148925781;0.013957977294921875;1693168210.19717
result;294;[0];0.0003440380096435547;0.01217198371887207;0.0008950233459472656;0.014044046401977539;1693168210.213127
request;295;1693168210.22695
request;296;1693168210.243016
result;295;[0];0.00011801719665527344;0.012892961502075195;0.0009169578552246094;0.014595985412597656;1693168210.243961
request;297;1693168210.258595
result;296;[0];0.0005848407745361328;0.011260032653808594;0.0010020732879638672;0.013228893280029297;1693168210.259598
result;297;[0];0.0002639293670654297;0.01100015640258789;0.0;0.012575149536132812;1693168210.274476
request;298;1693168210.289532
request;299;1693168210.305225
result;298;[0];0.00041294097900390625;0.011991024017333984;0.0;0.013679981231689453;1693168210.30623
request;300;1693168210.320881
result;299;[0];0.00033402442932128906;0.011513948440551758;0.0010030269622802734;0.013414859771728516;1693168210.321887
request;301;1693168210.336428
result;300;[0];0.0005159378051757812;0.011240959167480469;0.0;0.013059854507446289;1693168210.33743
result;301;[0];-0.00014519691467285156;0.011130094528198242;0.0009989738464355469;0.012655973434448242;1693168210.353019
request;302;1693168210.367259
request;303;1693168210.38326
result;302;[0];0.0008080005645751953;0.010885000228881836;0.0010061264038085938;0.013682126998901367;1693168210.384138
result;303;[0];0.0005829334259033203;0.010400056838989258;0.0;0.01222681999206543;1693168210.397773
request;304;1693168210.398787
result;304;[0];0.0005679130554199219;0.010185003280639648;0.0008149147033691406;0.012099981307983398;1693168210.413091
request;305;1693168210.430262
result;305;[0];-9.894371032714844e-05;0.01017904281616211;0.0008311271667480469;0.01153111457824707;1693168210.444376
request;306;1693168210.446454
result;306;[1];0.00044989585876464844;0.009052038192749023;0.0;0.010770082473754883;1693168210.460232
request;307;1693168210.462353
result;307;[1];-7.081031799316406e-05;0.010159015655517578;0.0;0.011407136917114258;1693168210.475854
request;308;1693168210.477971
result;308;[1];0.00041484832763671875;0.009123086929321289;0.0009529590606689453;0.010867834091186523;1693168210.491013
request;309;1693168210.508595
result;309;[1];0.0007159709930419922;0.009356975555419922;0.0;0.011308908462524414;1693168210.522125
request;310;1693168210.524248
result;310;[1];0.0005030632019042969;0.009373903274536133;0.0;0.011234045028686523;1693168210.538201
request;311;1693168210.540321
result;311;[1];0.0005629062652587891;0.00904393196105957;0.0010020732879638672;0.011015892028808594;1693168210.554265
request;312;1693168210.556387
result;312;[1];0.0001361370086669922;0.009377002716064453;0.0006508827209472656;0.010810136795043945;1693168210.570094
request;313;1693168210.587614
result;313;[1];0.000347137451171875;0.009001016616821289;0.0010008811950683594;0.011120080947875977;1693168210.601003
request;314;1693168210.603124
result;314;[1];0.00047707557678222656;0.00900888442993164;0.001001119613647461;0.011897087097167969;1693168210.617325
request;315;1693168210.61833
result;315;[1];0.0004317760467529297;0.009366035461425781;0.0007560253143310547;0.011165857315063477;1693168210.632253
request;316;1693168210.634373
result;316;[1];0.00047206878662109375;0.00862884521484375;0.0008101463317871094;0.010319948196411133;1693168210.647023
request;317;1693168210.665367
result;317;[1];0.00030803680419921875;0.008445024490356445;0.0;0.010013103485107422;1693168210.677684
request;318;1693168210.680729
result;318;[1];0.00045609474182128906;0.008179903030395508;0.0008230209350585938;0.010233163833618164;1693168210.693255
request;319;1693168210.696289
result;319;[1];0.0003421306610107422;0.007998943328857422;0.0010039806365966797;0.009716987609863281;1693168210.708391
request;320;1693168210.728257
result;320;[1];0.000701904296875;0.006999015808105469;0.001001119613647461;0.009189844131469727;1693168210.739915
request;321;1693168210.744264
result;321;[1];-0.0001518726348876953;0.00700688362121582;0.0010120868682861328;0.00829315185546875;1693168210.755035
request;322;1693168210.760083
result;322;[1];0.0004630088806152344;0.006300926208496094;0.0009360313415527344;0.008243083953857422;1693168210.770569
request;323;1693168210.775805
result;323;[1];7.414817810058594e-05;0.0061719417572021484;0.0;0.007632017135620117;1693168210.785597
request;324;1693168210.807193
result;324;[2];0.0006289482116699219;0.005672931671142578;0.000759124755859375;0.007840871810913086;1693168210.8173
request;325;1693168210.82325
result;325;[2];0.0001919269561767578;0.006000041961669922;0.0010008811950683594;0.007863998413085938;1693168210.833539
request;326;1693168210.838855
result;326;[2];0.0005700588226318359;0.004763126373291016;0.0;0.0067250728607177734;1693168210.847912
request;327;1693168210.885257
request;328;1693168210.885257
result;328;[2];0.0013790130615234375;0.003422975540161133;0.0005750656127929688;0.006737947463989258;1693168210.896059
result;327;[2];0.0005319118499755859;0.004949092864990234;0.0010020732879638672;0.007525920867919922;1693168210.896759
request;329;1693168210.916257
request;330;1693168210.916257
result;330;[2];0.0009660720825195312;0.003983974456787109;0.0009980201721191406;0.006793975830078125;1693168210.926661
result;329;[2];0.0011119842529296875;0.00498199462890625;0.0009999275207519531;0.007812976837158203;1693168210.926661
request;331;1693168210.963258
request;332;1693168210.963258
result;332;[2];0.0014081001281738281;0.003351926803588867;0.0010120868682861328;0.007089138031005859;1693168210.973979
result;331;[2];0.0008399486541748047;0.00527501106262207;0.0010058879852294922;0.008095979690551758;1693168210.973979
request;333;1693168210.994322
request;334;1693168210.994322
result;334;[2];0.0007140636444091797;0.004998922348022461;0.0010471343994140625;0.007220029830932617;1693168211.004294
result;333;[2];0.0010170936584472656;0.0060460567474365234;0.0009529590606689453;0.008390188217163086;1693168211.006227
request;335;1693168211.025273
result;335;[2];0.0004870891571044922;0.00599980354309082;0.0009980201721191406;0.008151054382324219;1693168211.036767
request;336;1693168211.04128
result;336;[2];0.0008208751678466797;0.006057024002075195;0.0009431838989257812;0.008234977722167969;1693168211.0525
request;337;1693168211.056579
result;337;[2];-5.793571472167969e-05;0.006999969482421875;0.001001119613647461;0.008502006530761719;1693168211.067875
request;338;1693168211.087472
result;338;[3];0.0008730888366699219;0.0060079097747802734;0.0;0.008178949356079102;1693168211.098013
request;339;1693168211.103143
result;339;[3];0.00016379356384277344;0.006785154342651367;0.0010008811950683594;0.008380889892578125;1693168211.114241
request;340;1693168211.118691
result;340;[3];0.0002410411834716797;0.006535768508911133;0.0007472038269042969;0.008124828338623047;1693168211.129269
request;341;1693168211.150256
result;341;[3];0.00048089027404785156;0.006000995635986328;0.0009980201721191406;0.008226871490478516;1693168211.161129
request;342;1693168211.166141
result;342;[3];0.0009119510650634766;0.0050029754638671875;0.0;0.0073719024658203125;1693168211.176054
request;343;1693168211.182102
result;343;[3];0.0004711151123046875;0.005171060562133789;0.0;0.006971120834350586;1693168211.192016
request;344;1693168211.197417
result;344;[3];0.000370025634765625;0.0060939788818359375;0.0008559226989746094;0.007976055145263672;1693168211.20755
request;345;1693168211.229029
result;345;[3];0.00040602684020996094;0.005457878112792969;0.0007960796356201172;0.007242918014526367;1693168211.238505
request;346;1693168211.245169
result;346;[3];-1.9073486328125e-06;0.004997968673706055;0.0010020732879638672;0.006505012512207031;1693168211.253787
request;347;1693168211.260831
result;347;[3];0.00021982192993164062;0.0043621063232421875;0.0006380081176757812;0.005848884582519531;1693168211.26865
request;348;1693168211.291965
result;348;[3];1.2874603271484375e-05;0.003999948501586914;0.0;0.005419015884399414;1693168211.300249
request;349;1693168211.307489
result;349;[3];0.0006401538848876953;0.0029990673065185547;0.0010139942169189453;0.005185127258300781;1693168211.314929
request;350;1693168211.323253
result;350;[3];-0.0001480579376220703;0.004008054733276367;0.0009989738464355469;0.005265951156616211;1693168211.330706
request;351;1693168211.339414
result;351;[3];9.083747863769531e-05;0.0030100345611572266;0.001001119613647461;0.0045130252838134766;1693168211.34634
request;352;1693168211.355108
result;352;[0];0.0005481243133544922;0.0023729801177978516;0.0007529258728027344;0.004630088806152344;1693168211.362697
request;353;1693168211.386236
result;353;[0];0.000347137451171875;0.0019989013671875;0.0010039806365966797;0.003793954849243164;1693168211.392725
request;354;1693168211.402015
result;354;[0];1.1920928955078125e-05;0.002000093460083008;0.0;0.003289937973022461;1693168211.407595
request;355;1693168211.417255
result;355;[0];0.0004191398620605469;0.0019979476928710938;0.0;0.0036690235137939453;1693168211.423491
request;356;1693168211.449259
request;357;1693168211.465261
result;356;[0];0.0006291866302490234;0.015246868133544922;0.001001119613647461;0.017815113067626953;1693168211.469669
result;357;[0];0.0009181499481201172;0.0;0.0010728836059570312;0.0027191638946533203;1693168211.470355
request;358;1693168211.481254
request;359;1693168211.497256
result;358;[0];0.0004849433898925781;0.014471054077148438;0.0010368824005126953;0.016433000564575195;1693168211.500529
result;359;[0];0.001085042953491211;0.01363992691040039;0.0006568431854248047;0.015944957733154297;1693168211.515984
request;360;1693168211.52826
request;361;1693168211.544256
result;360;[0];0.0004620552062988281;0.01501607894897461;0.0010020732879638672;0.01755499839782715;1693168211.548751
result;361;[0];0.0005891323089599609;0.0;0.0010638236999511719;0.0026040077209472656;1693168211.549419
request;362;1693168211.560143
request;363;1693168211.576258
result;362;[0];0.0006730556488037109;0.014842987060546875;0.0010008811950683594;0.017479896545410156;1693168211.580263
result;363;[0];0.0003800392150878906;0.015187978744506836;0.0006730556488037109;0.017112016677856445;1693168211.596185
request;364;1693168211.607139
request;365;1693168211.62326
result;364;[1];0.0002989768981933594;0.015619039535522461;0.002001047134399414;0.01853799819946289;1693168211.627788
result;365;[1];0.0010519027709960938;0.0010001659393310547;0.0009980201721191406;0.003473043441772461;1693168211.62881
request;366;1693168211.638788
result;366;[1];0.000576019287109375;0.01484990119934082;0.0;0.016664981842041016;1693168211.658639
request;367;1693168211.669747
result;367;[1];-0.00014710426330566406;0.000990152359008789;0.0;0.0021009445190429688;1693168211.673876
request;368;1693168211.685018
result;368;[1];0.00015592575073242188;0.0012710094451904297;0.0007281303405761719;0.002608060836791992;1693168211.690316
request;369;1693168211.700255
result;369;[1];0.0003669261932373047;0.0012559890747070312;0.0007450580596923828;0.003239870071411133;1693168211.705684
request;370;1693168211.716256
result;370;[1];0.00038695335388183594;0.0010600090026855469;0.0009379386901855469;0.003084897994995117;1693168211.722018
request;371;1693168211.747269
result;371;[1];0.000843048095703125;0.0;0.0009968280792236328;0.0025479793548583984;1693168211.752019
request;372;1693168211.763255
request;373;1693168211.779256
result;372;[1];0.00026416778564453125;0.015646934509277344;0.0010008811950683594;0.017824172973632812;1693168211.783781
result;373;[1];0.0008029937744140625;0.0;0.001001119613647461;0.0025370121002197266;1693168211.784433
request;374;1693168211.795255
result;374;[1];1.9073486328125e-06;0.015474081039428711;0.0010058879852294922;0.017225980758666992;1693168211.814719
request;375;1693168211.827259
request;376;1693168211.843257
result;375;[1];0.0009829998016357422;0.013477087020874023;0.0010008811950683594;0.015965938568115234;1693168211.845681
request;377;1693168211.859141
result;376;[1];0.00036406517028808594;0.013748884201049805;0.0009479522705078125;0.015933990478515625;1693168211.861151
request;378;1693168211.875254
result;377;[1];-5.0067901611328125e-06;0.01386404037475586;0.0010008811950683594;0.015455007553100586;1693168211.876961
result;378;[1];0.0006241798400878906;0.012231826782226562;0.0;0.014229059219360352;1693168211.892373
request;379;1693168211.907134
request;380;1693168211.922136
result;379;[1];0.00037789344787597656;0.011023998260498047;0.0;0.01267385482788086;1693168211.923141
request;381;1693168211.937709
result;380;[1];0.0005259513854980469;0.011596918106079102;0.0010039806365966797;0.013751983642578125;1693168211.938747
result;381;[1];0.0005478858947753906;0.01214599609375;0.0008540153503417969;0.014087915420532227;1693168211.954387
request;382;1693168211.968596
request;383;1693168211.98427
result;382;[1];9.989738464355469e-05;0.01303410530090332;0.0;0.014552116394042969;1693168211.986197
request;384;1693168211.999944
result;383;[1];0.0007789134979248047;0.01288294792175293;0.0007460117340087891;0.014997005462646484;1693168212.001946
request;385;1693168212.015349
result;384;[1];0.0006940364837646484;0.01304006576538086;0.0009310245513916016;0.015100955963134766;1693168212.017919
result;385;[1];0.00025391578674316406;0.013920068740844727;0.0010271072387695312;0.01563096046447754;1693168212.033046
request;386;1693168212.047255
request;387;1693168212.063256
result;386;[2];0.00035190582275390625;0.013294219970703125;0.0008118152618408203;0.015399932861328125;1693168212.065981
request;388;1693168212.079257
result;387;[2];0.000186920166015625;0.014014005661010742;0.0009160041809082031;0.015649795532226562;1693168212.081151
request;389;1693168212.095259
result;388;[2];0.000308990478515625;0.01351785659790039;0.0007719993591308594;0.015552043914794922;1693168212.097497
result;389;[2];0.0005178451538085938;0.012063980102539062;0.0;0.013874053955078125;1693168212.111138
request;390;1693168212.126392
request;391;1693168212.141749
result;390;[2];0.00034499168395996094;0.012025117874145508;0.0;0.013790130615234375;1693168212.142752
request;392;1693168212.157135
result;391;[2];0.0007059574127197266;0.01120901107788086;0.000888824462890625;0.013472795486450195;1693168212.158211
result;392;[2];0.0007050037384033203;0.012140035629272461;0.0008819103240966797;0.014633893966674805;1693168212.173999
request;393;1693168212.188742
request;394;1693168212.204133
result;393;[2];0.0006940364837646484;0.012165069580078125;0.0008029937744140625;0.01427006721496582;1693168212.20543
request;395;1693168212.219691
result;394;[2];0.0003731250762939453;0.012955904006958008;0.0;0.014739990234375;1693168212.220978
request;396;1693168212.235244
result;395;[2];0.0007779598236083984;0.012765884399414062;0.0008170604705810547;0.015051841735839844;1693168212.236773
result;396;[2];0.0007259845733642578;0.013113975524902344;0.0009801387786865234;0.015202999114990234;1693168212.25323
request;397;1693168212.267255
request;398;1693168212.283253
result;397;[2];-3.504753112792969e-05;0.013014078140258789;0.0010027885437011719;0.014552831649780273;1693168212.285063
request;399;1693168212.29926
result;398;[3];0.0007801055908203125;0.012999773025512695;0.0;0.0151519775390625;1693168212.300816
request;400;1693168212.31526
result;399;[3];-0.00014901161193847656;0.013261079788208008;0.0007479190826416016;0.014455080032348633;1693168212.316459
result;400;[3];0.0005071163177490234;0.011518001556396484;0.0009169578552246094;0.013523101806640625;1693168212.331143
request;401;1693168212.346256
request;402;1693168212.362135
result;401;[3];0.0007789134979248047;0.01209402084350586;0.0009500980377197266;0.014405965805053711;1693168212.363487
request;403;1693168212.377637
result;402;[3];-0.0001590251922607422;0.012010812759399414;0.0009191036224365234;0.013290882110595703;1693168212.379324
result;403;[3];0.0004341602325439453;0.012514829635620117;0.0008339881896972656;0.014530181884765625;1693168212.39501
request;404;1693168212.409138
request;405;1693168212.425259
result;404;[3];0.0008609294891357422;0.01229405403137207;0.0;0.014529943466186523;1693168212.426422
request;406;1693168212.440513
result;405;[3];-9.059906005859375e-06;0.012038946151733398;0.0;0.013393878936767578;1693168212.44152
request;407;1693168212.456134
result;406;[3];-0.00013303756713867188;0.013012170791625977;0.0;0.014161109924316406;1693168212.457644
result;407;[3];0.0004858970642089844;0.012920141220092773;0.0009999275207519531;0.014826059341430664;1693168212.473821
request;408;1693168212.487338
request;409;1693168212.503141
result;408;[3];0.00014209747314453125;0.013890981674194336;0.0;0.015386104583740234;1693168212.505326
request;410;1693168212.518442
result;409;[0];3.910064697265625e-05;0.01296687126159668;0.0;0.014395952224731445;1693168212.519854
result;410;[0];-0.00014495849609375;0.013730049133300781;0.0010020732879638672;0.015011072158813477;1693168212.536261
request;411;1693168212.54926
request;412;1693168212.565255
result;411;[0];0.0007779598236083984;0.013220071792602539;0.001001119613647461;0.015614032745361328;1693168212.567123
request;413;1693168212.580258
result;412;[0];0.00010991096496582031;0.013144969940185547;0.0;0.014415979385375977;1693168212.582697
request;414;1693168212.596199
result;413;[0];0.0005459785461425781;0.012986898422241211;0.0010020732879638672;0.01512598991394043;1693168212.5975
result;414;[0];0.0007190704345703125;0.012506961822509766;0.0008420944213867188;0.014935970306396484;1693168212.613811
request;415;1693168212.627762
request;416;1693168212.643255
result;415;[0];0.0006949901580810547;0.011605024337768555;0.0010030269622802734;0.01378011703491211;1693168212.644384
request;417;1693168212.659139
result;416;[0];0.00013685226440429688;0.012017965316772461;0.0;0.013507843017578125;1693168212.660141
request;418;1693168212.675251
result;417;[0];7.390975952148438e-05;0.01347804069519043;0.0006339550018310547;0.014962911605834961;1693168212.675903
result;418;[1];0.0007660388946533203;0.012054920196533203;0.0010008811950683594;0.014271020889282227;1693168212.692392
request;419;1693168212.70625
request;420;1693168212.721826
result;419;[1];-0.00016117095947265625;0.013115167617797852;0.0010077953338623047;0.01471090316772461;1693168212.723515
request;421;1693168212.737316
result;420;[1];-9.107589721679688e-05;0.013267993927001953;0.0007660388946533203;0.014739990234375;1693168212.739338
result;421;[1];0.0004820823669433594;0.013261079788208008;0.0009989738464355469;0.015119075775146484;1693168212.755279
request;422;1693168212.768531
request;423;1693168212.784258
result;422;[1];0.0004570484161376953;0.013096094131469727;0.0;0.014868974685668945;1693168212.786293
request;424;1693168212.799889
result;423;[1];0.00017786026000976562;0.013418197631835938;0.0;0.014915943145751953;1693168212.802019
request;425;1693168212.815255
result;424;[1];0.0007109642028808594;0.012494087219238281;0.0008440017700195312;0.014991998672485352;1693168212.81768
result;425;[1];0.0004558563232421875;0.012325048446655273;0.001001119613647461;0.014353036880493164;1693168212.832288
request;426;1693168212.847257
request;427;1693168212.863257
result;426;[1];0.0008778572082519531;0.011269092559814453;0.0009570121765136719;0.013661861419677734;1693168212.864137
request;428;1693168212.878884
result;427;[1];0.000476837158203125;0.011530160903930664;0.0010018348693847656;0.014037847518920898;1693168212.879888
request;429;1693168212.894984
result;428;[1];0.00021982192993164062;0.011622190475463867;0.0010039806365966797;0.013779878616333008;1693168212.896007
result;429;[1];0.00015783309936523438;0.010506153106689453;0.0005939006805419922;0.01254892349243164;1693168212.910993
request;430;1693168212.926251
request;431;1693168212.941727
result;430;[1];0.00027489662170410156;0.010241031646728516;0.0010080337524414062;0.012989997863769531;1693168212.942736
request;432;1693168212.957157
result;431;[1];0.0008308887481689453;0.009999990463256836;0.0010020732879638672;0.012636899948120117;1693168212.95816
result;432;[1];0.0009570121765136719;0.010214090347290039;0.0007688999176025391;0.012732982635498047;1693168212.97309
request;433;1693168212.988666
result;433;[1];0.0002269744873046875;0.010281085968017578;0.0;0.011870145797729492;1693168213.002797
request;434;1693168213.003802
request;435;1693168213.019552
result;434;[1];0.0002620220184326172;0.011299848556518555;0.0007970333099365234;0.012956857681274414;1693168213.019552
request;436;1693168213.035137
result;435;[1];-0.00021600723266601562;0.011739969253540039;0.001001119613647461;0.013057947158813477;1693168213.035137
result;436;[1];0.00036597251892089844;0.010350942611694336;0.0006339550018310547;0.012161970138549805;1693168213.050709
request;437;1693168213.066254
request;438;1693168213.082024
result;437;[2];0.0004699230194091797;0.01097416877746582;0.0;0.012897014617919922;1693168213.082024
request;439;1693168213.097143
result;438;[2];0.0005428791046142578;0.010259151458740234;0.0007429122924804688;0.012250900268554688;1693168213.097143
result;439;[2];-0.00014901161193847656;0.011279106140136719;0.0007390975952148438;0.012643098831176758;1693168213.112602
request;440;1693168213.128005
request;441;1693168213.143258
result;440;[2];1.5974044799804688e-05;0.012102842330932617;0.0010001659393310547;0.013574838638305664;1693168213.144159
request;442;1693168213.159162
result;441;[1];-0.00014400482177734375;0.013005971908569336;0.0;0.014224052429199219;1693168213.160363
request;443;1693168213.175172
result;442;[1];-0.00011992454528808594;0.01288604736328125;0.000985860824584961;0.014403104782104492;1693168213.176322
result;443;[1];0.0008730888366699219;0.011038064956665039;0.0010018348693847656;0.013578176498413086;1693168213.190993
request;444;1693168213.206373
request;445;1693168213.22189
result;444;[2];0.0006988048553466797;0.010998964309692383;0.0010001659393310547;0.013257980346679688;1693168213.222894
request;446;1693168213.237262
result;445;[2];0.0006740093231201172;0.011162996292114258;0.0008890628814697266;0.013637065887451172;1693168213.238266
result;446;[2];0.0007379055023193359;0.011008977890014648;0.0010020732879638672;0.013278007507324219;1693168213.253556
request;447;1693168213.268325
result;447;[2];-0.00014710426330566406;0.011301040649414062;0.0009999275207519531;0.012617826461791992;1693168213.284139
request;448;1693168213.284139
request;449;1693168213.299296
result;448;[2];0.0004069805145263672;0.010612964630126953;0.0010008811950683594;0.012421846389770508;1693168213.299296
request;450;1693168213.314545
result;449;[2];0.0009009838104248047;0.010669946670532227;0.001001119613647461;0.013029098510742188;1693168213.315144
result;450;[1];0.0002601146697998047;0.011364936828613281;0.0006349086761474609;0.012902021408081055;1693168213.330381
request;451;1693168213.346253
result;451;[1];0.0007028579711914062;0.010043144226074219;0.0;0.012126922607421875;1693168213.360886
request;452;1693168213.3619
result;452;[1];0.0003631114959716797;0.011118888854980469;0.0008800029754638672;0.01304006576538086;1693168213.377006
request;453;1693168213.37801
result;453;[1];0.0006048679351806641;0.010004997253417969;0.0;0.011862993240356445;1693168213.392129
request;454;1693168213.409137
result;454;[1];0.0005559921264648438;0.009825944900512695;0.0;0.01175689697265625;1693168213.423233
request;455;1693168213.425286
result;455;[1];0.0005288124084472656;0.00801706314086914;0.0;0.009856939315795898;1693168213.438114
request;456;1693168213.441344
result;456;[1];0.00011205673217773438;0.009318828582763672;0.0007171630859375;0.010780096054077148;1693168213.454998
request;457;1693168213.457498
result;457;[1];-4.410743713378906e-05;0.008598089218139648;0.0006618499755859375;0.009836912155151367;1693168213.469662
request;458;1693168213.488657
result;458;[1];-8.797645568847656e-05;0.009029865264892578;0.0009791851043701172;0.01032400131225586;1693168213.502016
request;459;1693168213.504379
result;459;[1];0.0006458759307861328;0.008093118667602539;0.0;0.009945869445800781;1693168213.516601
request;460;1693168213.519478
result;460;[1];0.0004558563232421875;0.008999109268188477;0.0;0.010795831680297852;1693168213.533074
request;461;1693168213.535114
result;461;[1];0.00038504600524902344;0.00810098648071289;0.0;0.009718894958496094;1693168213.547628
request;462;1693168213.566263
result;462;[1];0.0008831024169921875;0.008266925811767578;0.0009889602661132812;0.0106658935546875;1693168213.579746
request;463;1693168213.582091
result;463;[1];0.000286102294921875;0.008436918258666992;0.0;0.010107994079589844;1693168213.5942
request;464;1693168213.597327
result;464;[2];0.0006010532379150391;0.009093999862670898;0.003000020980834961;0.013242959976196289;1693168213.613332
request;465;1693168213.629254
result;465;[2];0.0007150173187255859;0.006999015808105469;0.0019989013671875;0.010229110717773438;1693168213.642038
request;466;1693168213.645402
result;466;[2];0.0008080005645751953;0.006201028823852539;0.0007970333099365234;0.00892186164855957;1693168213.6576
request;467;1693168213.661098
result;467;[2];0.0005791187286376953;0.0059969425201416016;0.0010020732879638672;0.008177995681762695;1693168213.672018
request;468;1693168213.676098
result;468;[2];0.0007488727569580078;0.007346153259277344;0.0006518363952636719;0.009794950485229492;1693168213.688859
request;469;1693168213.707494
result;469;[2];0.0009319782257080078;0.006865978240966797;0.0010020732879638672;0.009833812713623047;1693168213.720458
request;470;1693168213.722576
result;470;[2];0.0010058879852294922;0.007740020751953125;0.0010569095611572266;0.010448932647705078;1693168213.736181
request;471;1693168213.738687
result;471;[2];0.000537872314453125;0.007146120071411133;0.0008559226989746094;0.009613990783691406;1693168213.751099
request;472;1693168213.769547
result;472;[2];0.0009407997131347656;0.006999015808105469;0.0010051727294921875;0.009919881820678711;1693168213.782329
request;473;1693168213.785084
result;473;[2];0.0006909370422363281;0.007304191589355469;0.0010058879852294922;0.009485006332397461;1693168213.798049
request;474;1693168213.80054
result;474;[2];0.0008289813995361328;0.007467031478881836;0.0010018348693847656;0.00991201400756836;1693168213.813031
request;475;1693168213.816076
result;475;[2];0.0007810592651367188;0.007339954376220703;0.0006630420684814453;0.009800910949707031;1693168213.829072
request;476;1693168213.847195
result;476;[2];0.0007460117340087891;0.007150173187255859;0.0009739398956298828;0.009448051452636719;1693168213.859036
request;477;1693168213.863256
result;477;[2];0.0007879734039306641;0.006062030792236328;0.0009388923645019531;0.008433103561401367;1693168213.874915
request;478;1693168213.879375
result;478;[2];-1.0967254638671875e-05;0.007013082504272461;0.0009889602661132812;0.008527994155883789;1693168213.890582
request;479;1693168213.894823
result;479;[2];0.0006058216094970703;0.006564140319824219;0.00045299530029296875;0.008965015411376953;1693168213.90682
request;480;1693168213.926259
result;480;[2];0.00036406517028808594;0.007421970367431641;0.0010030269622802734;0.01013803482055664;1693168213.938839
request;481;1693168213.941078
result;481;[2];0.0007851123809814453;0.00728607177734375;0.0007169246673583984;0.010052204132080078;1693168213.954227
request;482;1693168213.956727
result;482;[3];0.0005879402160644531;0.007124900817871094;0.0008809566497802734;0.00992894172668457;1693168213.969514
request;483;1693168213.987186
request;484;1693168214.00325
result;483;[3];0.0007309913635253906;0.00799703598022461;0.0010118484497070312;0.01071786880493164;1693168214.00325
result;484;[3];0.0008180141448974609;0.0068340301513671875;0.001049041748046875;0.009295940399169922;1693168214.015147
request;485;1693168214.019154
result;485;[3];0.0010340213775634766;0.006245851516723633;0.0005891323089599609;0.009160041809082031;1693168214.030616
request;486;1693168214.050313
result;486;[3];0.0008490085601806641;0.0060040950775146484;0.0009970664978027344;0.00882101058959961;1693168214.062143
request;487;1693168214.065597
result;487;[3];0.0009088516235351562;0.0059490203857421875;0.0010020732879638672;0.008646965026855469;1693168214.077955
request;488;1693168214.081404
result;488;[3];0.00011014938354492188;0.006989002227783203;0.0010018348693847656;0.00899815559387207;1693168214.09256
request;489;1693168214.097218
result;489;[3];4.792213439941406e-05;0.005955934524536133;0.0009999275207519531;0.007750988006591797;1693168214.108508
request;490;1693168214.12941
result;490;[3];0.0005810260772705078;0.004962921142578125;0.0010039806365966797;0.007280826568603516;1693168214.13913
request;491;1693168214.145395
result;491;[3];0.0003349781036376953;0.004621028900146484;0.0010077953338623047;0.006700992584228516;1693168214.155245
request;492;1693168214.160692
result;492;[3];0.00029397010803222656;0.004539012908935547;0.0004570484161376953;0.0063018798828125;1693168214.169738
request;493;1693168214.176255
result;493;[3];0.0008649826049804688;0.004052162170410156;0.0009508132934570312;0.006968975067138672;1693168214.187074
request;494;1693168214.206576
result;494;[3];0.0007228851318359375;0.004612922668457031;0.0009970664978027344;0.007192850112915039;1693168214.216806
request;495;1693168214.221886
result;495;[3];0.0007309913635253906;0.005641937255859375;0.0010051727294921875;0.007899999618530273;1693168214.232031
request;496;1693168214.237125
result;496;[3];0.0008299350738525391;0.0050048828125;0.0009961128234863281;0.007759809494018555;1693168214.25103
request;497;1693168214.267263
result;497;[3];0.0007851123809814453;0.0060579776763916016;0.0009441375732421875;0.008691072463989258;1693168214.279066
request;498;1693168214.283256
result;498;[3];0.0008749961853027344;0.005090951919555664;0.0005040168762207031;0.007762908935546875;1693168214.29352
request;499;1693168214.298589
result;499;[3];0.0009770393371582031;0.005856990814208984;0.0010089874267578125;0.008806943893432617;1693168214.310634
request;500;1693168214.330252
result;500;[3];0.0006959438323974609;0.005079984664916992;0.0009250640869140625;0.0077440738677978516;1693168214.340996
request;501;1693168214.346122
result;501;[3];0.0006620883941650391;0.005001068115234375;0.0009968280792236328;0.007519960403442383;1693168214.356525
request;502;1693168214.361975
result;502;[3];0.0007522106170654297;0.0042078495025634766;0.0007920265197753906;0.006758213043212891;1693168214.370992
request;503;1693168214.37719
result;503;[3];0.0007500648498535156;0.004167079925537109;0.0010039806365966797;0.006713151931762695;1693168214.386654
request;504;1693168214.409143
result;504;[3];4.696846008300781e-05;0.003998994827270508;0.001001119613647461;0.005604982376098633;1693168214.417191
request;505;1693168214.425259
result;505;[3];0.00026106834411621094;0.0030019283294677734;0.0010001659393310547;0.0046880245208740234;1693168214.432695
request;506;1693168214.440518
result;506;[3];0.0007128715515136719;0.0029981136322021484;0.0;0.004949808120727539;1693168214.447923
request;507;1693168214.456138
result;507;[3];0.00021696090698242188;0.004272937774658203;0.0007278919219970703;0.005841970443725586;1693168214.464778
request;508;1693168214.487151
result;508;[3];0.0005550384521484375;0.0025339126586914062;0.0;0.004427909851074219;1693168214.493799
request;509;1693168214.503141
result;509;[3];-3.695487976074219e-05;0.0024399757385253906;0.0007700920104980469;0.0037491321563720703;1693168214.509824
request;510;1693168214.518355
result;510;[3];0.0006260871887207031;0.002043008804321289;0.0;0.003898143768310547;1693168214.524355
request;511;1693168214.549909
result;511;[3];0.0004699230194091797;0.0010020732879638672;0.0;0.0028090476989746094;1693168214.55545
request;512;1693168214.565258
result;512;[3];0.0005249977111816406;0.0010929107666015625;0.0009489059448242188;0.002998828887939453;1693168214.570543
request;513;1693168214.580788
result;513;[3];0.000225067138671875;0.0009999275207519531;0.0010020732879638672;0.002685070037841797;1693168214.586191
request;514;1693168214.596444
result;514;[3];0.0006699562072753906;0.0;0.0010008811950683594;0.002157926559448242;1693168214.600886
request;515;1693168214.628254
request;516;1693168214.643935
result;515;[3];0.00031495094299316406;0.015145063400268555;0.0020020008087158203;0.018260955810546875;1693168214.649105
result;516;[3];0.0006361007690429688;0.0010008811950683594;0.0009989738464355469;0.0031180381774902344;1693168214.649831
request;517;1693168214.660136
request;518;1693168214.676254
result;517;[3];0.0004968643188476562;0.01395416259765625;0.0;0.01572394371032715;1693168214.67855
result;518;[3];0.00011110305786132812;0.013679027557373047;0.0;0.015136003494262695;1693168214.69369
request;519;1693168214.706743
request;520;1693168214.722134
result;519;[3];0.0005319118499755859;0.01344609260559082;0.0009999275207519531;0.015561819076538086;1693168214.724723
request;521;1693168214.737499
result;520;[3];0.0005948543548583984;0.013328075408935547;0.0009469985961914062;0.015497922897338867;1693168214.740328
result;521;[3];0.0005288124084472656;0.013895034790039062;0.0009911060333251953;0.016052961349487305;1693168214.75648
request;522;1693168214.76833
request;523;1693168214.784259
result;522;[3];0.0002949237823486328;0.014221906661987305;0.0007810592651367188;0.016069889068603516;1693168214.786574
request;524;1693168214.799894
result;523;[3];0.0007829666137695312;0.013459920883178711;0.0008640289306640625;0.015565872192382812;1693168214.802015
result;524;[3];0.0004379749298095703;0.013511180877685547;0.0;0.015143156051635742;1693168214.817895
