request;0;1689268.181819
request;1;1689268.182701
result;0;-1;0.0014600753784179688;0.00011396408081054688;0.0003108978271484375;0.0032379627227783203;1689268.195445
result;1;-1;0.0013318061828613281;0.00010704994201660156;0.0001430511474609375;0.002949953079223633;1689268.203445
request;2;1689268.213967
request;3;1689268.214809
request;4;1689268.215009
result;2;-1;0.0013229846954345703;0.00010800361633300781;0.000141143798828125;0.002874135971069336;1689268.223288
result;4;-1;0.0021800994873046875;9.202957153320312e-05;0.00013899803161621094;0.0038521289825439453;1689268.229861
result;3;-1;0.0012891292572021484;0.0016329288482666016;8.893013000488281e-05;0.004717111587524414;1689268.230168
request;5;1689268.259237
request;6;1689268.260157
result;5;-1;0.0015370845794677734;0.00011682510375976562;0.0001590251922607422;0.0031299591064453125;1689268.277362
result;6;-1;0.0014379024505615234;0.0008242130279541016;0.00014400482177734375;0.0034830570220947266;1689268.283095
request;7;1689268.303988
request;8;1689268.304700
result;7;-1;0.0014820098876953125;0.0007860660552978516;0.00014781951904296875;0.0035250186920166016;1689268.321476
result;8;-1;0.0014500617980957031;0.00011491775512695312;0.00014710426330566406;0.002978086471557617;1689268.326359
request;9;1689268.348715
request;10;1689268.349586
request;11;1689268.349916
result;9;-1;0.0016338825225830078;0.0008141994476318359;0.00015997886657714844;0.003901958465576172;1689268.367755
result;10;-1;0.0016529560089111328;0.0011169910430908203;0.0001690387725830078;0.004525899887084961;1689268.374512
result;11;-1;0.0032329559326171875;0.0008590221405029297;0.00017189979553222656;0.005537986755371094;1689268.374921
request;12;1689268.394066
request;13;1689268.394822
result;12;-1;0.002735137939453125;0.0004999637603759766;0.0002028942108154297;0.0048999786376953125;1689268.407128
result;13;-1;0.0017590522766113281;0.00013184547424316406;0.00023698806762695312;0.003412961959838867;1689268.412594
request;14;1689268.438916
request;15;1689268.439640
result;14;-1;0.0017499923706054688;0.0007970333099365234;0.00017881393432617188;0.003929853439331055;1689268.451224
result;15;-1;0.0015590190887451172;0.0002529621124267578;0.00017905235290527344;0.00323486328125;1689268.456087
request;16;1689268.483873
request;17;1689268.484707
result;16;-1;0.001744985580444336;0.0008120536804199219;0.0001800060272216797;0.003923892974853516;1689268.495380
result;17;-1;0.0016160011291503906;0.0007979869842529297;0.00017499923706054688;0.003863811492919922;1689268.503480
request;18;1689268.528821
request;19;1689268.529838
request;20;1689268.530160
result;18;-1;0.0016629695892333984;0.0008149147033691406;0.00017595291137695312;0.003910064697265625;1689268.540444
result;19;-1;0.0015997886657714844;0.0001220703125;0.00017905235290527344;0.003325939178466797;1689268.545771
result;20;-1;0.00392603874206543;0.0001239776611328125;0.00023603439331054688;0.005746126174926758;1689268.548996
request;21;1689268.573967
request;22;1689268.574732
result;21;-1;0.0015900135040283203;0.0008139610290527344;0.0001761913299560547;0.0037620067596435547;1689268.585158
result;22;-1;0.0016307830810546875;0.0008211135864257812;0.00017499923706054688;0.003793001174926758;1689268.590851
request;23;1689268.618765
request;24;1689268.619502
result;23;-1;0.0016870498657226562;0.0007948875427246094;0.00017499923706054688;0.003860950469970703;1689268.629772
result;24;-1;0.001508951187133789;0.0001220703125;0.00017499923706054688;0.003192901611328125;1689268.634904
request;25;1689268.667405
request;26;1689268.668941
request;27;1689268.669397
result;25;-1;0.0016031265258789062;0.00025010108947753906;0.0001800060272216797;0.0033111572265625;1689268.682614
result;26;-1;0.0015790462493896484;0.00011992454528808594;0.00017499923706054688;0.0032808780670166016;1689268.688342
result;27;-1;0.003735065460205078;0.0001800060272216797;0.00019097328186035156;0.005536079406738281;1689268.689439
request;28;1689268.712556
request;29;1689268.713949
result;28;-1;0.0016579627990722656;0.0002560615539550781;0.00019693374633789062;0.0033729076385498047;1689268.727049
result;29;-1;0.001569986343383789;0.00012612342834472656;0.0001938343048095703;0.0034301280975341797;1689268.732880
request;30;1689268.756471
request;31;1689268.757700
result;30;-1;0.0017600059509277344;0.0007998943328857422;0.00018906593322753906;0.004030942916870117;1689268.772810
result;31;-1;0.00156402587890625;0.00012803077697753906;0.0001938343048095703;0.0034248828887939453;1689268.777891
request;32;1689268.802711
request;33;1689268.804248
result;32;-1;0.0015668869018554688;0.000247955322265625;0.00019407272338867188;0.0033409595489501953;1689268.818781
result;33;-1;0.001683950424194336;0.0001239776611328125;0.0001971721649169922;0.003531932830810547;1689268.824481
request;34;1689268.847753
request;35;1689268.849310
request;36;1689268.849743
result;34;-1;0.0016231536865234375;0.0008258819580078125;0.00017309188842773438;0.003754138946533203;1689268.864385
result;35;-1;0.0014119148254394531;0.00011420249938964844;0.00017881393432617188;0.0030329227447509766;1689268.869806
result;36;-1;0.0035240650177001953;0.00012803077697753906;0.00017905235290527344;0.00516510009765625;1689268.870871
request;37;1689268.891942
request;38;1689268.893384
result;37;-1;0.0014879703521728516;0.0007851123809814453;0.00017189979553222656;0.0035719871520996094;1689268.909846
result;38;-1;0.0014657974243164062;0.00011205673217773438;0.00017404556274414062;0.0030059814453125;1689268.915760
request;39;1689268.937435
request;40;1689268.938795
result;39;-1;0.0014510154724121094;0.0002219676971435547;0.00017189979553222656;0.002980947494506836;1689268.952219
result;40;-1;0.0013549327850341797;0.00010919570922851562;0.0001678466796875;0.0029211044311523438;1689268.957254
request;41;1689268.998456
request;42;1689268.999674
request;43;1689268.999842
result;41;-1;0.0015270709991455078;0.00011396408081054688;0.00017499923706054688;0.0031578540802001953;1689269.011308
result;42;-1;0.0014109611511230469;0.00010609626770019531;0.0001659393310546875;0.0029859542846679688;1689269.016879
result;43;-1;0.0035369396209716797;0.0007960796356201172;0.00016188621520996094;0.005775928497314453;1689269.018004
request;44;1689269.026802
request;45;1689269.028366
result;44;-1;0.0014221668243408203;0.0008440017700195312;0.0001609325408935547;0.003667116165161133;1689269.041526
result;45;-1;0.0014700889587402344;0.0007829666137695312;0.00016999244689941406;0.0035200119018554688;1689269.047401
request;46;1689269.071864
request;47;1689269.073310
result;46;-1;0.0017559528350830078;0.00013518333435058594;0.00020384788513183594;0.00362396240234375;1689269.087851
result;47;-1;0.0017750263214111328;0.0007748603820800781;0.0001690387725830078;0.003988027572631836;1689269.094010
request;48;1689269.118426
request;49;1689269.119834
result;48;-1;0.0015380382537841797;0.0007939338684082031;0.00016808509826660156;0.0036830902099609375;1689269.134260
result;49;-1;0.0014941692352294922;0.0008177757263183594;0.00016808509826660156;0.0035941600799560547;1689269.139876
request;50;1689269.162487
request;51;1689269.163973
request;52;1689269.164547
result;50;-1;0.0014498233795166016;0.0008370876312255859;0.000164031982421875;0.003618001937866211;1689269.177855
result;51;-1;0.0014989376068115234;0.0009920597076416016;0.00017189979553222656;0.004222869873046875;1689269.200787
result;52;-1;0.0029380321502685547;0.0008790493011474609;0.00017595291137695312;0.005194902420043945;1689269.201170
request;53;1689269.204704
request;54;1689269.205876
result;53;-1;0.0013620853424072266;0.00027489662170410156;0.0001671314239501953;0.0030040740966796875;1689269.220181
result;54;-1;0.0013899803161621094;0.00010585784912109375;0.0001659393310546875;0.002974987030029297;1689269.225320
request;55;1689269.251869
request;56;1689269.253272
result;55;-1;0.0015349388122558594;0.00024890899658203125;0.000247955322265625;0.0033538341522216797;1689269.266990
result;56;-1;0.0015981197357177734;0.00024700164794921875;0.00018596649169921875;0.003325939178466797;1689269.272305
request;57;1689269.297664
request;58;1689269.299069
request;59;1689269.299537
result;57;-1;0.0015439987182617188;0.0002460479736328125;0.0001838207244873047;0.0032939910888671875;1689269.312857
result;58;-1;0.0015549659729003906;0.0002980232238769531;0.00018310546875;0.003431081771850586;1689269.319174
result;59;-1;0.003961801528930664;0.0007581710815429688;0.00018405914306640625;0.006295919418334961;1689269.322630
request;60;1689269.342430
request;61;1689269.343766
result;60;-1;0.0015978813171386719;0.0008091926574707031;0.00018095970153808594;0.003996849060058594;1689269.358513
result;61;-1;0.001847982406616211;0.0007851123809814453;0.0001919269561767578;0.0041351318359375;1689269.365546
request;62;1689269.387622
request;63;1689269.389369
result;62;-1;0.0015950202941894531;0.000804901123046875;0.0001850128173828125;0.003822803497314453;1689269.403896
result;63;-1;0.0015649795532226562;0.0008108615875244141;0.0001800060272216797;0.003793954849243164;1689269.409289
request;64;1689269.432694
request;65;1689269.433989
result;64;-1;0.001683950424194336;0.0008041858673095703;0.00018596649169921875;0.0038759708404541016;1689269.447596
result;65;-1;0.0015871524810791016;0.0007958412170410156;0.00027298927307128906;0.0038590431213378906;1689269.452671
request;66;1689269.478642
request;67;1689269.480120
request;68;1689269.480631
result;66;-1;0.0015971660614013672;0.0007929801940917969;0.0001850128173828125;0.003834962844848633;1689269.494855
result;67;-1;0.001547098159790039;0.00011992454528808594;0.000186920166015625;0.003258943557739258;1689269.501740
result;68;-1;0.0038809776306152344;0.0001289844512939453;0.0001900196075439453;0.0056459903717041016;1689269.502840
request;69;1689269.522646
request;70;1689269.523931
result;69;-1;0.001573801040649414;0.0008111000061035156;0.00017905235290527344;0.0038709640502929688;1689269.538700
result;70;-1;0.001611948013305664;0.0007979869842529297;0.00018215179443359375;0.0038099288940429688;1689269.544656
request;71;1689269.567259
request;72;1689269.568930
result;71;-1;0.0015418529510498047;0.00012302398681640625;0.0001819133758544922;0.0032579898834228516;1689269.583366
result;72;-1;0.0016200542449951172;0.0008008480072021484;0.0001811981201171875;0.0037729740142822266;1689269.589449
request;73;1689269.612798
request;74;1689269.614248
request;75;1689269.614718
result;73;-1;0.0015990734100341797;0.00011897087097167969;0.00018310546875;0.003258943557739258;1689269.630289
result;74;-1;0.0016238689422607422;0.001116037368774414;0.0001850128173828125;0.004725933074951172;1689269.637897
result;75;-1;0.003147125244140625;0.0009100437164306641;0.00019598007202148438;0.005457162857055664;1689269.638933
request;76;1689269.657042
request;77;1689269.658377
result;76;-1;0.0015969276428222656;0.00011205673217773438;0.00018405914306640625;0.0032529830932617188;1689269.672223
result;77;-1;0.0015859603881835938;0.0007989406585693359;0.00017714500427246094;0.0038099288940429688;1689269.678270
request;78;1689269.749671
request;79;1689269.751304
request;80;1689269.753248
request;81;1689269.753668
result;78;-1;0.0018131732940673828;0.0007748603820800781;0.0002110004425048828;0.004270076751708984;1689269.767723
result;79;-1;0.0018360614776611328;0.0011398792266845703;0.0002110004425048828;0.005129098892211914;1689269.776294
result;80;-1;0.003968000411987305;0.0007920265197753906;0.00021910667419433594;0.007531166076660156;1689269.777566
result;81;-1;0.007249116897583008;0.0003190040588378906;0.0002269744873046875;0.009127140045166016;1689269.778644
request;82;1689269.793756
request;83;1689269.795391
request;84;1689269.795949
result;82;-1;0.0017740726470947266;0.0007798671722412109;0.0002009868621826172;0.004164934158325195;1689269.811614
result;83;-1;0.0017518997192382812;0.0002739429473876953;0.0001971721649169922;0.0036468505859375;1689269.818399
result;84;-1;0.004364967346191406;0.00013709068298339844;0.0002028942108154297;0.006268024444580078;1689269.819822
request;85;1689269.840659
request;86;1689269.842383
result;85;-1;0.0015630722045898438;0.0008099079132080078;0.00017905235290527344;0.003790140151977539;1689269.858560
result;86;-1;0.0016131401062011719;0.0008118152618408203;0.0001761913299560547;0.003779172897338867;1689269.864830
request;87;1689269.883607
request;88;1689269.885276
result;87;-1;0.0016331672668457031;0.0007879734039306641;0.0001800060272216797;0.0037889480590820312;1689269.900901
result;88;-1;0.0015690326690673828;0.0008170604705810547;0.0002200603485107422;0.0037870407104492188;1689269.907144
request;89;1689269.929217
request;90;1689269.930824
request;91;1689269.931396
result;89;-1;0.0015320777893066406;0.00012183189392089844;0.00018095970153808594;0.0031938552856445312;1689269.946457
result;90;-1;0.001561880111694336;0.0001251697540283203;0.0001819133758544922;0.0032470226287841797;1689269.952359
result;91;-1;0.003873109817504883;0.0007770061492919922;0.0002338886260986328;0.006131172180175781;1689269.957521
request;92;1689269.998473
request;93;1689269.999290
result;92;-1;0.0016791820526123047;0.00024890899658203125;0.0001800060272216797;0.0032961368560791016;1689270.013976
request;94;1689270.018101
request;95;1689270.019688
result;93;-1;0.0015828609466552734;0.0008051395416259766;0.00017595291137695312;0.0037508010864257812;1689270.024232
result;94;-1;0.0015530586242675781;0.000244140625;0.00017786026000976562;0.0031561851501464844;1689270.032883
result;95;-1;0.001558065414428711;0.000804901123046875;0.00018095970153808594;0.0037391185760498047;1689270.039532
request;96;1689270.061722
request;97;1689270.062982
result;96;-1;0.00191497802734375;0.0001399517059326172;0.00019812583923339844;0.004097938537597656;1689270.077643
result;97;-1;0.0019669532775878906;0.00014090538024902344;0.00019097328186035156;0.004163026809692383;1689270.084590
request;98;1689270.107010
request;99;1689270.108393
request;100;1689270.108817
result;98;-1;0.001870870590209961;0.000576019287109375;0.00023102760314941406;0.003871917724609375;1689270.122856
result;100;-1;0.0024690628051757812;9.799003601074219e-05;0.0001690387725830078;0.004430055618286133;1689270.130528
result;99;-1;0.0015599727630615234;0.0017919540405273438;0.00010895729064941406;0.005434989929199219;1689270.136189
request;101;1689270.153621
request;102;1689270.155100
result;101;-1;0.0014939308166503906;0.0008299350738525391;0.00016498565673828125;0.0035779476165771484;1689270.169561
result;102;-1;0.0014889240264892578;0.0008080005645751953;0.00016307830810546875;0.0035469532012939453;1689270.174795
request;103;1689270.196739
request;104;1689270.198150
result;103;-1;0.0015201568603515625;0.000823974609375;0.000164031982421875;0.003590106964111328;1689270.211921
result;104;-1;0.0014691352844238281;0.0008318424224853516;0.0001590251922607422;0.0035860538482666016;1689270.217373
request;105;1689270.243971
request;106;1689270.245363
request;107;1689270.245820
result;105;-1;0.0016200542449951172;0.0001220703125;0.0001850128173828125;0.0033190250396728516;1689270.259460
result;106;-1;0.001558065414428711;0.0001289844512939453;0.0001900196075439453;0.0032889842987060547;1689270.271463
result;107;-1;0.00397801399230957;0.0007810592651367188;0.00019502639770507812;0.006242036819458008;1689270.271864
request;108;1689270.287123
request;109;1689270.288754
result;108;-1;0.0015828609466552734;0.00013017654418945312;0.00019788742065429688;0.0034019947052001953;1689270.303315
result;109;-1;0.0019350051879882812;0.0007860660552978516;0.0001990795135498047;0.004291057586669922;1689270.309957
request;110;1689270.332767
request;111;1689270.334079
result;110;-1;0.0016388893127441406;0.0008080005645751953;0.000202178955078125;0.0039789676666259766;1689270.349776
result;111;-1;0.0015130043029785156;0.0007817745208740234;0.00017309188842773438;0.0036058425903320312;1689270.355563
request;112;1689270.377431
request;113;1689270.378724
result;112;-1;0.0015079975128173828;0.00011801719665527344;0.00018095970153808594;0.0030989646911621094;1689270.393119
result;113;-1;0.001461029052734375;0.0008249282836914062;0.00017213821411132812;0.0036079883575439453;1689270.398707
request;114;1689270.422477
request;115;1689270.423778
request;116;1689270.424371
result;114;-1;0.0014629364013671875;0.00011801719665527344;0.00018095970153808594;0.003052949905395508;1689270.437818
result;115;-1;0.0014820098876953125;0.00011801719665527344;0.0001819133758544922;0.0031249523162841797;1689270.444661
result;116;-1;0.003616809844970703;0.0001361370086669922;0.00017786026000976562;0.0053899288177490234;1689270.445489
request;117;1689270.467694
request;118;1689270.469323
result;117;-1;0.0014190673828125;0.00011491775512695312;0.0002200603485107422;0.0030460357666015625;1689270.483310
result;118;-1;0.0014061927795410156;0.00011587142944335938;0.00017499923706054688;0.0029871463775634766;1689270.488194
request;119;1689270.512533
request;120;1689270.513827
result;119;-1;0.0014710426330566406;0.00011706352233886719;0.00017499923706054688;0.0030431747436523438;1689270.527953
result;120;-1;0.0014538764953613281;0.0008211135864257812;0.00017404556274414062;0.0036039352416992188;1689270.533859
request;121;1689270.602720
request;122;1689270.604231
request;123;1689270.604666
result;121;-1;0.0016009807586669922;0.0008101463317871094;0.0001919269561767578;0.003935098648071289;1689270.618828
result;122;-1;0.0016090869903564453;0.00013184547424316406;0.00019598007202148438;0.003462076187133789;1689270.624895
result;123;-1;0.0039479732513427734;0.0003070831298828125;0.00019693374633789062;0.0057260990142822266;1689270.625860
request;124;1689270.647737
request;125;1689270.649173
result;124;-1;0.001661062240600586;0.0007998943328857422;0.00019407272338867188;0.003913164138793945;1689270.663834
result;125;-1;0.001550912857055664;0.00012493133544921875;0.00019598007202148438;0.0034170150756835938;1689270.670169
request;126;1689270.692792
request;127;1689270.694729
result;126;-1;0.001605987548828125;0.00012803077697753906;0.00019884109497070312;0.003477811813354492;1689270.710670
result;127;-1;0.0016810894012451172;0.00012302398681640625;0.00019884109497070312;0.0035431385040283203;1689270.716887
request;128;1689270.737917
request;129;1689270.739405
result;128;-1;0.0016291141510009766;0.00011491775512695312;0.00029015541076660156;0.003371000289916992;1689270.758001
result;129;-1;0.0013890266418457031;0.00011396408081054688;0.00022602081298828125;0.0030541419982910156;1689270.764322
request;130;1689270.783980
request;131;1689270.785609
request;132;1689270.786110
result;130;-1;0.0015110969543457031;0.0008339881896972656;0.0001709461212158203;0.0036699771881103516;1689270.801967
result;131;-1;0.0014438629150390625;0.00011897087097167969;0.0002300739288330078;0.003107786178588867;1689270.807144
result;132;-1;0.003523111343383789;0.0001277923583984375;0.00017905235290527344;0.00515294075012207;1689270.808247
request;133;1689270.830233
request;134;1689270.831807
result;133;-1;0.00144195556640625;0.0008308887481689453;0.00021004676818847656;0.003618001937866211;1689270.847495
result;134;-1;0.0014450550079345703;0.00011515617370605469;0.00017690658569335938;0.0030241012573242188;1689270.853863
request;135;1689270.873807
request;136;1689270.875308
result;135;-1;0.0014679431915283203;0.0008339881896972656;0.00017309188842773438;0.0036499500274658203;1689270.891707
result;136;-1;0.0014600753784179688;0.0008370876312255859;0.00017404556274414062;0.0035851001739501953;1689270.897367
request;137;1689270.919200
request;138;1689270.920896
request;139;1689270.921435
result;137;-1;0.0014920234680175781;0.0007848739624023438;0.0001709461212158203;0.0035429000854492188;1689270.937091
result;138;-1;0.001455068588256836;0.0002391338348388672;0.0002009868621826172;0.0031251907348632812;1689270.944001
result;139;-1;0.003701925277709961;0.0001270771026611328;0.00018906593322753906;0.005316972732543945;1689270.945255
request;140;1689270.963897
request;141;1689270.965510
result;140;-1;0.001497030258178711;0.0008268356323242188;0.00017499923706054688;0.003612995147705078;1689270.998289
result;141;-1;0.0013918876647949219;0.00011515617370605469;0.00018095970153808594;0.003000974655151367;1689270.998522
request;142;1689271.008585
request;143;1689271.010213
result;142;-1;0.001653909683227539;0.00011396408081054688;0.00018310546875;0.003245830535888672;1689271.024711
result;143;-1;0.0014350414276123047;9.512901306152344e-05;0.00017595291137695312;0.003069162368774414;1689271.029516
request;144;1689271.051792
request;145;1689271.053234
result;144;-1;0.00145721435546875;0.0008378028869628906;0.0001761913299560547;0.0035860538482666016;1689271.066743
result;145;-1;0.0016617774963378906;0.0003070831298828125;0.00019693374633789062;0.003555774688720703;1689271.073087
request;146;1689271.097490
request;147;1689271.098851
request;148;1689271.099365
result;146;-1;0.0016160011291503906;0.0008168220520019531;0.00017714500427246094;0.0037899017333984375;1689271.113903
result;147;-1;0.0014770030975341797;0.0009779930114746094;0.00017213821411132812;0.004230022430419922;1689271.121598
result;148;-1;0.0028989315032958984;0.0008649826049804688;0.00018095970153808594;0.0051958560943603516;1689271.122562
request;149;1689271.142394
request;150;1689271.143702
result;149;-1;0.0014810562133789062;0.0008170604705810547;0.00016307830810546875;0.0035991668701171875;1689271.157748
result;150;-1;0.001455068588256836;0.0008158683776855469;0.00016021728515625;0.0035140514373779297;1689271.165548
request;151;1689271.188607
request;152;1689271.190017
result;151;-1;0.001416921615600586;0.00011086463928222656;0.00016617774963378906;0.0029230117797851562;1689271.204099
result;152;-1;0.0013730525970458984;0.0002219676971435547;0.00016307830810546875;0.0028710365295410156;1689271.208698
request;153;1689271.231884
request;154;1689271.233207
request;155;1689271.233630
result;153;-1;0.0014500617980957031;0.0008218288421630859;0.0001590251922607422;0.0035119056701660156;1689271.247139
result;154;-1;0.001455068588256836;0.0009949207305908203;0.00017595291137695312;0.00441288948059082;1689271.254357
result;155;-1;0.0028901100158691406;0.0009229183197021484;0.0001990795135498047;0.005236148834228516;1689271.255183
request;156;1689271.277708
request;157;1689271.278930
result;156;-1;0.0015861988067626953;0.00012302398681640625;0.00018477439880371094;0.003255128860473633;1689271.293164
result;157;-1;0.0018529891967773438;0.0007300376892089844;0.00018906593322753906;0.004029989242553711;1689271.299968
request;158;1689271.322395
request;159;1689271.323841
result;158;-1;0.0015468597412109375;0.0001220703125;0.00018310546875;0.0032520294189453125;1689271.337934
result;159;-1;0.00156402587890625;0.00011992454528808594;0.0001850128173828125;0.0032150745391845703;1689271.343477
request;160;1689271.367372
request;161;1689271.368817
result;160;-1;0.001603841781616211;0.0007951259613037109;0.0001850128173828125;0.003802061080932617;1689271.383148
result;161;-1;0.0015499591827392578;0.0008089542388916016;0.0001780986785888672;0.0037088394165039062;1689271.388917
request;162;1689271.412811
request;163;1689271.414095
request;164;1689271.414577
result;162;-1;0.001644134521484375;0.0008008480072021484;0.00018310546875;0.0038089752197265625;1689271.428271
result;163;-1;0.0015749931335449219;0.0011830329895019531;0.0001850128173828125;0.004704952239990234;1689271.436274
result;164;-1;0.0032358169555664062;0.0008361339569091797;0.0001800060272216797;0.0054547786712646484;1689271.437312
request;165;1689271.457150
request;166;1689271.458367
result;165;-1;0.0016779899597167969;0.000804901123046875;0.00018906593322753906;0.004016876220703125;1689271.473182
result;166;-1;0.001589059829711914;0.0001239776611328125;0.00019216537475585938;0.003342151641845703;1689271.478805
request;167;1689271.502246
request;168;1689271.503506
result;167;-1;0.001561880111694336;0.0008101463317871094;0.000186920166015625;0.0039119720458984375;1689271.518257
result;168;-1;0.0015530586242675781;0.00012183189392089844;0.00019311904907226562;0.0032949447631835938;1689271.523675
request;169;1689271.547575
request;170;1689271.548996
request;171;1689271.549449
result;169;-1;0.0015130043029785156;0.0002460479736328125;0.000247955322265625;0.0033271312713623047;1689271.562876
result;170;-1;0.0015528202056884766;0.0001201629638671875;0.00019788742065429688;0.003326892852783203;1689271.568669
result;171;-1;0.003952980041503906;0.0007569789886474609;0.0002601146697998047;0.006359100341796875;1689271.571947
request;172;1689271.592569
request;173;1689271.593750
result;172;-1;0.0016341209411621094;0.0007989406585693359;0.0001888275146484375;0.003947019577026367;1689271.608215
result;173;-1;0.0014841556549072266;0.00012493133544921875;0.0001919269561767578;0.0032660961151123047;1689271.613811
request;174;1689271.637833
request;175;1689271.639072
result;174;-1;0.0015490055084228516;0.0002410411834716797;0.00019407272338867188;0.0033380985260009766;1689271.653192
result;175;-1;0.001573801040649414;0.00024318695068359375;0.00024080276489257812;0.00337982177734375;1689271.658420
request;176;1689271.682496
request;177;1689271.683882
result;176;-1;0.0015959739685058594;0.0008189678192138672;0.00019288063049316406;0.003988981246948242;1689271.698369
result;177;-1;0.0015749931335449219;0.00025010108947753906;0.0001919269561767578;0.003341197967529297;1689271.703867
request;178;1689271.727174
request;179;1689271.729461
request;180;1689271.730139
result;178;-1;0.0016331672668457031;0.0007979869842529297;0.000186920166015625;0.0039441585540771484;1689271.745323
result;179;-1;0.0015778541564941406;0.00012111663818359375;0.000186920166015625;0.0033898353576660156;1689271.750912
result;180;-1;0.0038869380950927734;0.0001239776611328125;0.0001900196075439453;0.005750894546508789;1689271.751811
request;181;1689271.773211
request;182;1689271.774562
result;181;-1;0.0015521049499511719;0.0005168914794921875;0.00019311904907226562;0.003632068634033203;1689271.790407
result;182;-1;0.0015609264373779297;0.00012302398681640625;0.0001919269561767578;0.003309965133666992;1689271.795769
request;183;1689271.818777
request;184;1689271.820342
result;183;-1;0.0015549659729003906;0.0008230209350585938;0.00018405914306640625;0.0038759708404541016;1689271.836238
result;184;-1;0.0015299320220947266;0.0008120536804199219;0.00018596649169921875;0.003885984420776367;1689271.842281
request;185;1689271.863803
request;186;1689271.865358
request;187;1689271.865840
result;185;-1;0.0016238689422607422;0.0008080005645751953;0.0001850128173828125;0.003924846649169922;1689271.884339
result;186;-1;0.0015170574188232422;0.0001201629638671875;0.00018596649169921875;0.0033311843872070312;1689271.891641
result;187;-1;0.003838062286376953;0.00012183189392089844;0.0001900196075439453;0.0056018829345703125;1689271.892838
request;188;1689271.908928
request;189;1689271.910408
result;188;-1;0.0015909671783447266;0.0008258819580078125;0.00018310546875;0.003918886184692383;1689271.926196
result;189;-1;0.0015621185302734375;0.00011897087097167969;0.0001888275146484375;0.003290891647338867;1689271.931843
request;190;1689271.953474
request;191;1689271.954909
result;190;-1;0.0015041828155517578;0.00011301040649414062;0.00019788742065429688;0.0032300949096679688;1689271.971253
result;191;-1;0.0015881061553955078;0.00024890899658203125;0.00019311904907226562;0.003340005874633789;1689272.001905
request;192;1689272.042691
request;193;1689272.043966
request;194;1689272.045786
request;195;1689272.046128
request;196;1689272.046338
result;192;-1;0.0017600059509277344;0.0007939338684082031;0.0001881122589111328;0.004169940948486328;1689272.059047
result;193;-1;0.0015981197357177734;0.0001220703125;0.00018787384033203125;0.0033822059631347656;1689272.065130
result;194;-1;0.0039370059967041016;0.0001239776611328125;0.0001900196075439453;0.005738019943237305;1689272.066029
result;195;-1;0.006474018096923828;0.00012493133544921875;0.00018906593322753906;0.008275985717773438;1689272.070679
result;196;-1;0.009338855743408203;0.0007421970367431641;0.00020694732666015625;0.01191091537475586;1689272.077743
request;197;1689272.087138
request;198;1689272.088546
result;197;-1;0.0017688274383544922;0.00016307830810546875;0.0001850128173828125;0.0035598278045654297;1689272.101952
result;198;-1;0.0017740726470947266;0.0007719993591308594;0.00018596649169921875;0.003972053527832031;1689272.108399
request;199;1689272.131649
request;200;1689272.133022
result;199;-1;0.0016040802001953125;0.0002529621124267578;0.000186920166015625;0.0033321380615234375;1689272.146687
result;200;-1;0.0016269683837890625;0.0008029937744140625;0.00018405914306640625;0.0038759708404541016;1689272.152660
request;201;1689272.177588
request;202;1689272.180276
result;201;-1;0.0013010501861572266;0.00017881393432617188;0.00019598007202148438;0.002724885940551758;1689272.193891
result;202;-1;0.0012891292572021484;0.00019788742065429688;0.0001571178436279297;0.002747058868408203;1689272.198693
request;203;1689272.222513
request;204;1689272.223762
request;205;1689272.224303
result;203;-1;0.0013039112091064453;0.0008561611175537109;0.00015282630920410156;0.0034580230712890625;1689272.237337
result;204;-1;0.0013630390167236328;0.00021195411682128906;0.00015807151794433594;0.0029630661010742188;1689272.243390
result;205;-1;0.003309011459350586;0.0001239776611328125;0.0001811981201171875;0.005470991134643555;1689272.244220
request;206;1689272.266650
request;207;1689272.267874
result;206;-1;0.001608133316040039;0.00011491775512695312;0.00019598007202148438;0.003408193588256836;1689272.281673
result;207;-1;0.0016179084777832031;0.00012302398681640625;0.00018596649169921875;0.0032660961151123047;1689272.287784
request;208;1689272.311922
request;209;1689272.313324
result;208;-1;0.0015859603881835938;0.0007941722869873047;0.00018596649169921875;0.003763914108276367;1689272.329014
result;209;-1;0.0015659332275390625;0.00011205673217773438;0.00023293495178222656;0.00327301025390625;1689272.334334
request;210;1689272.358150
request;211;1689272.359486
request;212;1689272.359880
result;210;-1;0.001622915267944336;0.0007920265197753906;0.00019693374633789062;0.00385284423828125;1689272.373784
result;211;-1;0.0016510486602783203;0.001110076904296875;0.00019598007202148438;0.004715919494628906;1689272.381107
result;212;-1;0.0032570362091064453;0.0008440017700195312;0.00018286705017089844;0.005584001541137695;1689272.381853
request;213;1689272.401956
request;214;1689272.403264
result;213;-1;0.001505136489868164;0.0001239776611328125;0.0001819133758544922;0.0031571388244628906;1689272.417049
result;214;-1;0.0015778541564941406;0.0008080005645751953;0.0001780986785888672;0.003751039505004883;1689272.423156
request;215;1689272.447348
request;216;1689272.448700
result;215;-1;0.0015828609466552734;0.00012111663818359375;0.0001800060272216797;0.0033278465270996094;1689272.462108
result;216;-1;0.0016450881958007812;0.0007979869842529297;0.00017499923706054688;0.00380706787109375;1689272.467773
request;217;1689272.492663
request;218;1689272.493904
result;217;-1;0.0016820430755615234;0.0007960796356201172;0.00017786026000976562;0.003863096237182617;1689272.508944
result;218;-1;0.001583099365234375;0.0008089542388916016;0.0001800060272216797;0.0037550926208496094;1689272.514335
request;219;1689272.536609
request;220;1689272.537786
request;221;1689272.538173
result;219;-1;0.001661062240600586;0.0007419586181640625;0.0001800060272216797;0.0037620067596435547;1689272.551549
result;220;-1;0.0015969276428222656;0.0010919570922851562;0.00018405914306640625;0.004624843597412109;1689272.558483
result;221;-1;0.0036039352416992188;0.0005121231079101562;0.0001919269561767578;0.005549907684326172;1689272.559188
request;222;1689272.582439
request;223;1689272.583657
result;222;-1;0.0016150474548339844;0.0007901191711425781;0.0001800060272216797;0.003818035125732422;1689272.599522
result;223;-1;0.0015559196472167969;0.0008139610290527344;0.0001761913299560547;0.003773927688598633;1689272.605739
request;224;1689272.627632
request;225;1689272.629003
result;224;-1;0.0016028881072998047;0.0007979869842529297;0.0001800060272216797;0.003773927688598633;1689272.643068
result;225;-1;0.0015571117401123047;0.0008108615875244141;0.0001780986785888672;0.0037848949432373047;1689272.648996
request;226;1689272.672522
request;227;1689272.673832
request;228;1689272.674162
result;226;-1;0.0015881061553955078;0.00012683868408203125;0.00017905235290527344;0.0032579898834228516;1689272.687677
result;227;-1;0.0016291141510009766;0.0011548995971679688;0.00018310546875;0.00460505485534668;1689272.696229
result;228;-1;0.0035469532012939453;0.0005280971527099609;0.00019097328186035156;0.005470991134643555;1689272.697295
request;229;1689272.716961
request;230;1689272.718264
result;229;-1;0.0016849040985107422;0.0001239776611328125;0.00018405914306640625;0.0033659934997558594;1689272.731794
result;230;-1;0.0015721321105957031;0.0007998943328857422;0.00017404556274414062;0.0037870407104492188;1689272.737833
request;231;1689272.762478
request;232;1689272.763801
result;231;-1;0.0016047954559326172;0.0008111000061035156;0.0001780986785888672;0.0038399696350097656;1689272.777939
result;232;-1;0.0015931129455566406;0.0008180141448974609;0.00017786026000976562;0.003771066665649414;1689272.783995
request;233;1689272.808658
request;234;1689272.810034
result;233;-1;0.0016639232635498047;0.0007970333099365234;0.00017690658569335938;0.0038340091705322266;1689272.823703
result;234;-1;0.0015690326690673828;0.0008099079132080078;0.00019502639770507812;0.003813028335571289;1689272.829921
request;235;1689272.852757
request;236;1689272.854053
request;237;1689272.854447
result;235;-1;0.0016360282897949219;0.0008099079132080078;0.00019097328186035156;0.003835916519165039;1689272.867775
result;236;-1;0.0016021728515625;0.0011358261108398438;0.0001850128173828125;0.0046770572662353516;1689272.875227
result;237;-1;0.0031960010528564453;0.0008389949798583984;0.0001800060272216797;0.005427837371826172;1689272.875966
request;238;1689272.897496
request;239;1689272.898670
result;238;-1;0.0015878677368164062;0.0002510547637939453;0.00018095970153808594;0.003222942352294922;1689272.911741
result;239;-1;0.0015740394592285156;0.0008077621459960938;0.0001761913299560547;0.0037899017333984375;1689272.917641
request;240;1689272.942470
request;241;1689272.943723
result;240;-1;0.0015900135040283203;0.0001308917999267578;0.00019598007202148438;0.0031828880310058594;1689272.956922
result;241;-1;0.0015921592712402344;0.0008039474487304688;0.0001850128173828125;0.0037810802459716797;1689272.962856
request;242;1689273.002400
request;243;1689273.003262
request;244;1689273.003521
result;242;-1;0.0017399787902832031;0.00012087821960449219;0.00019216537475585938;0.0035238265991210938;1689273.015604
result;244;-1;0.002765178680419922;0.0001068115234375;0.0001862049102783203;0.0047800540924072266;1689273.023607
result;243;-1;0.0016510486602783203;0.0019850730895996094;0.00011992454528808594;0.005828142166137695;1689273.024662
request;245;1689273.031162
request;246;1689273.032377
result;245;-1;0.0017080307006835938;0.0007960796356201172;0.00018095970153808594;0.0039520263671875;1689273.045642
result;246;-1;0.0016331672668457031;0.0008199214935302734;0.00017690658569335938;0.003813028335571289;1689273.051733
request;247;1689273.077150
request;248;1689273.078348
result;247;-1;0.0020809173583984375;0.0001862049102783203;0.0002028942108154297;0.0041599273681640625;1689273.092814
result;248;-1;0.002084970474243164;0.00014400482177734375;0.00021314620971679688;0.003982067108154297;1689273.099100
request;249;1689273.122133
request;250;1689273.123477
result;249;-1;0.0016078948974609375;0.0008161067962646484;0.00018095970153808594;0.00385284423828125;1689273.137439
result;250;-1;0.0016608238220214844;0.0007979869842529297;0.0001800060272216797;0.0038177967071533203;1689273.144198
request;251;1689273.167593
request;252;1689273.169002
request;253;1689273.169375
result;251;-1;0.0015020370483398438;0.00023102760314941406;0.00021696090698242188;0.0030701160430908203;1689273.182420
result;252;-1;0.001516103744506836;0.0009870529174804688;0.0001628398895263672;0.004140138626098633;1689273.189427
result;253;-1;0.002866029739379883;0.0009150505065917969;0.00017881393432617188;0.005059003829956055;1689273.190208
request;254;1689273.213261
request;255;1689273.214474
result;254;-1;0.001489877700805664;0.000843048095703125;0.00015997886657714844;0.0035638809204101562;1689273.227349
result;255;-1;0.0014050006866455078;0.0001068115234375;0.00016307830810546875;0.0029158592224121094;1689273.232246
request;256;1689273.257304
request;257;1689273.258550
result;256;-1;0.0017919540405273438;0.00026106834411621094;0.00020003318786621094;0.003529071807861328;1689273.272670
result;257;-1;0.0015659332275390625;0.00012612342834472656;0.00019478797912597656;0.003493070602416992;1689273.277943
request;258;1689273.302832
request;259;1689273.304222
request;260;1689273.304610
result;258;-1;0.0016138553619384766;0.0008141994476318359;0.0001938343048095703;0.003937959671020508;1689273.318386
result;259;-1;0.0016009807586669922;0.00012612342834472656;0.00019693374633789062;0.0034570693969726562;1689273.324244
result;260;-1;0.003938913345336914;0.0001518726348876953;0.0002009868621826172;0.005856990814208984;1689273.325105
request;261;1689273.347322
request;262;1689273.348808
result;261;-1;0.0015709400177001953;0.0001239776611328125;0.00019598007202148438;0.0035300254821777344;1689273.362389
result;262;-1;0.0014259815216064453;0.00011205673217773438;0.00018095970153808594;0.003000974655151367;1689273.367712
request;263;1689273.392616
request;264;1689273.393913
result;263;-1;0.001497030258178711;0.0007920265197753906;0.00018596649169921875;0.00360107421875;1689273.407790
result;264;-1;0.0013799667358398438;0.00011205673217773438;0.00017595291137695312;0.002975940704345703;1689273.415266
request;265;1689273.437316
request;266;1689273.438648
result;265;-1;0.0037660598754882812;0.00011706352233886719;0.00023293495178222656;0.005656003952026367;1689273.455174
result;266;-1;0.0014271736145019531;0.00011396408081054688;0.00017786026000976562;0.0030231475830078125;1689273.460261
request;267;1689273.482622
request;268;1689273.483776
request;269;1689273.484173
result;267;-1;0.0014581680297851562;0.0008280277252197266;0.00017595291137695312;0.003638029098510742;1689273.497616
result;268;-1;0.0015361309051513672;0.00011301040649414062;0.0001800060272216797;0.003147125244140625;1689273.504207
result;269;-1;0.0035719871520996094;0.00013518333435058594;0.0001838207244873047;0.005357980728149414;1689273.504969
request;270;1689273.572650
request;271;1689273.573876
result;270;-1;0.0017881393432617188;0.0008039474487304688;0.00019288063049316406;0.004032135009765625;1689273.588705
result;271;-1;0.001561880111694336;0.00012612342834472656;0.00019478797912597656;0.0034759044647216797;1689273.595013
request;272;1689273.617546
request;273;1689273.618715
result;272;-1;0.0016548633575439453;0.000820159912109375;0.00019097328186035156;0.003895998001098633;1689273.633331
result;273;-1;0.0015950202941894531;0.00025391578674316406;0.00019311904907226562;0.0032858848571777344;1689273.639312
request;274;1689273.661627
request;275;1689273.662844
request;276;1689273.663238
result;274;-1;0.0014879703521728516;0.0008289813995361328;0.0001761913299560547;0.0036039352416992188;1689273.676805
result;275;-1;0.0014190673828125;0.00011301040649414062;0.00017595291137695312;0.0030510425567626953;1689273.682314
result;276;-1;0.0035719871520996094;0.00013184547424316406;0.0001800060272216797;0.005185842514038086;1689273.683134
request;277;1689273.707771
request;278;1689273.709434
result;277;-1;0.0014939308166503906;0.0007908344268798828;0.00017118453979492188;0.003591775894165039;1689273.727389
result;278;-1;0.0014050006866455078;0.00011301040649414062;0.00017499923706054688;0.002986907958984375;1689273.732827
request;279;1689273.752822
request;280;1689273.754324
result;279;-1;0.0014681816101074219;0.00022983551025390625;0.00017213821411132812;0.0030112266540527344;1689273.769320
result;280;-1;0.0013930797576904297;0.00011301040649414062;0.00017595291137695312;0.003011941909790039;1689273.774792
request;281;1689273.798181
request;282;1689273.799720
request;283;1689273.800309
result;281;-1;0.0014309883117675781;0.00011587142944335938;0.00017499923706054688;0.0030410289764404297;1689273.814348
result;282;-1;0.0014698505401611328;0.00024318695068359375;0.00017380714416503906;0.003077983856201172;1689273.820610
result;283;-1;0.0034949779510498047;0.0001590251922607422;0.00017690658569335938;0.005194902420043945;1689273.821385
request;284;1689273.843427
request;285;1689273.844993
result;284;-1;0.0014410018920898438;0.0008308887481689453;0.00017118453979492188;0.0035600662231445312;1689273.860198
result;285;-1;0.0014119148254394531;0.00011301040649414062;0.00017714500427246094;0.003050088882446289;1689273.865959
request;286;1689274.002238
request;287;1689274.003136
request;288;1689274.003697
request;289;1689274.003850
request;290;1689274.004368
request;291;1689274.004580
request;292;1689274.004686
result;286;-1;0.0019540786743164062;0.0007369518280029297;0.0002200603485107422;0.004611015319824219;1689274.019309
request;293;1689274.023118
request;294;1689274.024670
result;288;-1;0.0031130313873291016;0.00012493133544921875;0.00022101402282714844;0.005611896514892578;1689274.029688
result;287;-1;0.002003908157348633;0.0022859573364257812;0.000141143798828125;0.007328987121582031;1689274.030505
result;289;-1;0.006711006164550781;0.0001938343048095703;0.00023412704467773438;0.011100053787231445;1689274.034149
result;290;-1;0.009073019027709961;0.00013589859008789062;0.00020623207092285156;0.012869119644165039;1689274.034904
result;291;-1;0.013961076736450195;0.001277923583984375;0.00021600723266601562;0.018146038055419922;1689274.039955
result;293;-1;0.006615877151489258;0.0001659393310546875;0.00022411346435546875;0.009058952331542969;1689274.043694
result;292;-1;0.016155004501342773;0.0032629966735839844;0.0001430511474609375;0.02221393585205078;1689274.044580
result;294;-1;0.004925966262817383;0.00021195411682128906;0.0002601146697998047;0.007066011428833008;1689274.045373
request;295;1689274.067144
request;296;1689274.068537
result;295;-1;0.001973867416381836;0.0001399517059326172;0.0002071857452392578;0.0038650035858154297;1689274.082735
result;296;-1;0.0017521381378173828;0.0003669261932373047;0.0002090930938720703;0.003771066665649414;1689274.088784
request;297;1689274.112726
request;298;1689274.114018
request;299;1689274.114401
result;297;-1;0.0015590190887451172;0.0008380413055419922;0.00016498565673828125;0.0037260055541992188;1689274.127655
result;298;-1;0.0013720989227294922;0.0008978843688964844;0.00015401840209960938;0.003898143768310547;1689274.135913
result;299;-1;0.002966165542602539;0.0005729198455810547;0.00016999244689941406;0.004722118377685547;1689274.136780
request;300;1689274.202234
result;300;[1];0.0015959739685058594;0.00022411346435546875;0.04490303993225098;0.04803204536437988;1689274.262942
