request;0;1682917.504982
request;1;1682917.505951
result;0;-1;0.0006709098815917969;0.007908105850219727;0.0;0.009405851364135742;1682917.522373
result;1;-1;0.0003619194030761719;0.011850118637084961;0.0;0.012989044189453125;1682917.540427
request;2;1682917.548851
request;3;1682917.549666
request;4;1682917.549909
result;2;-1;0.0007259845733642578;0.00850987434387207;0.0;0.010056018829345703;1682917.568668
result;4;-1;0.0004489421844482422;0.011259078979492188;0.0;0.01275181770324707;1682917.584293
result;3;-1;0.0005791187286376953;0.011259078979492188;0.0;0.012984991073608398;1682917.584589
request;5;1682917.593773
request;6;1682917.594503
result;5;-1;0.0004260540008544922;0.01335906982421875;0.0;0.01456308364868164;1682917.615848
result;6;-1;0.0006780624389648438;0.01099395751953125;0.0;0.012633085250854492;1682917.633639
request;7;1682917.638873
request;8;1682917.639789
result;7;-1;0.0007071495056152344;0.01435089111328125;0.0;0.01589202880859375;1682917.662479
result;8;-1;0.0007460117340087891;0.011662006378173828;0.0;0.013209104537963867;1682917.679284
request;9;1682917.686721
request;10;1682917.688240
request;11;1682917.688823
result;9;-1;0.0008740425109863281;0.011760950088500977;0.0;0.013362884521484375;1682917.715804
result;11;-1;0.0011119842529296875;0.007430076599121094;0.0;0.009411096572875977;1682917.728275
result;10;-1;-0.00026702880859375;0.008934974670410156;0.0;0.009675025939941406;1682917.729559
request;12;1682917.732504
request;13;1682917.733830
result;12;-1;0.0005979537963867188;0.013226985931396484;0.0;0.014764070510864258;1682917.759720
result;13;-1;0.0008370876312255859;0.011055946350097656;0.0;0.012629985809326172;1682917.775704
request;14;1682917.777198
request;15;1682917.778615
result;14;-1;0.001241922378540039;0.014880895614624023;0.0;0.01695084571838379;1682917.805978
result;15;-1;0.0006730556488037109;0.010468006134033203;0.0;0.012063026428222656;1682917.820288
request;16;1682917.821479
request;17;1682917.822564
result;16;-1;0.0006480216979980469;0.001474142074584961;0.0;0.0027801990509033203;1682917.836143
result;17;-1;0.0008759498596191406;0.010975837707519531;0.0;0.012697935104370117;1682917.851570
request;18;1682917.867207
request;19;1682917.868995
request;20;1682917.869451
result;18;-1;0.0004799365997314453;0.01500701904296875;0.0;0.016093969345092773;1682917.897363
request;21;1682917.912373
request;22;1682917.912840
result;20;-1;0.0014450550079345703;0.011095046997070312;0.0;0.013637065887451172;1682917.915396
result;19;-1;0.0005190372467041016;0.012095928192138672;0.0;0.013795852661132812;1682917.919293
result;21;-1;0.00041103363037109375;0.002454042434692383;0.0;0.0036330223083496094;1682917.928888
result;22;-1;0.00026988983154296875;0.012395143508911133;0.0;0.013555049896240234;1682917.944574
request;23;1682917.957289
request;24;1682917.958647
result;23;-1;-0.00041794776916503906;0.006967067718505859;0.0;0.0072879791259765625;1682917.976995
result;24;-1;0.0008780956268310547;0.010854005813598633;0.0;0.012674093246459961;1682917.992612
request;25;1682918.002289
request;26;1682918.003668
request;27;1682918.004238
result;25;-1;0.000453948974609375;0.007809877395629883;0.0;0.009239912033081055;1682918.024322
result;27;-1;0.0010728836059570312;0.010004043579101562;0.0;0.011907815933227539;1682918.039361
result;26;-1;0.000682830810546875;0.010517120361328125;0.0;0.012208938598632812;1682918.040250
request;28;1682918.047342
request;29;1682918.048803
result;28;-1;9.107589721679688e-05;0.011982917785644531;0.0;0.012987136840820312;1682918.072248
result;29;-1;0.0008289813995361328;0.01131296157836914;0.0;0.01279902458190918;1682918.087822
request;30;1682918.092165
request;31;1682918.093637
result;30;-1;0.0007460117340087891;0.012418031692504883;0.0;0.013957977294921875;1682918.119966
result;31;-1;0.000331878662109375;0.011305093765258789;0.0;0.012452840805053711;1682918.135196
request;32;1682918.137637
request;33;1682918.139044
result;32;-1;0.00018596649169921875;0.014795064926147461;0.0;0.015863895416259766;1682918.165712
result;33;-1;0.0008749961853027344;0.010963916778564453;0.0;0.012543916702270508;1682918.181268
request;34;1682918.182650
request;35;1682918.184128
request;36;1682918.184646
result;34;-1;0.0005171298980712891;0.01584792137145996;0.0;0.01709294319152832;1682918.211951
request;37;1682918.227353
request;38;1682918.227801
result;36;-1;0.0013339519500732422;0.009750127792358398;0.0;0.012142181396484375;1682918.228325
result;35;-1;0.00067901611328125;0.01052999496459961;0.0;0.01244497299194336;1682918.228646
result;37;-1;0.0008008480072021484;0.0030050277709960938;0.0;0.004547834396362305;1682918.242577
result;38;-1;0.0009710788726806641;0.009980916976928711;0.0;0.01188206672668457;1682918.257213
request;39;1682918.272772
request;40;1682918.274275
result;39;-1;0.000759124755859375;0.002415895462036133;0.0;0.003962993621826172;1682918.304187
result;40;-1;1.0013580322265625e-05;0.011839866638183594;0.0;0.012669801712036133;1682918.304641
request;41;1682918.316416
request;42;1682918.317769
request;43;1682918.318171
result;41;-1;0.0007338523864746094;0.0029821395874023438;0.0;0.004506826400756836;1682918.337203
result;43;-1;0.0014460086822509766;0.009185075759887695;0.0;0.011574983596801758;1682918.352130
result;42;-1;0.0005748271942138672;0.010184049606323242;0.0;0.011856794357299805;1682918.353190
request;44;1682918.361339
request;45;1682918.362633
result;44;-1;0.0007359981536865234;0.008392095565795898;0.0;0.009971141815185547;1682918.383217
result;45;-1;0.0003669261932373047;0.011777162551879883;0.0;0.012826919555664062;1682918.398520
request;46;1682918.407684
request;47;1682918.409204
result;46;-1;0.00032806396484375;0.008833885192871094;0.0;0.009890079498291016;1682918.431485
result;47;-1;0.000698089599609375;0.010123968124389648;0.0;0.011556148529052734;1682918.445052
request;48;1682918.451816
request;49;1682918.453322
result;48;-1;0.0006630420684814453;0.011813879013061523;0.0;0.013325929641723633;1682918.477162
result;49;-1;0.0002231597900390625;0.010831832885742188;0.0;0.011999130249023438;1682918.493309
request;50;1682918.497391
request;51;1682918.498910
request;52;1682918.499353
result;50;-1;0.0007529258728027344;0.012444019317626953;0.0;0.013930082321166992;1682918.523514
result;52;-1;0.0013079643249511719;0.011065006256103516;0.0;0.013182878494262695;1682918.544317
request;53;1682918.545183
request;54;1682918.546527
result;51;-1;0.0007491111755371094;0.011765003204345703;0.0;0.013492107391357422;1682918.547013
result;53;-1;9.584426879882812e-05;0.01258707046508789;0.0;0.013499021530151367;1682918.570073
result;54;-1;0.0008740425109863281;0.010799884796142578;0.0;0.012481927871704102;1682918.585141
request;55;1682918.586997
request;56;1682918.588271
result;55;-1;0.0008549690246582031;0.0014150142669677734;0.0;0.003239154815673828;1682918.601503
result;56;-1;0.0005941390991210938;0.012286901473999023;0.0;0.013586044311523438;1682918.616803
request;57;1682918.632320
request;58;1682918.633796
result;57;-1;0.00045680999755859375;0.0033271312713623047;0.0;0.004480838775634766;1682918.648972
result;58;-1;0.0006840229034423828;0.011516094207763672;0.0;0.012941122055053711;1682918.664238
request;59;1682918.677438
request;60;1682918.678844
request;61;1682918.679332
result;59;-1;0.0007560253143310547;0.0049550533294677734;0.0;0.0066070556640625;1682918.696176
result;61;-1;0.0011279582977294922;0.011254072189331055;0.0;0.013238906860351562;1682918.711939
result;60;-1;0.00023102760314941406;0.012253999710083008;0.0;0.013453960418701172;1682918.713082
request;62;1682918.721963
request;63;1682918.723287
result;62;-1;0.0007450580596923828;0.0068891048431396484;0.0;0.008337020874023438;1682918.742949
result;63;-1;0.0003809928894042969;0.011942148208618164;0.0;0.013239145278930664;1682918.758258
request;64;1682918.767087
request;65;1682918.768589
result;64;-1;0.0006527900695800781;0.009316205978393555;0.0;0.010738849639892578;1682918.790330
result;65;-1;0.0003819465637207031;0.011811017990112305;0.0;0.012959957122802734;1682918.805594
request;66;1682918.812273
request;67;1682918.813655
request;68;1682918.814238
result;66;-1;0.0005109310150146484;0.01082301139831543;0.0;0.012070894241333008;1682918.838009
result;68;-1;0.0007860660552978516;0.009558916091918945;0.0;0.011159896850585938;1682918.852298
result;67;-1;0.0009100437164306641;0.009558916091918945;0.0;0.01143789291381836;1682918.853504
request;69;1682918.902178
request;70;1682918.903541
request;71;1682918.904718
request;72;1682918.905128
result;69;-1;0.0011768341064453125;0.013007164001464844;0.0;0.014798879623413086;1682918.929030
result;72;-1;0.0016260147094726562;0.009966850280761719;0.0;0.01260685920715332;1682918.946375
result;71;-1;0.0006229877471923828;0.010979890823364258;0.0;0.01276087760925293;1682918.947736
request;73;1682918.948621
request;74;1682918.949355
result;70;-1;0.0007441043853759766;0.010979890823364258;0.0;0.01291799545288086;1682918.949701
result;73;-1;0.0007231235504150391;0.014387845993041992;0.0;0.01587200164794922;1682918.976199
result;74;-1;0.0007441043853759766;0.011394977569580078;0.0;0.012989997863769531;1682918.991936
request;75;1682918.992741
request;76;1682918.994064
request;77;1682918.994447
result;75;-1;0.0002598762512207031;0.0010151863098144531;0.0;0.001920938491821289;1682919.006740
result;77;-1;0.0012319087982177734;0.00985407829284668;0.0;0.012128829956054688;1682919.022712
result;76;-1;0.0006628036499023438;0.010546207427978516;0.0;0.012390851974487305;1682919.023779
request;78;1682919.037104
request;79;1682919.038369
result;78;-1;0.0007588863372802734;0.0024352073669433594;0.0;0.004251956939697266;1682919.053508
result;79;-1;0.0005161762237548828;0.010931968688964844;0.0;0.012356996536254883;1682919.068367
request;80;1682919.128217
request;81;1682919.129764
request;82;1682919.132185
request;83;1682919.132622
request;84;1682919.132882
result;80;-1;0.0007119178771972656;0.003957986831665039;0.0;0.005387067794799805;1682919.147982
result;84;-1;0.001708984375;0.008388042449951172;0.0;0.011056184768676758;1682919.163296
result;83;-1;0.001714944839477539;0.008388042449951172;0.0;0.011199951171875;1682919.164299
result;82;-1;0.0007250308990478516;0.009387969970703125;0.0;0.01124715805053711;1682919.165566
result;81;-1;0.0008509159088134766;0.009387969970703125;0.0;0.011378049850463867;1682919.166664
request;85;1682919.174139
request;86;1682919.175618
result;85;-1;0.0007140636444091797;0.0036640167236328125;0.0;0.005102872848510742;1682919.194441
result;86;-1;0.0003159046173095703;0.01230001449584961;0.0;0.01335287094116211;1682919.210161
request;87;1682919.218805
request;88;1682919.220532
result;87;-1;0.0005080699920654297;0.0073130130767822266;0.0;0.008804082870483398;1682919.242090
result;88;-1;0.0008289813995361328;0.010301828384399414;0.0;0.011932849884033203;1682919.256486
request;89;1682919.263464
request;90;1682919.265132
result;89;-1;0.0007379055023193359;0.009292125701904297;0.0;0.01083683967590332;1682919.304168
result;90;-1;0.0005619525909423828;0.011826038360595703;0.0;0.013108968734741211;1682919.305463
request;91;1682919.306533
request;92;1682919.307186
request;93;1682919.307352
result;91;-1;0.0009450912475585938;0.0013470649719238281;0.0;0.00304412841796875;1682919.319957
result;93;-1;0.001194000244140625;0.010841846466064453;0.0;0.012980937957763672;1682919.334748
result;92;-1;0.00037288665771484375;0.011786937713623047;0.0;0.01320791244506836;1682919.335454
request;94;1682919.351256
request;95;1682919.352556
result;94;-1;0.0007419586181640625;0.0014240741729736328;0.0;0.002763032913208008;1682919.366318
result;95;-1;0.00029015541076660156;0.012408971786499023;0.0;0.013585090637207031;1682919.384102
request;96;1682919.397058
request;97;1682919.398300
result;96;-1;0.0005869865417480469;0.0024280548095703125;0.0;0.003690004348754883;1682919.415592
result;97;-1;0.00038504600524902344;0.010204076766967773;0.0;0.011344194412231445;1682919.428962
request;98;1682919.442092
request;99;1682919.443479
request;100;1682919.443953
result;98;-1;0.0007598400115966797;0.0049440860748291016;0.0;0.006414890289306641;1682919.461293
result;100;-1;0.0012180805206298828;0.011117935180664062;0.0;0.01335906982421875;1682919.477749
result;99;-1;0.0004100799560546875;0.012065887451171875;0.0;0.013670921325683594;1682919.483533
request;101;1682919.577310
request;102;1682919.578709
request;103;1682919.579925
request;104;1682919.580429
request;105;1682919.582801
request;106;1682919.583220
result;101;-1;0.0008831024169921875;0.011706829071044922;0.0;0.013778924942016602;1682919.603432
result;106;-1;0.002290010452270508;0.008828878402709961;0.0;0.012145042419433594;1682919.619786
result;105;-1;0.002292156219482422;0.008828878402709961;0.0;0.012248039245605469;1682919.621174
request;107;1682919.621936
request;108;1682919.622368
request;109;1682919.622679
result;104;-1;0.001277923583984375;0.009850025177001953;0.0;0.012340068817138672;1682919.623049
result;103;-1;0.0012879371643066406;0.009850025177001953;0.0;0.012384891510009766;1682919.623366
result;102;-1;0.0008449554443359375;0.010418891906738281;0.0;0.012515783309936523;1682919.624159
result;107;-1;3.695487976074219e-05;0.014481067657470703;0.0;0.015349149703979492;1682919.649478
result;109;-1;0.0007340908050537109;0.010803937911987305;0.0;0.01253509521484375;1682919.665808
request;110;1682919.667094
request;111;1682919.668420
result;108;-1;0.0008640289306640625;0.010803937911987305;0.0;0.012801885604858398;1682919.668934
result;110;-1;0.0007169246673583984;0.01580500602722168;0.0;0.01731395721435547;1682919.696346
request;112;1682919.712144
request;113;1682919.714239
result;111;-1;0.0003781318664550781;0.012208938598632812;0.0;0.013276100158691406;1682919.714821
result;112;-1;0.0004260540008544922;0.0015101432800292969;0.0;0.0026450157165527344;1682919.727646
result;113;-1;0.0008749961853027344;0.010838031768798828;0.0;0.012480974197387695;1682919.742537
request;114;1682919.757666
request;115;1682919.759113
result;114;-1;0.0008549690246582031;0.002415895462036133;0.0;0.0040340423583984375;1682919.774076
result;115;-1;0.0009379386901855469;0.011333942413330078;0.0;0.013113975524902344;1682919.789207
request;116;1682919.802270
request;117;1682919.803521
request;118;1682919.803934
result;116;-1;-5.91278076171875e-05;0.005430936813354492;0.0;0.0060977935791015625;1682919.820517
result;118;-1;0.00045800209045410156;0.011823892593383789;0.0;0.01312398910522461;1682919.836818
result;117;-1;0.0005819797515869141;0.011823892593383789;0.0;0.013339996337890625;1682919.837884
request;119;1682919.892372
request;120;1682919.893859
request;121;1682919.895053
request;122;1682919.895377
result;119;-1;0.0003180503845214844;0.00857996940612793;0.0;0.009482145309448242;1682919.913907
result;122;-1;0.0018830299377441406;0.010685920715332031;0.0;0.01343989372253418;1682919.930090
result;121;-1;0.0009307861328125;0.011644124984741211;0.0;0.013593912124633789;1682919.931151
result;120;-1;-6.9141387939453125e-06;0.012686014175415039;0.0;0.01373910903930664;1682919.932428
request;123;1682919.937519
request;124;1682919.938840
request;125;1682919.939338
result;123;-1;9.608268737792969e-05;0.010733842849731445;0.0;0.011481046676635742;1682919.961007
result;125;-1;0.0012331008911132812;0.01002192497253418;0.0;0.012193918228149414;1682919.975875
result;124;-1;0.00043702125549316406;0.01094198226928711;0.0;0.012480974197387695;1682919.977168
request;126;1682919.982213
request;127;1682919.983536
result;126;-1;0.0008568763732910156;0.011031150817871094;0.0;0.012892961502075195;1682920.007128
result;127;-1;0.0006880760192871094;0.01055002212524414;0.0;0.011914968490600586;1682920.022116
request;128;1682920.026714
request;129;1682920.028000
result;128;-1;0.0007338523864746094;0.011368036270141602;0.0;0.012951850891113281;1682920.053319
result;129;-1;0.0002849102020263672;0.012518167495727539;0.0;0.013710975646972656;1682920.071599
request;130;1682920.118769
request;131;1682920.120488
request;132;1682920.122819
request;133;1682920.123175
request;134;1682920.123561
result;130;-1;0.00012993812561035156;0.015229940414428711;0.0;0.016182899475097656;1682920.149175
request;135;1682920.163075
request;136;1682920.163582
result;134;-1;0.0024759769439697266;0.008757829666137695;0.0;0.012260913848876953;1682920.165496
result;133;-1;0.0014710426330566406;0.009769916534423828;0.0;0.012421131134033203;1682920.168769
result;132;-1;0.0014810562133789062;0.009769916534423828;0.0;0.012467145919799805;1682920.170872
result;131;-1;0.0007579326629638672;0.01061391830444336;0.0;0.01259303092956543;1682920.171714
result;135;-1;0.0006949901580810547;0.0016100406646728516;0.0;0.002975940704345703;1682920.179554
result;136;-1;0.0008790493011474609;0.009679079055786133;0.0;0.011303186416625977;1682920.195361
request;137;1682920.209088
request;138;1682920.210723
result;137;-1;0.0008749961853027344;0.0014200210571289062;0.0;0.002981901168823242;1682920.226211
result;138;-1;0.00038886070251464844;0.010787010192871094;0.0;0.011917829513549805;1682920.241393
request;139;1682920.341421
request;140;1682920.342782
request;141;1682920.343234
request;142;1682920.346835
request;143;1682920.347191
result;139;-1;0.0003437995910644531;0.011336088180541992;0.0;0.012512922286987305;1682920.365746
result;143;-1;0.0025370121002197266;0.009329080581665039;0.0;0.012984991073608398;1682920.382240
result;142;-1;0.0015740394592285156;0.010298967361450195;0.0;0.013139963150024414;1682920.383454
result;141;-1;0.0005440711975097656;0.011338949203491211;0.0;0.013186931610107422;1682920.384708
result;140;-1;0.0006670951843261719;0.011338949203491211;0.0;0.013315916061401367;1682920.385806
request;144;1682920.386563
request;145;1682920.387792
result;144;-1;0.0006520748138427734;0.013476848602294922;0.0;0.01497793197631836;1682920.413309
result;145;-1;0.0007431507110595703;0.010391950607299805;0.0;0.011939048767089844;1682920.428603
request;146;1682920.431896
request;147;1682920.433328
request;148;1682920.433743
result;146;-1;0.0006680488586425781;0.013931989669799805;0.0;0.015352964401245117;1682920.458529
result;148;-1;0.0013380050659179688;0.008985042572021484;0.0;0.01116490364074707;1682920.476173
result;147;-1;0.00046706199645996094;0.009979963302612305;0.0;0.011416912078857422;1682920.476854
request;149;1682920.478486
request;150;1682920.479450
result;149;-1;0.0008628368377685547;0.010828971862792969;0.0;0.012696027755737305;1682920.505441
result;150;-1;0.0006701946258544922;0.010902881622314453;0.0;0.012354135513305664;1682920.520985
request;151;1682920.527603
request;152;1682920.529107
result;151;-1;0.0007691383361816406;0.010545969009399414;0.0;0.012104034423828125;1682920.552132
request;153;1682920.566669
request;154;1682920.568324
result;152;-1;0.0003790855407714844;0.011503934860229492;0.0;0.012726068496704102;1682920.568817
result;153;-1;0.0007939338684082031;0.0014231204986572266;0.0;0.0028710365295410156;1682920.582116
result;154;-1;0.00036978721618652344;0.011713027954101562;0.0;0.012990951538085938;1682920.597268
request;155;1682920.612096
request;156;1682920.613392
request;157;1682920.613845
result;155;-1;0.0007410049438476562;0.003834962844848633;0.0;0.005362987518310547;1682920.629393
result;157;-1;0.0007398128509521484;0.010456085205078125;0.0;0.012015819549560547;1682920.644523
result;156;-1;0.0008640289306640625;0.010456085205078125;0.0;0.012232065200805664;1682920.645412
request;158;1682920.656974
request;159;1682920.658198
result;158;-1;0.0005939006805419922;0.0054149627685546875;0.0;0.006623983383178711;1682920.675309
result;159;-1;0.0009241104125976562;0.011678934097290039;0.0;0.013399124145507812;1682920.691109
request;160;1682920.702240
request;161;1682920.703560
result;160;-1;0.0007350444793701172;0.0059850215911865234;0.0;0.007534027099609375;1682920.721902
result;161;-1;0.00033092498779296875;0.012796878814697266;0.0;0.013787984848022461;1682920.737364
request;162;1682920.747294
request;163;1682920.748588
request;164;1682920.748990
result;162;-1;0.00067901611328125;0.006851911544799805;0.0;0.008237838745117188;1682920.769160
result;164;-1;0.0011751651763916016;0.011577844619750977;0.0;0.013737201690673828;1682920.786548
result;163;-1;0.00031304359436035156;0.012569904327392578;0.0;0.014030933380126953;1682920.787173
request;165;1682920.792151
request;166;1682920.793750
result;165;-1;0.00026702880859375;0.011023998260498047;0.0;0.01214289665222168;1682920.816282
result;166;-1;0.0006530284881591797;0.010886907577514648;0.0;0.012237071990966797;1682920.831520
request;167;1682920.837271
request;168;1682920.838467
result;167;-1;0.0007579326629638672;0.01141214370727539;0.0;0.013074874877929688;1682920.865190
result;168;-1;0.0006589889526367188;0.008409976959228516;0.0;0.009830951690673828;1682920.878011
request;169;1682920.882035
request;170;1682920.883239
result;169;-1;0.0003380775451660156;0.013749837875366211;0.0;0.014728069305419922;1682920.908154
result;170;-1;8.797645568847656e-05;0.012173891067504883;0.0;0.012857913970947266;1682920.923014
request;171;1682920.927006
request;172;1682920.928361
request;173;1682920.928806
result;171;-1;0.0005819797515869141;0.014838933944702148;0.0;0.016323089599609375;1682920.955988
request;174;1682920.971929
request;175;1682920.972461
result;173;-1;0.0012781620025634766;0.010969877243041992;0.0;0.01324009895324707;1682920.972774
result;172;-1;0.00035500526428222656;0.011970043182373047;0.0;0.013488054275512695;1682920.972974
result;174;-1;0.0007770061492919922;0.0028350353240966797;0.0;0.0043621063232421875;1682920.987219
result;175;-1;0.0005841255187988281;0.011416912078857422;0.0;0.012894153594970703;1682921.003111
request;176;1682921.017289
request;177;1682921.018575
result;176;-1;0.0007410049438476562;0.003698110580444336;0.0;0.005201101303100586;1682921.034145
result;177;-1;0.00032711029052734375;0.012907981872558594;0.0;0.013844013214111328;1682921.050576
request;178;1682921.106893
request;179;1682921.108272
request;180;1682921.108704
request;181;1682921.112160
request;182;1682921.112679
result;178;-1;0.0007460117340087891;0.0077741146087646484;0.0;0.009357929229736328;1682921.128354
result;182;-1;0.002140045166015625;0.009608983993530273;0.0;0.01275014877319336;1682921.143930
result;181;-1;0.0011410713195800781;0.010610818862915039;0.0;0.012852907180786133;1682921.144926
result;180;-1;0.0011551380157470703;0.010610818862915039;0.0;0.012948989868164062;1682921.145800
result;179;-1;0.00029397010803222656;0.011601924896240234;0.0;0.013113021850585938;1682921.146796
request;183;1682921.151581
request;184;1682921.152930
result;183;-1;0.0007739067077636719;0.009953975677490234;0.0;0.011531829833984375;1682921.176544
result;184;-1;0.0005049705505371094;0.009688138961791992;0.0;0.010956048965454102;1682921.190410
request;185;1682921.242250
request;186;1682921.244652
request;187;1682921.245619
request;188;1682921.245942
request;189;1682921.246190
result;185;-1;0.0005068778991699219;0.013740062713623047;0.0;0.015019893646240234;1682921.270917
result;189;-1;0.0022649765014648438;0.008748054504394531;0.0;0.012117147445678711;1682921.286817
result;188;-1;0.001255035400390625;0.009760856628417969;0.0;0.012217998504638672;1682921.287606
result;187;-1;0.001268148422241211;0.009760856628417969;0.0;0.012308120727539062;1682921.288694
result;186;-1;0.0006561279296875;0.010495901107788086;0.0;0.012466192245483398;1682921.291383
request;190;1682921.331775
request;191;1682921.333267
request;192;1682921.334151
request;193;1682921.334484
result;190;-1;0.00014495849609375;0.003495931625366211;0.0;0.004400014877319336;1682921.349028
result;193;-1;0.0016009807586669922;0.009813070297241211;0.0;0.012363195419311523;1682921.363900
result;192;-1;0.0005698204040527344;0.010853052139282227;0.0;0.012476921081542969;1682921.364931
result;191;-1;0.0006959438323974609;0.010853052139282227;0.0;0.012675046920776367;1682921.365894
request;194;1682921.376505
request;195;1682921.377809
request;196;1682921.378238
result;194;-1;0.0006818771362304688;0.00532221794128418;0.0;0.006648063659667969;1682921.395290
result;196;-1;0.0004420280456542969;0.010974884033203125;0.0;0.012519121170043945;1682921.412078
result;195;-1;0.0005710124969482422;0.010974884033203125;0.0;0.012820005416870117;1682921.413013
request;197;1682921.421772
request;198;1682921.423063
result;197;-1;0.0008549690246582031;0.006982088088989258;0.0;0.008599996566772461;1682921.441997
result;198;-1;0.0003249645233154297;0.012835979461669922;0.0;0.013868093490600586;1682921.457867
request;199;1682921.468340
request;200;1682921.469533
result;199;-1;0.0004050731658935547;0.008314132690429688;0.0;0.009473085403442383;1682921.489752
result;200;-1;0.0006442070007324219;0.010946989059448242;0.0;0.012510061264038086;1682921.504520
request;201;1682921.556947
request;202;1682921.558268
request;203;1682921.559106
request;204;1682921.559395
request;205;1682921.559606
result;201;-1;0.0007309913635253906;0.0124359130859375;0.0;0.013876914978027344;1682921.585375
result;205;-1;0.002396821975708008;0.006582975387573242;0.0;0.009764909744262695;1682921.600930
request;206;1682921.602427
request;207;1682921.602765
result;204;-1;0.0013780593872070312;0.007603883743286133;0.0;0.009932994842529297;1682921.603078
result;203;-1;0.0013880729675292969;0.007603883743286133;0.0;0.009979963302612305;1682921.603335
result;202;-1;0.0007729530334472656;0.008337020874023438;0.0;0.010106086730957031;1682921.603511
result;206;-1;0.0009241104125976562;0.0;0.0;0.001764059066772461;1682921.614079
result;207;-1;0.0006921291351318359;0.01129293441772461;0.0;0.01288604736328125;1682921.629778
request;208;1682921.646703
request;209;1682921.647875
result;208;-1;0.0008578300476074219;0.0012459754943847656;0.0;0.002853870391845703;1682921.661444
result;209;-1;0.0003218650817871094;0.012253046035766602;0.0;0.01350092887878418;1682921.677404
request;210;1682921.692664
request;211;1682921.693973
request;212;1682921.694362
result;210;-1;0.0006439685821533203;0.01427316665649414;0.0;0.015781164169311523;1682921.723869
request;213;1682921.737038
request;214;1682921.737388
result;212;-1;0.0005249977111816406;0.010872125625610352;0.0;0.012353181838989258;1682921.739533
result;211;-1;0.0006499290466308594;0.010872125625610352;0.0;0.012584924697875977;1682921.742917
result;213;-1;-0.0001590251922607422;0.004925966262817383;0.0;0.005484819412231445;1682921.754570
result;214;-1;0.0009379386901855469;0.01077890396118164;0.0;0.012497901916503906;1682921.769686
request;215;1682921.782062
request;216;1682921.783279
result;215;-1;0.0006909370422363281;0.005852937698364258;0.0;0.007191896438598633;1682921.806402
result;216;-1;0.0003819465637207031;0.012677907943725586;0.0;0.013947010040283203;1682921.816940
request;217;1682921.827444
request;218;1682921.828786
result;217;-1;0.0008549690246582031;0.007612943649291992;0.0;0.009142875671386719;1682921.848393
result;218;-1;0.00037097930908203125;0.012201070785522461;0.0;0.013395071029663086;1682921.864317
request;219;1682921.872297
request;220;1682921.873536
request;221;1682921.873912
result;219;-1;0.0005087852478027344;0.01086115837097168;0.0;0.012210845947265625;1682921.896643
result;221;-1;0.0011289119720458984;0.010754108428955078;0.0;0.012620925903320312;1682921.916167
result;220;-1;0.00021886825561523438;0.011753082275390625;0.0;0.012830972671508789;1682921.917128
request;222;1682921.919168
request;223;1682921.920489
result;222;-1;0.0003399848937988281;0.010898113250732422;0.0;0.012139081954956055;1682921.942352
result;223;-1;0.0006909370422363281;0.011595010757446289;0.0;0.013004779815673828;1682921.958059
request;224;1682921.961948
request;225;1682921.963154
result;224;-1;0.0009541511535644531;0.014897823333740234;0.0;0.0166170597076416;1682921.990243
result;225;-1;0.0008559226989746094;0.011156082153320312;0.0;0.012753963470458984;1682922.005837
request;226;1682922.007146
request;227;1682922.008553
request;228;1682922.008887
result;226;-1;0.0009100437164306641;0.0013859272003173828;0.0;0.0030150413513183594;1682922.022126
result;228;-1;0.0007450580596923828;0.01073312759399414;0.0;0.012391090393066406;1682922.037492
result;227;-1;0.0008819103240966797;0.01073312759399414;0.0;0.012704849243164062;1682922.038226
request;229;1682922.051823
request;230;1682922.053201
result;229;-1;0.0007390975952148438;0.004427909851074219;0.0;0.005942106246948242;1682922.069421
result;230;-1;0.00037407875061035156;0.012789011001586914;0.0;0.014173030853271484;1682922.090609
request;231;1682922.144162
request;232;1682922.145423
request;233;1682922.147314
request;234;1682922.147666
result;231;-1;0.0007388591766357422;0.0063991546630859375;0.0;0.007834911346435547;1682922.166405
result;234;-1;0.0014739036560058594;0.009806156158447266;0.0;0.012165069580078125;1682922.182663
result;233;-1;0.00044989585876464844;0.010840177536010742;0.0;0.012263059616088867;1682922.183667
result;232;-1;0.0005707740783691406;0.010840177536010742;0.0;0.012462854385375977;1682922.184779
request;235;1682922.188310
request;236;1682922.189773
request;237;1682922.190218
result;235;-1;0.00055694580078125;0.010191917419433594;0.0;0.011468887329101562;1682922.212956
result;237;-1;0.0005321502685546875;0.01093292236328125;0.0;0.012529134750366211;1682922.229424
result;236;-1;0.0006580352783203125;0.01093292236328125;0.0;0.012805938720703125;1682922.230271
request;238;1682922.233911
request;239;1682922.235345
result;238;-1;0.00032782554626464844;0.010757207870483398;0.0;0.011836051940917969;1682922.259050
result;239;-1;0.0006830692291259766;0.011343002319335938;0.0;0.012758016586303711;1682922.274675
request;240;1682922.278405
request;241;1682922.279840
result;240;-1;0.000408172607421875;0.012854814529418945;0.0;0.013964176177978516;1682922.310370
request;242;1682922.323866
request;243;1682922.325405
result;241;-1;0.0008580684661865234;0.011111974716186523;0.0;0.012842178344726562;1682922.325949
result;242;-1;0.0005021095275878906;0.01420283317565918;0.0;0.01557612419128418;1682922.351448
result;243;-1;0.0006771087646484375;0.011097908020019531;0.0;0.012494087219238281;1682922.366074
request;244;1682922.366747
request;245;1682922.368154
request;246;1682922.368550
result;244;-1;0.0007398128509521484;0.0024480819702148438;0.0;0.004063844680786133;1682922.382480
result;246;-1;0.000701904296875;0.011260032653808594;0.0;0.012897968292236328;1682922.399229
result;245;-1;0.0008399486541748047;0.011260032653808594;0.0;0.013154029846191406;1682922.400098
request;247;1682922.411663
request;248;1682922.413172
result;247;-1;-1.4066696166992188e-05;0.005712032318115234;0.0;0.006395101547241211;1682922.429960
result;248;-1;0.0006670951843261719;0.010955095291137695;0.0;0.012539148330688477;1682922.445131
request;249;1682922.457199
request;250;1682922.458352
result;249;-1;0.0003161430358886719;0.0073239803314208984;0.0;0.008373022079467773;1682922.477086
result;250;-1;0.0009400844573974609;0.010330915451049805;0.0;0.01224207878112793;1682922.492099
request;251;1682922.519818
request;252;1682922.521232
request;253;1682922.521556
result;251;-1;0.0006690025329589844;0.00543212890625;0.0;0.006841182708740234;1682922.538887
request;254;1682922.546750
request;255;1682922.547866
result;253;-1;0.00045013427734375;0.011256933212280273;0.0;0.012501001358032227;1682922.552802
result;252;-1;0.0005750656127929688;0.011256933212280273;0.0;0.012722015380859375;1682922.553618
result;254;-1;0.0006890296936035156;0.010885953903198242;0.0;0.012526988983154297;1682922.569721
result;255;-1;0.00028014183044433594;0.012476921081542969;0.0;0.01339101791381836;1682922.585453
request;256;1682922.591572
request;257;1682922.592844
result;256;-1;0.0006480216979980469;0.013263940811157227;0.0;0.014911890029907227;1682922.618068
result;257;-1;0.0008721351623535156;0.010538816452026367;0.0;0.012161016464233398;1682922.633161
request;258;1682922.636674
request;259;1682922.637856
result;258;-1;0.0007259845733642578;0.013589143753051758;0.0;0.015223026275634766;1682922.663200
result;259;-1;0.0002410411834716797;0.012063980102539062;0.0;0.01300811767578125;1682922.678998
request;260;1682922.682578
request;261;1682922.683803
request;262;1682922.684273
result;260;-1;0.0004961490631103516;0.014277935028076172;0.0;0.015546083450317383;1682922.709225
result;262;-1;0.0012459754943847656;0.010249853134155273;0.0;0.012423992156982422;1682922.725287
result;261;-1;0.0003650188446044922;0.011253833770751953;0.0;0.012725830078125;1682922.726059
request;263;1682922.727005
request;264;1682922.728352
result;263;-1;-0.0002999305725097656;0.001439809799194336;0.0;0.0016438961029052734;1682922.739907
result;264;-1;0.0006589889526367188;0.0114898681640625;0.0;0.013090848922729492;1682922.755391
request;265;1682922.771742
request;266;1682922.773045
result;265;-1;0.0007588863372802734;0.003504037857055664;0.0;0.005051851272583008;1682922.788324
result;266;-1;0.0003237724304199219;0.012251138687133789;0.0;0.013505935668945312;1682922.803995
request;267;1682922.817136
request;268;1682922.818424
request;269;1682922.818817
result;267;-1;0.0006759166717529297;0.004427909851074219;0.0;0.00579380989074707;1682922.834227
result;269;-1;0.0012059211730957031;0.011162042617797852;0.0;0.013347148895263672;1682922.850890
result;268;-1;0.0003681182861328125;0.012121915817260742;0.0;0.013668060302734375;1682922.851576
request;270;1682922.862099
request;271;1682922.863301
result;270;-1;0.0005519390106201172;0.0073909759521484375;0.0;0.008848905563354492;1682922.882629
result;271;-1;0.0009770393371582031;0.01141500473022461;0.0;0.013077020645141602;1682922.897846
request;272;1682922.907443
request;273;1682922.908814
result;272;-1;0.0002288818359375;0.009735107421875;0.0;0.010584831237792969;1682922.929949
result;273;-1;-1.6927719116210938e-05;0.0114898681640625;0.0;0.012459993362426758;1682922.946865
request;274;1682922.952301
request;275;1682922.953459
result;274;-1;0.0007469654083251953;0.010763168334960938;0.0;0.012333154678344727;1682922.975980
result;275;-1;0.00025200843811035156;0.012034177780151367;0.0;0.01304006576538086;1682922.991084
request;276;1682922.997844
request;277;1682922.999047
request;278;1682922.999390
result;276;-1;0.0006480216979980469;0.010893106460571289;0.0;0.012316226959228516;1682923.021334
request;279;1682923.042791
request;280;1682923.043412
result;278;-1;0.001146078109741211;0.010843992233276367;0.0;0.012870073318481445;1682923.043763
result;277;-1;0.0002589225769042969;0.011868953704833984;0.0;0.013167858123779297;1682923.044163
result;279;-1;0.0009598731994628906;0.012666940689086914;0.0;0.014523029327392578;1682923.068216
result;280;-1;0.0005979537963867188;0.011837959289550781;0.0;0.013363838195800781;1682923.085012
request;281;1682923.088395
request;282;1682923.089792
result;281;-1;0.0003750324249267578;0.013620138168334961;0.0;0.014869213104248047;1682923.116133
result;282;-1;0.0006549358367919922;0.010144948959350586;0.0;0.011719942092895508;1682923.130263
request;283;1682923.178446
request;284;1682923.180616
request;285;1682923.181069
result;283;-1;0.0008218288421630859;0.013920068740844727;0.0;0.015579938888549805;1682923.208837
request;286;1682923.223483
request;287;1682923.223824
result;285;-1;0.0011909008026123047;0.009762048721313477;0.0;0.011945009231567383;1682923.224302
result;284;-1;0.0003688335418701172;0.010710000991821289;0.0;0.01222085952758789;1682923.224591
result;286;-1;0.0007319450378417969;0.0024280548095703125;0.0;0.003859996795654297;1682923.238789
result;287;-1;0.0003190040588378906;0.011394023895263672;0.0;0.012516021728515625;1682923.254263
request;288;1682923.268321
request;289;1682923.269766
result;288;-1;0.0009350776672363281;0.0026040077209472656;0.0;0.004207134246826172;1682923.286040
result;289;-1;0.0009388923645019531;0.01178598403930664;0.0;0.01363992691040039;1682923.310597
request;290;1682923.312828
request;291;1682923.314035
request;292;1682923.314210
result;290;-1;0.0006849765777587891;0.0072498321533203125;0.0;0.008625030517578125;1682923.336953
result;292;-1;0.00043010711669921875;0.007241964340209961;0.0;0.008619070053100586;1682923.347653
result;291;-1;0.0005590915679931641;0.007241964340209961;0.0;0.008903980255126953;1682923.348586
request;293;1682923.402184
request;294;1682923.403428
request;295;1682923.404773
request;296;1682923.405079
result;293;-1;0.0008749961853027344;0.009794950485229492;0.0;0.011339902877807617;1682923.425617
result;296;-1;0.0011510848999023438;0.01098489761352539;0.0;0.013288021087646484;1682923.441864
result;295;-1;0.0011610984802246094;0.01098489761352539;0.0;0.013396024703979492;1682923.442818
result;294;-1;0.000286102294921875;0.011981964111328125;0.0005941390991210938;0.013588190078735352;1682923.443674
request;297;1682923.447617
request;298;1682923.448948
result;297;-1;0.0008740425109863281;0.011851072311401367;0.0;0.0135040283203125;1682923.472473
result;298;-1;0.0005071163177490234;0.011765003204345703;0.0;0.013072967529296875;1682923.488259
request;299;1682923.492335
request;300;1682923.493651
result;299;-1;0.0003719329833984375;0.014478921890258789;0.0;0.01556396484375;1682923.519117
result;300;[0];0.0003879070281982422;0.010820150375366211;0.006609916687011719;0.018616914749145508;1682923.539385
